synthetic_id,video_id,url,title,description,transcript,topic,seed_binary_label,seed_consistency_label,seed_mismatch_type,seed_support_rationale,generated_negative,source_title_video_id,source_transcript_video_id,title_transcript_similarity,description_transcript_similarity,title_description_similarity,suggested_group_id,label_status,reviewed_binary_label,reviewed_at
SYNNEG00277,SYNNEG00277,https://synthetic.local/watch?v=SYNNEG00277,ආගමික උත්සවය ගැන official update - ගමනාගමන සැලැස්ම,"ආගමික උත්සවය ගැන සියලු official ලේඛන, නම් ලැයිස්තු, දිනයන් සහ රහස් තොරතුරු transcript එකේ සම්පූර්ණයෙන් ඇති බව කියයි.","ගොඩක් අය අහන ප්‍රශ්නයක් වන ආගමික උත්සවය ගැන මෙහි පැහැදිලි කරනවා. video එක පුරාම ප්‍රධාන අවධානය ගමනාගමන සැලැස්ම මතම තියෙනවා. අවසානයේ viewers ලාට නිල update බලලා තීරණ ගන්න කියනවා. මෙය external fact check එකක් නොව title, description සහ transcript එක එකිනෙකට ගැළපෙනවාද කියලා බලන උදාහරණයක්. වැදගත්ම දෙය නම් claim එකට transcript එක තුළ ප්‍රමාණවත් support තියෙනවාද කියලා පරීක්ෂා කිරීමයි.",Religion,False,Inconsistent,description_transcript_mismatch,Description promises detailed evidence that the transcript does not contain.,true,SYN00278,SYN00288,0.136,0.100,0.182,synthetic-religion-synneg00277,new,,
SYNNEG00008,SYNNEG00008,https://synthetic.local/watch?v=SYNNEG00008,දැන්ම බලන්න! mobile app නිසා ලංකාවම කම්පා වෙයි,මෙම video එක 100% තහවුරු වූ breaking news එකක් කියලා overclaim කරයි.,"ගොඩක් අය අහන ප්‍රශ්නයක් වන mobile app ගැන මෙහි පැහැදිලි කරනවා. මෙහිදී source ලෙස සඳහන් කරන්නේ දත්ත ආරක්ෂාව ගැන පැහැදිලි කිරීම යන්නයි. video එක පුරාම ප්‍රධාන අවධානය privacy update මතම තියෙනවා. මෙය external fact check එකක් නොව title, description සහ transcript එක එකිනෙකට ගැළපෙනවාද කියලා බලන උදාහරණයක්. වැදගත්ම දෙය නම් claim එකට transcript එක තුළ ප්‍රමාණවත් support තියෙනවාද කියලා පරීක්ෂා කිරීමයි.",Technology,False,Inconsistent,clickbait_overclaim,Metadata overclaims certainty while transcript is only a general discussion.,true,SYN00089,SYN00099,0.031,0.060,0.000,synthetic-technology-synneg00008,new,,
SYNNEG00396,SYNNEG00396,https://synthetic.local/watch?v=SYNNEG00396,Breaking! අමාත්‍ය මණ්ඩලය ගැන කවුරුත් නොකියන භයානක රහස,අමාත්‍ය මණ්ඩලය සම්බන්ධ නව තීරණ සහ මාධ්‍ය හමුවේ විස්තර ගැන සිංහල පැහැදිලි කිරීමක්.,"ගොඩක් අය අහන ප්‍රශ්නයක් වන අමාත්‍ය මණ්ඩලය ගැන මෙහි පැහැදිලි කරනවා. අවසානයේ viewers ලාට නිල update බලලා තීරණ ගන්න කියනවා. නව තීරණ ගැන කථිකයා පියවරෙන් පියවර පැහැදිලි කරයි. මෙය external fact check එකක් නොව title, description සහ transcript එක එකිනෙකට ගැළපෙනවාද කියලා බලන උදාහරණයක්. වැදගත්ම දෙය නම් claim එකට transcript එක තුළ ප්‍රමාණවත් support තියෙනවාද කියලා පරීක්ෂා කිරීමයි.",Politics,False,Inconsistent,title_transcript_mismatch,Title makes a stronger promise than the transcript supports.,true,SYN00467,SYN00477,0.049,0.113,0.167,synthetic-politics-synneg00396,new,,
SYNNEG00423,SYNNEG00423,https://synthetic.local/watch?v=SYNNEG00423,Breaking! විදුලි බිල් සහනය ගැන කවුරුත් නොකියන භයානක රහස,මෙම video එක 100% තහවුරු වූ breaking news එකක් කියලා overclaim කරයි.,"අද වීඩියෝවෙන් අපි කතා කරන්නේ විදුලි බිල් සහනය ගැනයි. video එක පුරාම ප්‍රධාන අවධානය ගෙවීම් ක්‍රම මතම තියෙනවා. අවසානයේ viewers ලාට නිල update බලලා තීරණ ගන්න කියනවා. මෙය external fact check එකක් නොව title, description සහ transcript එක එකිනෙකට ගැළපෙනවාද කියලා බලන උදාහරණයක්. වැදගත්ම දෙය නම් claim එකට transcript එක තුළ ප්‍රමාණවත් support තියෙනවාද කියලා පරීක්ෂා කිරීමයි.",Finance,False,Inconsistent,clickbait_overclaim,Metadata overclaims certainty while transcript is only a general discussion.,true,SYN00234,SYN00244,0.047,0.061,0.000,synthetic-finance-synneg00423,new,,
SYN00034,SYN00034,https://synthetic.local/watch?v=SYN00034,විදුලි බිල් සහනය ගැන official update - ගෙවීම් ක්‍රම,විදුලි බිල් සහනය සම්බන්ධ ගෙවීම් ක්‍රම සහ පාරිභෝගිකයින්ට උපදෙස් ගැන සිංහල පැහැදිලි කිරීමක්.,"මේ update එකේ ප්‍රධාන කරුණ විදුලි බිල් සහනය සම්බන්ධයෙන් ලැබුණු තොරතුරුයි. video එක පුරාම ප්‍රධාන අවධානය ගෙවීම් ක්‍රම මතම තියෙනවා. අවසානයේ viewers ලාට නිල update බලලා තීරණ ගන්න කියනවා. මෙය external fact check එකක් නොව title, description සහ transcript එක එකිනෙකට ගැළපෙනවාද කියලා බලන උදාහරණයක්. වැදගත්ම දෙය නම් claim එකට transcript එක තුළ ප්‍රමාණවත් support තියෙනවාද කියලා පරීක්ෂා කිරීමයි.",Finance,Not False,Consistent,consistent,"Title, description, and transcript discuss the same subject and supported detail.",false,SYN00034,SYN00034,0.155,0.109,0.412,synthetic-finance-syn00034,new,,
SYN00484,SYN00484,https://synthetic.local/watch?v=SYN00484,බැංකු loan ගැන official update - පොලී අනුපාත update,බැංකු loan සම්බන්ධ පොලී අනුපාත update සහ අයදුම් කිරීමේ කොන්දේසි ගැන සිංහල පැහැදිලි කිරීමක්.,"මේ update එකේ ප්‍රධාන කරුණ බැංකු loan සම්බන්ධයෙන් ලැබුණු තොරතුරුයි. පොලී අනුපාත update ගැන කථිකයා පියවරෙන් පියවර පැහැදිලි කරයි. මෙහිදී source ලෙස සඳහන් කරන්නේ අයදුම් කිරීමේ කොන්දේසි යන්නයි. මෙය external fact check එකක් නොව title, description සහ transcript එක එකිනෙකට ගැළපෙනවාද කියලා බලන උදාහරණයක්. වැදගත්ම දෙය නම් claim එකට transcript එක තුළ ප්‍රමාණවත් support තියෙනවාද කියලා පරීක්ෂා කිරීමයි.",Finance,Not False,Consistent,consistent,"Title, description, and transcript discuss the same subject and supported detail.",false,SYN00484,SYN00484,0.119,0.197,0.438,synthetic-finance-syn00484,new,,
SYN00086,SYN00086,https://synthetic.local/watch?v=SYN00086,vaccine update ගැන official update - රෝහල් ලබාදෙන දිනය,vaccine update සම්බන්ධ රෝහල් ලබාදෙන දිනය සහ වෛද්‍යවරයාගේ උපදෙස් ගැන සිංහල පැහැදිලි කිරීමක්.,"ගොඩක් අය අහන ප්‍රශ්නයක් වන vaccine update ගැන මෙහි පැහැදිලි කරනවා. video එක පුරාම ප්‍රධාන අවධානය රෝහල් ලබාදෙන දිනය මතම තියෙනවා. අවසානයේ viewers ලාට නිල update බලලා තීරණ ගන්න කියනවා. මෙය external fact check එකක් නොව title, description සහ transcript එක එකිනෙකට ගැළපෙනවාද කියලා බලන උදාහරණයක්. වැදගත්ම දෙය නම් claim එකට transcript එක තුළ ප්‍රමාණවත් support තියෙනවාද කියලා පරීක්ෂා කිරීමයි.",Health,Not False,Consistent,consistent,"Title, description, and transcript discuss the same subject and supported detail.",false,SYN00086,SYN00086,0.136,0.138,0.438,synthetic-health-syn00086,new,,
SYNNEG00251,SYNNEG00251,https://synthetic.local/watch?v=SYNNEG00251,ඔවුන් මේක සඟවනවා! පාසල් නිවාඩු ගැන සම්පූර්ණ ඇත්ත,පාසල් නිවාඩු සම්බන්ධ කාලසටහන් වෙනස්වීම සහ අධ්‍යාපන අමාත්‍යාංශ update ගැන සිංහල පැහැදිලි කිරීමක්.,"අද වීඩියෝවෙන් අපි කතා කරන්නේ පාසල් නිවාඩු ගැනයි. කාලසටහන් වෙනස්වීම ගැන කථිකයා පියවරෙන් පියවර පැහැදිලි කරයි. මෙහිදී source ලෙස සඳහන් කරන්නේ අධ්‍යාපන අමාත්‍යාංශ update යන්නයි. මෙය external fact check එකක් නොව title, description සහ transcript එක එකිනෙකට ගැළපෙනවාද කියලා බලන උදාහරණයක්. වැදගත්ම දෙය නම් claim එකට transcript එක තුළ ප්‍රමාණවත් support තියෙනවාද කියලා පරීක්ෂා කිරීමයි.",Education,False,Inconsistent,title_transcript_mismatch,Title makes a stronger promise than the transcript supports.,true,SYN00012,SYN00022,0.048,0.213,0.143,synthetic-education-synneg00251,new,,
SYN00355,SYN00355,https://synthetic.local/watch?v=SYN00355,රජයේ job ගැන official update - අයදුම්පත් කැඳවීම,රජයේ job සම්බන්ධ අයදුම්පත් කැඳවීම සහ සුදුසුකම් සහ අවසන් දිනය ගැන සිංහල පැහැදිලි කිරීමක්.,"මේ update එකේ ප්‍රධාන කරුණ රජයේ job සම්බන්ධයෙන් ලැබුණු තොරතුරුයි. අවසානයේ viewers ලාට නිල update බලලා තීරණ ගන්න කියනවා. අයදුම්පත් කැඳවීම ගැන කථිකයා පියවරෙන් පියවර පැහැදිලි කරයි. මෙය external fact check එකක් නොව title, description සහ transcript එක එකිනෙකට ගැළපෙනවාද කියලා බලන උදාහරණයක්. වැදගත්ම දෙය නම් claim එකට transcript එක තුළ ප්‍රමාණවත් support තියෙනවාද කියලා පරීක්ෂා කිරීමයි.",Government,Not False,Consistent,consistent,"Title, description, and transcript discuss the same subject and supported detail.",false,SYN00355,SYN00355,0.143,0.113,0.312,synthetic-government-syn00355,new,,
SYNNEG00024,SYNNEG00024,https://synthetic.local/watch?v=SYNNEG00024,රජයේ allowance ගැන ලොකු වෙනසක්? සම්පූර්ණ update මෙන්න,රජයේ allowance සම්බන්ධ official අයදුම් ක්‍රමය සහ ලැබිය යුතු පවුල් කාණ්ඩ ගැන සිංහල පැහැදිලි කිරීමක්.,"ගොඩක් අය අහන ප්‍රශ්නයක් වන රජයේ allowance ගැන මෙහි පැහැදිලි කරනවා. මෙහිදී source ලෙස සඳහන් කරන්නේ ලැබිය යුතු පවුල් කාණ්ඩ යන්නයි. video එක පුරාම ප්‍රධාන අවධානය official අයදුම් ක්‍රමය මතම තියෙනවා. මෙය external fact check එකක් නොව title, description සහ transcript එක එකිනෙකට ගැළපෙනවාද කියලා බලන උදාහරණයක්. වැදගත්ම දෙය නම් claim එකට transcript එක තුළ ප්‍රමාණවත් support තියෙනවාද කියලා පරීක්ෂා කිරීමයි.",Government,False,Inconsistent,weak_support,Transcript mentions the topic but does not support the main promised claim.,true,SYN00245,SYN00255,0.044,0.200,0.136,synthetic-government-synneg00024,new,,
SYN00185,SYN00185,https://synthetic.local/watch?v=SYN00185,gazette නිවේදනය ගැන official update - නව නියමයන්,gazette නිවේදනය සම්බන්ධ නව නියමයන් සහ අදාළ දිනය සහ බලපෑම ගැන සිංහල පැහැදිලි කිරීමක්.,"ගොඩක් අය අහන ප්‍රශ්නයක් වන gazette නිවේදනය ගැන මෙහි පැහැදිලි කරනවා. මෙහිදී source ලෙස සඳහන් කරන්නේ අදාළ දිනය සහ බලපෑම යන්නයි. video එක පුරාම ප්‍රධාන අවධානය නව නියමයන් මතම තියෙනවා. මෙය external fact check එකක් නොව title, description සහ transcript එක එකිනෙකට ගැළපෙනවාද කියලා බලන උදාහරණයක්. වැදගත්ම දෙය නම් claim එකට transcript එක තුළ ප්‍රමාණවත් support තියෙනවාද කියලා පරීක්ෂා කිරීමයි.",Government,Not False,Consistent,consistent,"Title, description, and transcript discuss the same subject and supported detail.",false,SYN00185,SYN00185,0.081,0.161,0.312,synthetic-government-syn00185,new,,
SYNNEG00310,SYNNEG00310,https://synthetic.local/watch?v=SYNNEG00310,එළවළු මිල ගැන official update - වෙළඳපොළ update,එළවළු මිල සම්බන්ධ වෙළඳපොළ update සහ කොළඹ සහ දඹුල්ල මිල වෙනස්වීම් ගැන සිංහල පැහැදිලි කිරීමක්.,"අද වීඩියෝවෙන් අපි කතා කරන්නේ ජල සැපයුම ගැනයි. අවසානයේ viewers ලාට නිල update බලලා තීරණ ගන්න කියනවා. ගොවිබිම් සඳහා කාලසටහන ගැන කථිකයා පියවරෙන් පියවර පැහැදිලි කරයි. මෙය external fact check එකක් නොව title, description සහ transcript එක එකිනෙකට ගැළපෙනවාද කියලා බලන උදාහරණයක්. වැදගත්ම දෙය නම් claim එකට transcript එක තුළ ප්‍රමාණවත් support තියෙනවාද කියලා පරීක්ෂා කිරීමයි.",Agriculture,False,Inconsistent,same_topic_swap,Same-topic hard negative: metadata and transcript are from different synthetic videos.,true,SYN00101,SYN00111,0.067,0.076,0.400,synthetic-agriculture-synneg00310,new,,
SYN00419,SYN00419,https://synthetic.local/watch?v=SYN00419,AI tool ගැන official update - සිංහල භාවිතය,AI tool සම්බන්ධ සිංහල භාවිතය සහ නව feature සහ සීමා ගැන සිංහල පැහැදිලි කිරීමක්.,"ගොඩක් අය අහන ප්‍රශ්නයක් වන AI tool ගැන මෙහි පැහැදිලි කරනවා. අවසානයේ viewers ලාට නිල update බලලා තීරණ ගන්න කියනවා. සිංහල භාවිතය ගැන කථිකයා පියවරෙන් පියවර පැහැදිලි කරයි. මෙය external fact check එකක් නොව title, description සහ transcript එක එකිනෙකට ගැළපෙනවාද කියලා බලන උදාහරණයක්. වැදගත්ම දෙය නම් claim එකට transcript එක තුළ ප්‍රමාණවත් support තියෙනවාද කියලා පරීක්ෂා කිරීමයි.",Technology,Not False,Consistent,consistent,"Title, description, and transcript discuss the same subject and supported detail.",false,SYN00419,SYN00419,0.140,0.113,0.333,synthetic-technology-syn00419,new,,
SYNNEG00116,SYNNEG00116,https://synthetic.local/watch?v=SYNNEG00116,Breaking! පාර්ලිමේන්තු විවාදය ගැන කවුරුත් නොකියන භයානක රහස,පාර්ලිමේන්තු විවාදය සම්බන්ධ අද තීරණය සහ මන්ත්‍රීවරුන්ගේ අදහස් ගැන සිංහල පැහැදිලි කිරීමක්.,"ගොඩක් අය අහන ප්‍රශ්නයක් වන පාර්ලිමේන්තු විවාදය ගැන මෙහි පැහැදිලි කරනවා. අවසානයේ viewers ලාට නිල update බලලා තීරණ ගන්න කියනවා. අද තීරණය ගැන කථිකයා පියවරෙන් පියවර පැහැදිලි කරයි. මෙය external fact check එකක් නොව title, description සහ transcript එක එකිනෙකට ගැළපෙනවාද කියලා බලන උදාහරණයක්. වැදගත්ම දෙය නම් claim එකට transcript එක තුළ ප්‍රමාණවත් support තියෙනවාද කියලා පරීක්ෂා කිරීමයි.",Politics,False,Inconsistent,title_transcript_mismatch,Title makes a stronger promise than the transcript supports.,true,SYN00167,SYN00177,0.048,0.111,0.167,synthetic-politics-synneg00116,new,,
SYNNEG00183,SYNNEG00183,https://synthetic.local/watch?v=SYNNEG00183,Breaking! රන් මිල ගැන කවුරුත් නොකියන භයානක රහස,මෙම video එක 100% තහවුරු වූ breaking news එකක් කියලා overclaim කරයි.,"මේ update එකේ ප්‍රධාන කරුණ රන් මිල සම්බන්ධයෙන් ලැබුණු තොරතුරුයි. video එක පුරාම ප්‍රධාන අවධානය අද වෙළඳපොළ තත්ත්වය මතම තියෙනවා. අවසානයේ viewers ලාට නිල update බලලා තීරණ ගන්න කියනවා. මෙය external fact check එකක් නොව title, description සහ transcript එක එකිනෙකට ගැළපෙනවාද කියලා බලන උදාහරණයක්. වැදගත්ම දෙය නම් claim එකට transcript එක තුළ ප්‍රමාණවත් support තියෙනවාද කියලා පරීක්ෂා කිරීමයි.",Finance,False,Inconsistent,clickbait_overclaim,Metadata overclaims certainty while transcript is only a general discussion.,true,SYN00334,SYN00344,0.032,0.062,0.000,synthetic-finance-synneg00183,new,,
SYNNEG00002,SYNNEG00002,https://synthetic.local/watch?v=SYNNEG00002,ටෙලි නාට්‍යය ගැන official update - අලුත් episode,"ටෙලි නාට්‍යය ගැන සියලු official ලේඛන, නම් ලැයිස්තු, දිනයන් සහ රහස් තොරතුරු transcript එකේ සම්පූර්ණයෙන් ඇති බව කියයි.","ගොඩක් අය අහන ප්‍රශ්නයක් වන ටෙලි නාට්‍යය ගැන මෙහි පැහැදිලි කරනවා. අවසානයේ viewers ලාට නිල update බලලා තීරණ ගන්න කියනවා. අලුත් episode ගැන කථිකයා පියවරෙන් පියවර පැහැදිලි කරයි. මෙය external fact check එකක් නොව title, description සහ transcript එක එකිනෙකට ගැළපෙනවාද කියලා බලන උදාහරණයක්. වැදගත්ම දෙය නම් claim එකට transcript එක තුළ ප්‍රමාණවත් support තියෙනවාද කියලා පරීක්ෂා කිරීමයි.",Entertainment,False,Inconsistent,description_transcript_mismatch,Description promises detailed evidence that the transcript does not contain.,true,SYN00023,SYN00033,0.155,0.116,0.217,synthetic-entertainment-synneg00002,new,,
SYNNEG00261,SYNNEG00261,https://synthetic.local/watch?v=SYNNEG00261,දැන්ම බලන්න! ශිෂ්‍යත්ව exam නිසා ලංකාවම කම්පා වෙයි,ශිෂ්‍යත්ව exam සම්බන්ධ අයදුම්පත් දිනය සහ පාසල් මට්ටමේ දැනුම්දීම් ගැන සිංහල පැහැදිලි කිරීමක්.,"මේ update එකේ ප්‍රධාන කරුණ ශිෂ්‍යත්ව exam සම්බන්ධයෙන් ලැබුණු තොරතුරුයි. අයදුම්පත් දිනය ගැන කථිකයා පියවරෙන් පියවර පැහැදිලි කරයි. මෙහිදී source ලෙස සඳහන් කරන්නේ පාසල් මට්ටමේ දැනුම්දීම් යන්නයි. මෙය external fact check එකක් නොව title, description සහ transcript එක එකිනෙකට ගැළපෙනවාද කියලා බලන උදාහරණයක්. වැදගත්ම දෙය නම් claim එකට transcript එක තුළ ප්‍රමාණවත් support තියෙනවාද කියලා පරීක්ෂා කිරීමයි.",Education,False,Inconsistent,title_transcript_mismatch,Title makes a stronger promise than the transcript supports.,true,SYN00112,SYN00122,0.046,0.177,0.150,synthetic-education-synneg00261,new,,
SYN00050,SYN00050,https://synthetic.local/watch?v=SYN00050,වැසි තත්ත්වය ගැන official update - කාලගුණ warning,වැසි තත්ත්වය සම්බන්ධ කාලගුණ warning සහ දිස්ත්‍රික්ක අනුව අනාවැකි ගැන සිංහල පැහැදිලි කිරීමක්.,"ගොඩක් අය අහන ප්‍රශ්නයක් වන වැසි තත්ත්වය ගැන මෙහි පැහැදිලි කරනවා. video එක පුරාම ප්‍රධාන අවධානය කාලගුණ warning මතම තියෙනවා. අවසානයේ viewers ලාට නිල update බලලා තීරණ ගන්න කියනවා. මෙය external fact check එකක් නොව title, description සහ transcript එක එකිනෙකට ගැළපෙනවාද කියලා බලන උදාහරණයක්. වැදගත්ම දෙය නම් claim එකට transcript එක තුළ ප්‍රමාණවත් support තියෙනවාද කියලා පරීක්ෂා කිරීමයි.",Weather,Not False,Consistent,consistent,"Title, description, and transcript discuss the same subject and supported detail.",false,SYN00050,SYN00050,0.150,0.119,0.333,synthetic-weather-syn00050,new,,
SYNNEG00233,SYNNEG00233,https://synthetic.local/watch?v=SYNNEG00233,100% තහවුරුයි! රන් මිල ගැන official තීරණය එළියට,මෙම video එක 100% තහවුරු වූ breaking news එකක් කියලා overclaim කරයි.,"මේ update එකේ ප්‍රධාන කරුණ රන් මිල සම්බන්ධයෙන් ලැබුණු තොරතුරුයි. video එක පුරාම ප්‍රධාන අවධානය අද වෙළඳපොළ තත්ත්වය මතම තියෙනවා. අවසානයේ viewers ලාට නිල update බලලා තීරණ ගන්න කියනවා. මෙය external fact check එකක් නොව title, description සහ transcript එක එකිනෙකට ගැළපෙනවාද කියලා බලන උදාහරණයක්. වැදගත්ම දෙය නම් claim එකට transcript එක තුළ ප්‍රමාණවත් support තියෙනවාද කියලා පරීක්ෂා කිරීමයි.",Finance,False,Inconsistent,clickbait_overclaim,Metadata overclaims certainty while transcript is only a general discussion.,true,SYN00334,SYN00344,0.049,0.062,0.053,synthetic-finance-synneg00233,new,,
SYN00337,SYN00337,https://synthetic.local/watch?v=SYN00337,election update ගැන official update - ඡන්ද දිනය ගැන පැහැදිලි කිරීම,election update සම්බන්ධ ඡන්ද දිනය ගැන පැහැදිලි කිරීම සහ කොමිසමේ නිවේදනය ගැන සිංහල පැහැදිලි කිරීමක්.,"මේ update එකේ ප්‍රධාන කරුණ election update සම්බන්ධයෙන් ලැබුණු තොරතුරුයි. මෙහිදී source ලෙස සඳහන් කරන්නේ කොමිසමේ නිවේදනය යන්නයි. video එක පුරාම ප්‍රධාන අවධානය ඡන්ද දිනය ගැන පැහැදිලි කිරීම මතම තියෙනවා. මෙය external fact check එකක් නොව title, description සහ transcript එක එකිනෙකට ගැළපෙනවාද කියලා බලන උදාහරණයක්. වැදගත්ම දෙය නම් claim එකට transcript එක තුළ ප්‍රමාණවත් support තියෙනවාද කියලා පරීක්ෂා කිරීමයි.",Politics,Not False,Consistent,consistent,"Title, description, and transcript discuss the same subject and supported detail.",false,SYN00337,SYN00337,0.121,0.167,0.500,synthetic-politics-syn00337,new,,
SYN00451,SYN00451,https://synthetic.local/watch?v=SYN00451,තේ වගාව ගැන official update - නව රෝග පාලන ක්‍රම,තේ වගාව සම්බන්ධ නව රෝග පාලන ක්‍රම සහ ගොවීන්ට ලබාදෙන උපදෙස් ගැන සිංහල පැහැදිලි කිරීමක්.,"මේ update එකේ ප්‍රධාන කරුණ තේ වගාව සම්බන්ධයෙන් ලැබුණු තොරතුරුයි. අවසානයේ viewers ලාට නිල update බලලා තීරණ ගන්න කියනවා. නව රෝග පාලන ක්‍රම ගැන කථිකයා පියවරෙන් පියවර පැහැදිලි කරයි. මෙය external fact check එකක් නොව title, description සහ transcript එක එකිනෙකට ගැළපෙනවාද කියලා බලන උදාහරණයක්. වැදගත්ම දෙය නම් claim එකට transcript එක තුළ ප්‍රමාණවත් support තියෙනවාද කියලා පරීක්ෂා කිරීමයි.",Agriculture,Not False,Consistent,consistent,"Title, description, and transcript discuss the same subject and supported detail.",false,SYN00451,SYN00451,0.186,0.154,0.421,synthetic-agriculture-syn00451,new,,
SYNNEG00291,SYNNEG00291,https://synthetic.local/watch?v=SYNNEG00291,ඔවුන් මේක සඟවනවා! පාසල් නිවාඩු ගැන සම්පූර්ණ ඇත්ත,පාසල් නිවාඩු සම්බන්ධ කාලසටහන් වෙනස්වීම සහ අධ්‍යාපන අමාත්‍යාංශ update ගැන සිංහල පැහැදිලි කිරීමක්.,"මේ update එකේ ප්‍රධාන කරුණ පාසල් නිවාඩු සම්බන්ධයෙන් ලැබුණු තොරතුරුයි. කාලසටහන් වෙනස්වීම ගැන කථිකයා පියවරෙන් පියවර පැහැදිලි කරයි. මෙහිදී source ලෙස සඳහන් කරන්නේ අධ්‍යාපන අමාත්‍යාංශ update යන්නයි. මෙය external fact check එකක් නොව title, description සහ transcript එක එකිනෙකට ගැළපෙනවාද කියලා බලන උදාහරණයක්. වැදගත්ම දෙය නම් claim එකට transcript එක තුළ ප්‍රමාණවත් support තියෙනවාද කියලා පරීක්ෂා කිරීමයි.",Education,False,Inconsistent,title_transcript_mismatch,Title makes a stronger promise than the transcript supports.,true,SYN00412,SYN00422,0.047,0.210,0.143,synthetic-education-synneg00291,new,,
SYN00351,SYN00351,https://synthetic.local/watch?v=SYN00351,ජල සැපයුම ගැන official update - ගොවිබිම් සඳහා කාලසටහන,ජල සැපයුම සම්බන්ධ ගොවිබිම් සඳහා කාලසටහන සහ ප්‍රදේශ අනුව ලබාදෙන ජල මුර ගැන සිංහල පැහැදිලි කිරීමක්.,"අද වීඩියෝවෙන් අපි කතා කරන්නේ ජල සැපයුම ගැනයි. අවසානයේ viewers ලාට නිල update බලලා තීරණ ගන්න කියනවා. ගොවිබිම් සඳහා කාලසටහන ගැන කථිකයා පියවරෙන් පියවර පැහැදිලි කරයි. මෙය external fact check එකක් නොව title, description සහ transcript එක එකිනෙකට ගැළපෙනවාද කියලා බලන උදාහරණයක්. වැදගත්ම දෙය නම් claim එකට transcript එක තුළ ප්‍රමාණවත් support තියෙනවාද කියලා පරීක්ෂා කිරීමයි.",Agriculture,Not False,Consistent,consistent,"Title, description, and transcript discuss the same subject and supported detail.",false,SYN00351,SYN00351,0.158,0.141,0.316,synthetic-agriculture-syn00351,new,,
SYN00468,SYN00468,https://synthetic.local/watch?v=SYN00468,පුණ්‍ය කටයුතු ගැන official update - උත්සව සංවිධානය,පුණ්‍ය කටයුතු සම්බන්ධ උත්සව සංවිධානය සහ ප්‍රදේශවාසීන්ට උපදෙස් ගැන සිංහල පැහැදිලි කිරීමක්.,"අද වීඩියෝවෙන් අපි කතා කරන්නේ පුණ්‍ය කටයුතු ගැනයි. උත්සව සංවිධානය ගැන කථිකයා පියවරෙන් පියවර පැහැදිලි කරයි. මෙහිදී source ලෙස සඳහන් කරන්නේ ප්‍රදේශවාසීන්ට උපදෙස් යන්නයි. මෙය external fact check එකක් නොව title, description සහ transcript එක එකිනෙකට ගැළපෙනවාද කියලා බලන උදාහරණයක්. වැදගත්ම දෙය නම් claim එකට transcript එක තුළ ප්‍රමාණවත් support තියෙනවාද කියලා පරීක්ෂා කිරීමයි.",Religion,Not False,Consistent,consistent,"Title, description, and transcript discuss the same subject and supported detail.",false,SYN00468,SYN00468,0.088,0.175,0.312,synthetic-religion-syn00468,new,,
SYNNEG00123,SYNNEG00123,https://synthetic.local/watch?v=SYNNEG00123,Breaking! විදුලි බිල් සහනය ගැන කවුරුත් නොකියන භයානක රහස,මෙම video එක 100% තහවුරු වූ breaking news එකක් කියලා overclaim කරයි.,"අද වීඩියෝවෙන් අපි කතා කරන්නේ විදුලි බිල් සහනය ගැනයි. video එක පුරාම ප්‍රධාන අවධානය ගෙවීම් ක්‍රම මතම තියෙනවා. අවසානයේ viewers ලාට නිල update බලලා තීරණ ගන්න කියනවා. මෙය external fact check එකක් නොව title, description සහ transcript එක එකිනෙකට ගැළපෙනවාද කියලා බලන උදාහරණයක්. වැදගත්ම දෙය නම් claim එකට transcript එක තුළ ප්‍රමාණවත් support තියෙනවාද කියලා පරීක්ෂා කිරීමයි.",Finance,False,Inconsistent,clickbait_overclaim,Metadata overclaims certainty while transcript is only a general discussion.,true,SYN00234,SYN00244,0.047,0.061,0.000,synthetic-finance-synneg00123,new,,
SYN00477,SYN00477,https://synthetic.local/watch?v=SYN00477,පක්ෂ රැස්වීම ගැන official update - ප්‍රතිපත්ති ප්‍රකාශය,පක්ෂ රැස්වීම සම්බන්ධ ප්‍රතිපත්ති ප්‍රකාශය සහ නායකත්වයේ අදහස් ගැන සිංහල පැහැදිලි කිරීමක්.,"අද වීඩියෝවෙන් අපි කතා කරන්නේ පක්ෂ රැස්වීම ගැනයි. මෙහිදී source ලෙස සඳහන් කරන්නේ නායකත්වයේ අදහස් යන්නයි. video එක පුරාම ප්‍රධාන අවධානය ප්‍රතිපත්ති ප්‍රකාශය මතම තියෙනවා. මෙය external fact check එකක් නොව title, description සහ transcript එක එකිනෙකට ගැළපෙනවාද කියලා බලන උදාහරණයක්. වැදගත්ම දෙය නම් claim එකට transcript එක තුළ ප්‍රමාණවත් support තියෙනවාද කියලා පරීක්ෂා කිරීමයි.",Politics,Not False,Consistent,consistent,"Title, description, and transcript discuss the same subject and supported detail.",false,SYN00477,SYN00477,0.086,0.136,0.375,synthetic-politics-syn00477,new,,
SYNNEG00115,SYNNEG00115,https://synthetic.local/watch?v=SYNNEG00115,medicine shortage ගැන official update - රෝහල් තත්ත්වය,medicine shortage සම්බන්ධ රෝහල් තත්ත්වය සහ නිල සැපයුම් update ගැන සිංහල පැහැදිලි කිරීමක්.,"මේ update එකේ ප්‍රධාන කරුණ vaccine update සම්බන්ධයෙන් ලැබුණු තොරතුරුයි. video එක පුරාම ප්‍රධාන අවධානය රෝහල් ලබාදෙන දිනය මතම තියෙනවා. අවසානයේ viewers ලාට නිල update බලලා තීරණ ගන්න කියනවා. මෙය external fact check එකක් නොව title, description සහ transcript එක එකිනෙකට ගැළපෙනවාද කියලා බලන උදාහරණයක්. වැදගත්ම දෙය නම් claim එකට transcript එක තුළ ප්‍රමාණවත් support තියෙනවාද කියලා පරීක්ෂා කිරීමයි.",Health,False,Inconsistent,same_topic_swap,Same-topic hard negative: metadata and transcript are from different synthetic videos.,true,SYN00156,SYN00166,0.068,0.078,0.571,synthetic-health-synneg00115,new,,
SYNNEG00055,SYNNEG00055,https://synthetic.local/watch?v=SYNNEG00055,දියවැඩියාව ගැන official update - ආහාර පාලන ක්‍රම,දියවැඩියාව සම්බන්ධ ආහාර පාලන ක්‍රම සහ doctor පැහැදිලි කිරීම ගැන සිංහල පැහැදිලි කිරීමක්.,"අද වීඩියෝවෙන් අපි කතා කරන්නේ උණ රෝගය ගැනයි. video එක පුරාම ප්‍රධාන අවධානය ලක්ෂණ සහ ප්‍රතිකාර මතම තියෙනවා. අවසානයේ viewers ලාට නිල update බලලා තීරණ ගන්න කියනවා. මෙය external fact check එකක් නොව title, description සහ transcript එක එකිනෙකට ගැළපෙනවාද කියලා බලන උදාහරණයක්. වැදගත්ම දෙය නම් claim එකට transcript එක තුළ ප්‍රමාණවත් support තියෙනවාද කියලා පරීක්ෂා කිරීමයි.",Health,False,Inconsistent,same_topic_swap,Same-topic hard negative: metadata and transcript are from different synthetic videos.,true,SYN00056,SYN00066,0.048,0.029,0.438,synthetic-health-synneg00055,new,,
SYN00366,SYN00366,https://synthetic.local/watch?v=SYN00366,vaccine update ගැන official update - රෝහල් ලබාදෙන දිනය,vaccine update සම්බන්ධ රෝහල් ලබාදෙන දිනය සහ වෛද්‍යවරයාගේ උපදෙස් ගැන සිංහල පැහැදිලි කිරීමක්.,"අද වීඩියෝවෙන් අපි කතා කරන්නේ vaccine update ගැනයි. video එක පුරාම ප්‍රධාන අවධානය රෝහල් ලබාදෙන දිනය මතම තියෙනවා. අවසානයේ viewers ලාට නිල update බලලා තීරණ ගන්න කියනවා. මෙය external fact check එකක් නොව title, description සහ transcript එක එකිනෙකට ගැළපෙනවාද කියලා බලන උදාහරණයක්. වැදගත්ම දෙය නම් claim එකට transcript එක තුළ ප්‍රමාණවත් support තියෙනවාද කියලා පරීක්ෂා කිරීමයි.",Health,Not False,Consistent,consistent,"Title, description, and transcript discuss the same subject and supported detail.",false,SYN00366,SYN00366,0.123,0.109,0.438,synthetic-health-syn00366,new,,
SYNNEG00271,SYNNEG00271,https://synthetic.local/watch?v=SYNNEG00271,ඔවුන් මේක සඟවනවා! පාසල් නිවාඩු ගැන සම්පූර්ණ ඇත්ත,පාසල් නිවාඩු සම්බන්ධ කාලසටහන් වෙනස්වීම සහ අධ්‍යාපන අමාත්‍යාංශ update ගැන සිංහල පැහැදිලි කිරීමක්.,"ගොඩක් අය අහන ප්‍රශ්නයක් වන පාසල් නිවාඩු ගැන මෙහි පැහැදිලි කරනවා. කාලසටහන් වෙනස්වීම ගැන කථිකයා පියවරෙන් පියවර පැහැදිලි කරයි. මෙහිදී source ලෙස සඳහන් කරන්නේ අධ්‍යාපන අමාත්‍යාංශ update යන්නයි. මෙය external fact check එකක් නොව title, description සහ transcript එක එකිනෙකට ගැළපෙනවාද කියලා බලන උදාහරණයක්. වැදගත්ම දෙය නම් claim එකට transcript එක තුළ ප්‍රමාණවත් support තියෙනවාද කියලා පරීක්ෂා කිරීමයි.",Education,False,Inconsistent,title_transcript_mismatch,Title makes a stronger promise than the transcript supports.,true,SYN00212,SYN00222,0.046,0.206,0.143,synthetic-education-synneg00271,new,,
SYNNEG00131,SYNNEG00131,https://synthetic.local/watch?v=SYNNEG00131,ඔවුන් මේක සඟවනවා! ශිෂ්‍යත්ව exam ගැන සම්පූර්ණ ඇත්ත,ශිෂ්‍යත්ව exam සම්බන්ධ අයදුම්පත් දිනය සහ පාසල් මට්ටමේ දැනුම්දීම් ගැන සිංහල පැහැදිලි කිරීමක්.,"අද වීඩියෝවෙන් අපි කතා කරන්නේ ශිෂ්‍යත්ව exam ගැනයි. අයදුම්පත් දිනය ගැන කථිකයා පියවරෙන් පියවර පැහැදිලි කරයි. මෙහිදී source ලෙස සඳහන් කරන්නේ පාසල් මට්ටමේ දැනුම්දීම් යන්නයි. මෙය external fact check එකක් නොව title, description සහ transcript එක එකිනෙකට ගැළපෙනවාද කියලා බලන උදාහරණයක්. වැදගත්ම දෙය නම් claim එකට transcript එක තුළ ප්‍රමාණවත් support තියෙනවාද කියලා පරීක්ෂා කිරීමයි.",Education,False,Inconsistent,title_transcript_mismatch,Title makes a stronger promise than the transcript supports.,true,SYN00312,SYN00322,0.066,0.186,0.211,synthetic-education-synneg00131,new,,
SYNNEG00441,SYNNEG00441,https://synthetic.local/watch?v=SYNNEG00441,දැන්ම බලන්න! පාසල් නිවාඩු නිසා ලංකාවම කම්පා වෙයි,පාසල් නිවාඩු සම්බන්ධ කාලසටහන් වෙනස්වීම සහ අධ්‍යාපන අමාත්‍යාංශ update ගැන සිංහල පැහැදිලි කිරීමක්.,"මේ update එකේ ප්‍රධාන කරුණ පාසල් නිවාඩු සම්බන්ධයෙන් ලැබුණු තොරතුරුයි. කාලසටහන් වෙනස්වීම ගැන කථිකයා පියවරෙන් පියවර පැහැදිලි කරයි. මෙහිදී source ලෙස සඳහන් කරන්නේ අධ්‍යාපන අමාත්‍යාංශ update යන්නයි. මෙය external fact check එකක් නොව title, description සහ transcript එක එකිනෙකට ගැළපෙනවාද කියලා බලන උදාහරණයක්. වැදගත්ම දෙය නම් claim එකට transcript එක තුළ ප්‍රමාණවත් support තියෙනවාද කියලා පරීක්ෂා කිරීමයි.",Education,False,Inconsistent,title_transcript_mismatch,Title makes a stronger promise than the transcript supports.,true,SYN00412,SYN00422,0.031,0.210,0.091,synthetic-education-synneg00441,new,,
SYNNEG00298,SYNNEG00298,https://synthetic.local/watch?v=SYNNEG00298,ඔවුන් මේක සඟවනවා! mobile app ගැන සම්පූර්ණ ඇත්ත,මෙම video එක 100% තහවුරු වූ breaking news එකක් කියලා overclaim කරයි.,"අද වීඩියෝවෙන් අපි කතා කරන්නේ mobile app ගැනයි. මෙහිදී source ලෙස සඳහන් කරන්නේ දත්ත ආරක්ෂාව ගැන පැහැදිලි කිරීම යන්නයි. video එක පුරාම ප්‍රධාන අවධානය privacy update මතම තියෙනවා. මෙය external fact check එකක් නොව title, description සහ transcript එක එකිනෙකට ගැළපෙනවාද කියලා බලන උදාහරණයක්. වැදගත්ම දෙය නම් claim එකට transcript එක තුළ ප්‍රමාණවත් support තියෙනවාද කියලා පරීක්ෂා කිරීමයි.",Technology,False,Inconsistent,clickbait_overclaim,Metadata overclaims certainty while transcript is only a general discussion.,true,SYN00489,SYN00499,0.048,0.062,0.000,synthetic-technology-synneg00298,new,,
SYN00497,SYN00497,https://synthetic.local/watch?v=SYN00497,election update ගැන official update - ඡන්ද දිනය ගැන පැහැදිලි කිරීම,election update සම්බන්ධ ඡන්ද දිනය ගැන පැහැදිලි කිරීම සහ කොමිසමේ නිවේදනය ගැන සිංහල පැහැදිලි කිරීමක්.,"ගොඩක් අය අහන ප්‍රශ්නයක් වන election update ගැන මෙහි පැහැදිලි කරනවා. මෙහිදී source ලෙස සඳහන් කරන්නේ කොමිසමේ නිවේදනය යන්නයි. video එක පුරාම ප්‍රධාන අවධානය ඡන්ද දිනය ගැන පැහැදිලි කිරීම මතම තියෙනවා. මෙය external fact check එකක් නොව title, description සහ transcript එක එකිනෙකට ගැළපෙනවාද කියලා බලන උදාහරණයක්. වැදගත්ම දෙය නම් claim එකට transcript එක තුළ ප්‍රමාණවත් support තියෙනවාද කියලා පරීක්ෂා කිරීමයි.",Politics,Not False,Consistent,consistent,"Title, description, and transcript discuss the same subject and supported detail.",false,SYN00497,SYN00497,0.117,0.161,0.500,synthetic-politics-syn00497,new,,
SYNNEG00425,SYNNEG00425,https://synthetic.local/watch?v=SYNNEG00425,දියවැඩියාව ගැන official update - ආහාර පාලන ක්‍රම,දියවැඩියාව සම්බන්ධ ආහාර පාලන ක්‍රම සහ doctor පැහැදිලි කිරීම ගැන සිංහල පැහැදිලි කිරීමක්.,"ගොඩක් අය අහන ප්‍රශ්නයක් වන උණ රෝගය ගැන මෙහි පැහැදිලි කරනවා. video එක පුරාම ප්‍රධාන අවධානය ලක්ෂණ සහ ප්‍රතිකාර මතම තියෙනවා. අවසානයේ viewers ලාට නිල update බලලා තීරණ ගන්න කියනවා. මෙය external fact check එකක් නොව title, description සහ transcript එක එකිනෙකට ගැළපෙනවාද කියලා බලන උදාහරණයක්. වැදගත්ම දෙය නම් claim එකට transcript එක තුළ ප්‍රමාණවත් support තියෙනවාද කියලා පරීක්ෂා කිරීමයි.",Health,False,Inconsistent,same_topic_swap,Same-topic hard negative: metadata and transcript are from different synthetic videos.,true,SYN00256,SYN00266,0.062,0.058,0.438,synthetic-health-synneg00425,new,,
SYN00370,SYN00370,https://synthetic.local/watch?v=SYN00370,වැසි තත්ත්වය ගැන official update - කාලගුණ warning,වැසි තත්ත්වය සම්බන්ධ කාලගුණ warning සහ දිස්ත්‍රික්ක අනුව අනාවැකි ගැන සිංහල පැහැදිලි කිරීමක්.,"මේ update එකේ ප්‍රධාන කරුණ වැසි තත්ත්වය සම්බන්ධයෙන් ලැබුණු තොරතුරුයි. video එක පුරාම ප්‍රධාන අවධානය කාලගුණ warning මතම තියෙනවා. අවසානයේ viewers ලාට නිල update බලලා තීරණ ගන්න කියනවා. මෙය external fact check එකක් නොව title, description සහ transcript එක එකිනෙකට ගැළපෙනවාද කියලා බලන උදාහරණයක්. වැදගත්ම දෙය නම් claim එකට transcript එක තුළ ප්‍රමාණවත් support තියෙනවාද කියලා පරීක්ෂා කිරීමයි.",Weather,Not False,Consistent,consistent,"Title, description, and transcript discuss the same subject and supported detail.",false,SYN00370,SYN00370,0.140,0.092,0.333,synthetic-weather-syn00370,new,,
SYNNEG00097,SYNNEG00097,https://synthetic.local/watch?v=SYNNEG00097,ආගමික උත්සවය ගැන official update - ගමනාගමන සැලැස්ම,"ආගමික උත්සවය ගැන සියලු official ලේඛන, නම් ලැයිස්තු, දිනයන් සහ රහස් තොරතුරු transcript එකේ සම්පූර්ණයෙන් ඇති බව කියයි.","මේ update එකේ ප්‍රධාන කරුණ ආගමික උත්සවය සම්බන්ධයෙන් ලැබුණු තොරතුරුයි. video එක පුරාම ප්‍රධාන අවධානය ගමනාගමන සැලැස්ම මතම තියෙනවා. අවසානයේ viewers ලාට නිල update බලලා තීරණ ගන්න කියනවා. මෙය external fact check එකක් නොව title, description සහ transcript එක එකිනෙකට ගැළපෙනවාද කියලා බලන උදාහරණයක්. වැදගත්ම දෙය නම් claim එකට transcript එක තුළ ප්‍රමාණවත් support තියෙනවාද කියලා පරීක්ෂා කිරීමයි.",Religion,False,Inconsistent,description_transcript_mismatch,Description promises detailed evidence that the transcript does not contain.,true,SYN00478,SYN00488,0.125,0.106,0.182,synthetic-religion-synneg00097,new,,
SYNNEG00221,SYNNEG00221,https://synthetic.local/watch?v=SYNNEG00221,දැන්ම බලන්න! පාසල් නිවාඩු නිසා ලංකාවම කම්පා වෙයි,පාසල් නිවාඩු සම්බන්ධ කාලසටහන් වෙනස්වීම සහ අධ්‍යාපන අමාත්‍යාංශ update ගැන සිංහල පැහැදිලි කිරීමක්.,"ගොඩක් අය අහන ප්‍රශ්නයක් වන පාසල් නිවාඩු ගැන මෙහි පැහැදිලි කරනවා. කාලසටහන් වෙනස්වීම ගැන කථිකයා පියවරෙන් පියවර පැහැදිලි කරයි. මෙහිදී source ලෙස සඳහන් කරන්නේ අධ්‍යාපන අමාත්‍යාංශ update යන්නයි. මෙය external fact check එකක් නොව title, description සහ transcript එක එකිනෙකට ගැළපෙනවාද කියලා බලන උදාහරණයක්. වැදගත්ම දෙය නම් claim එකට transcript එක තුළ ප්‍රමාණවත් support තියෙනවාද කියලා පරීක්ෂා කිරීමයි.",Education,False,Inconsistent,title_transcript_mismatch,Title makes a stronger promise than the transcript supports.,true,SYN00212,SYN00222,0.030,0.206,0.091,synthetic-education-synneg00221,new,,
SYN00054,SYN00054,https://synthetic.local/watch?v=SYN00054,රන් මිල ගැන official update - අද වෙළඳපොළ තත්ත්වය,රන් මිල සම්බන්ධ අද වෙළඳපොළ තත්ත්වය සහ මිල වෙනස්වීමට හේතු ගැන සිංහල පැහැදිලි කිරීමක්.,"අද වීඩියෝවෙන් අපි කතා කරන්නේ රන් මිල ගැනයි. video එක පුරාම ප්‍රධාන අවධානය අද වෙළඳපොළ තත්ත්වය මතම තියෙනවා. අවසානයේ viewers ලාට නිල update බලලා තීරණ ගන්න කියනවා. මෙය external fact check එකක් නොව title, description සහ transcript එක එකිනෙකට ගැළපෙනවාද කියලා බලන උදාහරණයක්. වැදගත්ම දෙය නම් claim එකට transcript එක තුළ ප්‍රමාණවත් support තියෙනවාද කියලා පරීක්ෂා කිරීමයි.",Finance,Not False,Consistent,consistent,"Title, description, and transcript discuss the same subject and supported detail.",false,SYN00054,SYN00054,0.140,0.095,0.375,synthetic-finance-syn00054,new,,
SYN00427,SYN00427,https://synthetic.local/watch?v=SYN00427,අමාත්‍ය මණ්ඩලය ගැන official update - නව තීරණ,අමාත්‍ය මණ්ඩලය සම්බන්ධ නව තීරණ සහ මාධ්‍ය හමුවේ විස්තර ගැන සිංහල පැහැදිලි කිරීමක්.,"මේ update එකේ ප්‍රධාන කරුණ අමාත්‍ය මණ්ඩලය සම්බන්ධයෙන් ලැබුණු තොරතුරුයි. අවසානයේ viewers ලාට නිල update බලලා තීරණ ගන්න කියනවා. නව තීරණ ගැන කථිකයා පියවරෙන් පියවර පැහැදිලි කරයි. මෙය external fact check එකක් නොව title, description සහ transcript එක එකිනෙකට ගැළපෙනවාද කියලා බලන උදාහරණයක්. වැදගත්ම දෙය නම් claim එකට transcript එක තුළ ප්‍රමාණවත් support තියෙනවාද කියලා පරීක්ෂා කිරීමයි.",Politics,Not False,Consistent,consistent,"Title, description, and transcript discuss the same subject and supported detail.",false,SYN00427,SYN00427,0.145,0.115,0.312,synthetic-politics-syn00427,new,,
SYN00057,SYN00057,https://synthetic.local/watch?v=SYN00057,election update ගැන official update - ඡන්ද දිනය ගැන පැහැදිලි කිරීම,election update සම්බන්ධ ඡන්ද දිනය ගැන පැහැදිලි කිරීම සහ කොමිසමේ නිවේදනය ගැන සිංහල පැහැදිලි කිරීමක්.,"අද වීඩියෝවෙන් අපි කතා කරන්නේ election update ගැනයි. මෙහිදී source ලෙස සඳහන් කරන්නේ කොමිසමේ නිවේදනය යන්නයි. video එක පුරාම ප්‍රධාන අවධානය ඡන්ද දිනය ගැන පැහැදිලි කිරීම මතම තියෙනවා. මෙය external fact check එකක් නොව title, description සහ transcript එක එකිනෙකට ගැළපෙනවාද කියලා බලන උදාහරණයක්. වැදගත්ම දෙය නම් claim එකට transcript එක තුළ ප්‍රමාණවත් support තියෙනවාද කියලා පරීක්ෂා කිරීමයි.",Politics,Not False,Consistent,consistent,"Title, description, and transcript discuss the same subject and supported detail.",false,SYN00057,SYN00057,0.121,0.167,0.500,synthetic-politics-syn00057,new,,
SYN00265,SYN00265,https://synthetic.local/watch?v=SYN00265,gazette නිවේදනය ගැන official update - නව නියමයන්,gazette නිවේදනය සම්බන්ධ නව නියමයන් සහ අදාළ දිනය සහ බලපෑම ගැන සිංහල පැහැදිලි කිරීමක්.,"මේ update එකේ ප්‍රධාන කරුණ gazette නිවේදනය සම්බන්ධයෙන් ලැබුණු තොරතුරුයි. මෙහිදී source ලෙස සඳහන් කරන්නේ අදාළ දිනය සහ බලපෑම යන්නයි. video එක පුරාම ප්‍රධාන අවධානය නව නියමයන් මතම තියෙනවා. මෙය external fact check එකක් නොව title, description සහ transcript එක එකිනෙකට ගැළපෙනවාද කියලා බලන උදාහරණයක්. වැදගත්ම දෙය නම් claim එකට transcript එක තුළ ප්‍රමාණවත් support තියෙනවාද කියලා පරීක්ෂා කිරීමයි.",Government,Not False,Consistent,consistent,"Title, description, and transcript discuss the same subject and supported detail.",false,SYN00265,SYN00265,0.102,0.129,0.312,synthetic-government-syn00265,new,,
SYNNEG00273,SYNNEG00273,https://synthetic.local/watch?v=SYNNEG00273,100% තහවුරුයි! විදුලි බිල් සහනය ගැන official තීරණය එළියට,මෙම video එක 100% තහවුරු වූ breaking news එකක් කියලා overclaim කරයි.,"අද වීඩියෝවෙන් අපි කතා කරන්නේ විදුලි බිල් සහනය ගැනයි. video එක පුරාම ප්‍රධාන අවධානය ගෙවීම් ක්‍රම මතම තියෙනවා. අවසානයේ viewers ලාට නිල update බලලා තීරණ ගන්න කියනවා. මෙය external fact check එකක් නොව title, description සහ transcript එක එකිනෙකට ගැළපෙනවාද කියලා බලන උදාහරණයක්. වැදගත්ම දෙය නම් claim එකට transcript එක තුළ ප්‍රමාණවත් support තියෙනවාද කියලා පරීක්ෂා කිරීමයි.",Finance,False,Inconsistent,clickbait_overclaim,Metadata overclaims certainty while transcript is only a general discussion.,true,SYN00234,SYN00244,0.063,0.061,0.050,synthetic-finance-synneg00273,new,,
SYN00186,SYN00186,https://synthetic.local/watch?v=SYN00186,උණ රෝගය ගැන official update - ලක්ෂණ සහ ප්‍රතිකාර,උණ රෝගය සම්බන්ධ ලක්ෂණ සහ ප්‍රතිකාර සහ සෞඛ්‍ය අංශ අනතුරු ඇඟවීම ගැන සිංහල පැහැදිලි කිරීමක්.,"අද වීඩියෝවෙන් අපි කතා කරන්නේ උණ රෝගය ගැනයි. video එක පුරාම ප්‍රධාන අවධානය ලක්ෂණ සහ ප්‍රතිකාර මතම තියෙනවා. අවසානයේ viewers ලාට නිල update බලලා තීරණ ගන්න කියනවා. මෙය external fact check එකක් නොව title, description සහ transcript එක එකිනෙකට ගැළපෙනවාද කියලා බලන උදාහරණයක්. වැදගත්ම දෙය නම් claim එකට transcript එක තුළ ප්‍රමාණවත් support තියෙනවාද කියලා පරීක්ෂා කිරීමයි.",Health,Not False,Consistent,consistent,"Title, description, and transcript discuss the same subject and supported detail.",false,SYN00186,SYN00186,0.158,0.092,0.389,synthetic-health-syn00186,new,,
SYN00467,SYN00467,https://synthetic.local/watch?v=SYN00467,අමාත්‍ය මණ්ඩලය ගැන official update - නව තීරණ,අමාත්‍ය මණ්ඩලය සම්බන්ධ නව තීරණ සහ මාධ්‍ය හමුවේ විස්තර ගැන සිංහල පැහැදිලි කිරීමක්.,"ගොඩක් අය අහන ප්‍රශ්නයක් වන අමාත්‍ය මණ්ඩලය ගැන මෙහි පැහැදිලි කරනවා. අවසානයේ viewers ලාට නිල update බලලා තීරණ ගන්න කියනවා. නව තීරණ ගැන කථිකයා පියවරෙන් පියවර පැහැදිලි කරයි. මෙය external fact check එකක් නොව title, description සහ transcript එක එකිනෙකට ගැළපෙනවාද කියලා බලන උදාහරණයක්. වැදගත්ම දෙය නම් claim එකට transcript එක තුළ ප්‍රමාණවත් support තියෙනවාද කියලා පරීක්ෂා කිරීමයි.",Politics,Not False,Consistent,consistent,"Title, description, and transcript discuss the same subject and supported detail.",false,SYN00467,SYN00467,0.143,0.113,0.312,synthetic-politics-syn00467,new,,
SYNNEG00290,SYNNEG00290,https://synthetic.local/watch?v=SYNNEG00290,වී වගාව ගැන official update - පොහොර සහනාධාරය,වී වගාව සම්බන්ධ පොහොර සහනාධාරය සහ කෘෂිකර්ම නිලධාරීන්ගේ උපදෙස් ගැන සිංහල පැහැදිලි කිරීමක්.,"අද වීඩියෝවෙන් අපි කතා කරන්නේ තේ වගාව ගැනයි. අවසානයේ viewers ලාට නිල update බලලා තීරණ ගන්න කියනවා. නව රෝග පාලන ක්‍රම ගැන කථිකයා පියවරෙන් පියවර පැහැදිලි කරයි. මෙය external fact check එකක් නොව title, description සහ transcript එක එකිනෙකට ගැළපෙනවාද කියලා බලන උදාහරණයක්. වැදගත්ම දෙය නම් claim එකට transcript එක තුළ ප්‍රමාණවත් support තියෙනවාද කියලා පරීක්ෂා කිරීමයි.",Agriculture,False,Inconsistent,same_topic_swap,Same-topic hard negative: metadata and transcript are from different synthetic videos.,true,SYN00401,SYN00411,0.081,0.059,0.312,synthetic-agriculture-synneg00290,new,,
SYN00175,SYN00175,https://synthetic.local/watch?v=SYN00175,passport සේවාව ගැන official update - online booking update,passport සේවාව සම්බන්ධ online booking update සහ කාර්යාල වේලාවන් ගැන සිංහල පැහැදිලි කිරීමක්.,"මේ update එකේ ප්‍රධාන කරුණ passport සේවාව සම්බන්ධයෙන් ලැබුණු තොරතුරුයි. අවසානයේ viewers ලාට නිල update බලලා තීරණ ගන්න කියනවා. online booking update ගැන කථිකයා පියවරෙන් පියවර පැහැදිලි කරයි. මෙය external fact check එකක් නොව title, description සහ transcript එක එකිනෙකට ගැළපෙනවාද කියලා බලන උදාහරණයක්. වැදගත්ම දෙය නම් claim එකට transcript එක තුළ ප්‍රමාණවත් support තියෙනවාද කියලා පරීක්ෂා කිරීමයි.",Government,Not False,Consistent,consistent,"Title, description, and transcript discuss the same subject and supported detail.",false,SYN00175,SYN00175,0.143,0.148,0.467,synthetic-government-syn00175,new,,
SYN00151,SYN00151,https://synthetic.local/watch?v=SYN00151,ජල සැපයුම ගැන official update - ගොවිබිම් සඳහා කාලසටහන,ජල සැපයුම සම්බන්ධ ගොවිබිම් සඳහා කාලසටහන සහ ප්‍රදේශ අනුව ලබාදෙන ජල මුර ගැන සිංහල පැහැදිලි කිරීමක්.,"මේ update එකේ ප්‍රධාන කරුණ ජල සැපයුම සම්බන්ධයෙන් ලැබුණු තොරතුරුයි. අවසානයේ viewers ලාට නිල update බලලා තීරණ ගන්න කියනවා. ගොවිබිම් සඳහා කාලසටහන ගැන කථිකයා පියවරෙන් පියවර පැහැදිලි කරයි. මෙය external fact check එකක් නොව title, description සහ transcript එක එකිනෙකට ගැළපෙනවාද කියලා බලන උදාහරණයක්. වැදගත්ම දෙය නම් claim එකට transcript එක තුළ ප්‍රමාණවත් support තියෙනවාද කියලා පරීක්ෂා කිරීමයි.",Agriculture,Not False,Consistent,consistent,"Title, description, and transcript discuss the same subject and supported detail.",false,SYN00151,SYN00151,0.158,0.141,0.316,synthetic-agriculture-syn00151,new,,
SYNNEG00242,SYNNEG00242,https://synthetic.local/watch?v=SYNNEG00242,ටෙලි නාට්‍යය ගැන official update - අලුත් episode,"ටෙලි නාට්‍යය ගැන සියලු official ලේඛන, නම් ලැයිස්තු, දිනයන් සහ රහස් තොරතුරු transcript එකේ සම්පූර්ණයෙන් ඇති බව කියයි.","අද වීඩියෝවෙන් අපි කතා කරන්නේ ටෙලි නාට්‍යය ගැනයි. අවසානයේ viewers ලාට නිල update බලලා තීරණ ගන්න කියනවා. අලුත් episode ගැන කථිකයා පියවරෙන් පියවර පැහැදිලි කරයි. මෙය external fact check එකක් නොව title, description සහ transcript එක එකිනෙකට ගැළපෙනවාද කියලා බලන උදාහරණයක්. වැදගත්ම දෙය නම් claim එකට transcript එක තුළ ප්‍රමාණවත් support තියෙනවාද කියලා පරීක්ෂා කිරීමයි.",Entertainment,False,Inconsistent,description_transcript_mismatch,Description promises detailed evidence that the transcript does not contain.,true,SYN00423,SYN00433,0.158,0.118,0.217,synthetic-entertainment-synneg00242,new,,
SYN00114,SYN00114,https://synthetic.local/watch?v=SYN00114,විදුලි බිල් සහනය ගැන official update - ගෙවීම් ක්‍රම,විදුලි බිල් සහනය සම්බන්ධ ගෙවීම් ක්‍රම සහ පාරිභෝගිකයින්ට උපදෙස් ගැන සිංහල පැහැදිලි කිරීමක්.,"අද වීඩියෝවෙන් අපි කතා කරන්නේ විදුලි බිල් සහනය ගැනයි. video එක පුරාම ප්‍රධාන අවධානය ගෙවීම් ක්‍රම මතම තියෙනවා. අවසානයේ viewers ලාට නිල update බලලා තීරණ ගන්න කියනවා. මෙය external fact check එකක් නොව title, description සහ transcript එක එකිනෙකට ගැළපෙනවාද කියලා බලන උදාහරණයක්. වැදගත්ම දෙය නම් claim එකට transcript එක තුළ ප්‍රමාණවත් support තියෙනවාද කියලා පරීක්ෂා කිරීමයි.",Finance,Not False,Consistent,consistent,"Title, description, and transcript discuss the same subject and supported detail.",false,SYN00114,SYN00114,0.153,0.108,0.412,synthetic-finance-syn00114,new,,
SYN00429,SYN00429,https://synthetic.local/watch?v=SYN00429,Facebook account ගැන official update - security warning,Facebook account සම්බන්ධ security warning සහ password ආරක්ෂාව ගැන සිංහල පැහැදිලි කිරීමක්.,"අද වීඩියෝවෙන් අපි කතා කරන්නේ Facebook account ගැනයි. මෙහිදී source ලෙස සඳහන් කරන්නේ password ආරක්ෂාව යන්නයි. video එක පුරාම ප්‍රධාන අවධානය security warning මතම තියෙනවා. මෙය external fact check එකක් නොව title, description සහ transcript එක එකිනෙකට ගැළපෙනවාද කියලා බලන උදාහරණයක්. වැදගත්ම දෙය නම් claim එකට transcript එක තුළ ප්‍රමාණවත් support තියෙනවාද කියලා පරීක්ෂා කිරීමයි.",Technology,Not False,Consistent,consistent,"Title, description, and transcript discuss the same subject and supported detail.",false,SYN00429,SYN00429,0.085,0.133,0.375,synthetic-technology-syn00429,new,,
SYNNEG00466,SYNNEG00466,https://synthetic.local/watch?v=SYNNEG00466,100% තහවුරුයි! පාර්ලිමේන්තු විවාදය ගැන official තීරණය එළියට,පාර්ලිමේන්තු විවාදය සම්බන්ධ අද තීරණය සහ මන්ත්‍රීවරුන්ගේ අදහස් ගැන සිංහල පැහැදිලි කිරීමක්.,"ගොඩක් අය අහන ප්‍රශ්නයක් වන පාර්ලිමේන්තු විවාදය ගැන මෙහි පැහැදිලි කරනවා. අවසානයේ viewers ලාට නිල update බලලා තීරණ ගන්න කියනවා. අද තීරණය ගැන කථිකයා පියවරෙන් පියවර පැහැදිලි කරයි. මෙය external fact check එකක් නොව title, description සහ transcript එක එකිනෙකට ගැළපෙනවාද කියලා බලන උදාහරණයක්. වැදගත්ම දෙය නම් claim එකට transcript එක තුළ ප්‍රමාණවත් support තියෙනවාද කියලා පරීක්ෂා කිරීමයි.",Politics,False,Inconsistent,title_transcript_mismatch,Title makes a stronger promise than the transcript supports.,true,SYN00167,SYN00177,0.083,0.111,0.235,synthetic-politics-synneg00466,new,,
SYN00019,SYN00019,https://synthetic.local/watch?v=SYN00019,AI tool ගැන official update - සිංහල භාවිතය,AI tool සම්බන්ධ සිංහල භාවිතය සහ නව feature සහ සීමා ගැන සිංහල පැහැදිලි කිරීමක්.,"මේ update එකේ ප්‍රධාන කරුණ AI tool සම්බන්ධයෙන් ලැබුණු තොරතුරුයි. අවසානයේ viewers ලාට නිල update බලලා තීරණ ගන්න කියනවා. සිංහල භාවිතය ගැන කථිකයා පියවරෙන් පියවර පැහැදිලි කරයි. මෙය external fact check එකක් නොව title, description සහ transcript එක එකිනෙකට ගැළපෙනවාද කියලා බලන උදාහරණයක්. වැදගත්ම දෙය නම් claim එකට transcript එක තුළ ප්‍රමාණවත් support තියෙනවාද කියලා පරීක්ෂා කිරීමයි.",Technology,Not False,Consistent,consistent,"Title, description, and transcript discuss the same subject and supported detail.",false,SYN00019,SYN00019,0.143,0.115,0.333,synthetic-technology-syn00019,new,,
SYN00190,SYN00190,https://synthetic.local/watch?v=SYN00190,ගංවතුර තත්ත්වය ගැන official update - ජල මට්ටම් update,ගංවතුර තත්ත්වය සම්බන්ධ ජල මට්ටම් update සහ ආපදා කළමනාකරණ උපදෙස් ගැන සිංහල පැහැදිලි කිරීමක්.,"මේ update එකේ ප්‍රධාන කරුණ ගංවතුර තත්ත්වය සම්බන්ධයෙන් ලැබුණු තොරතුරුයි. video එක පුරාම ප්‍රධාන අවධානය ජල මට්ටම් update මතම තියෙනවා. අවසානයේ viewers ලාට නිල update බලලා තීරණ ගන්න කියනවා. මෙය external fact check එකක් නොව title, description සහ transcript එක එකිනෙකට ගැළපෙනවාද කියලා බලන උදාහරණයක්. වැදගත්ම දෙය නම් claim එකට transcript එක තුළ ප්‍රමාණවත් support තියෙනවාද කියලා පරීක්ෂා කිරීමයි.",Weather,Not False,Consistent,consistent,"Title, description, and transcript discuss the same subject and supported detail.",false,SYN00190,SYN00190,0.125,0.111,0.438,synthetic-weather-syn00190,new,,
SYN00415,SYN00415,https://synthetic.local/watch?v=SYN00415,passport සේවාව ගැන official update - online booking update,passport සේවාව සම්බන්ධ online booking update සහ කාර්යාල වේලාවන් ගැන සිංහල පැහැදිලි කිරීමක්.,"මේ update එකේ ප්‍රධාන කරුණ passport සේවාව සම්බන්ධයෙන් ලැබුණු තොරතුරුයි. අවසානයේ viewers ලාට නිල update බලලා තීරණ ගන්න කියනවා. online booking update ගැන කථිකයා පියවරෙන් පියවර පැහැදිලි කරයි. මෙය external fact check එකක් නොව title, description සහ transcript එක එකිනෙකට ගැළපෙනවාද කියලා බලන උදාහරණයක්. වැදගත්ම දෙය නම් claim එකට transcript එක තුළ ප්‍රමාණවත් support තියෙනවාද කියලා පරීක්ෂා කිරීමයි.",Government,Not False,Consistent,consistent,"Title, description, and transcript discuss the same subject and supported detail.",false,SYN00415,SYN00415,0.143,0.148,0.467,synthetic-government-syn00415,new,,
SYNNEG00090,SYNNEG00090,https://synthetic.local/watch?v=SYNNEG00090,වී වගාව ගැන official update - පොහොර සහනාධාරය,වී වගාව සම්බන්ධ පොහොර සහනාධාරය සහ කෘෂිකර්ම නිලධාරීන්ගේ උපදෙස් ගැන සිංහල පැහැදිලි කිරීමක්.,"අද වීඩියෝවෙන් අපි කතා කරන්නේ තේ වගාව ගැනයි. අවසානයේ viewers ලාට නිල update බලලා තීරණ ගන්න කියනවා. නව රෝග පාලන ක්‍රම ගැන කථිකයා පියවරෙන් පියවර පැහැදිලි කරයි. මෙය external fact check එකක් නොව title, description සහ transcript එක එකිනෙකට ගැළපෙනවාද කියලා බලන උදාහරණයක්. වැදගත්ම දෙය නම් claim එකට transcript එක තුළ ප්‍රමාණවත් support තියෙනවාද කියලා පරීක්ෂා කිරීමයි.",Agriculture,False,Inconsistent,same_topic_swap,Same-topic hard negative: metadata and transcript are from different synthetic videos.,true,SYN00401,SYN00411,0.081,0.059,0.312,synthetic-agriculture-synneg00090,new,,
SYNNEG00167,SYNNEG00167,https://synthetic.local/watch?v=SYNNEG00167,ධර්ම දේශනාව ගැන official update - සජීවී වැඩසටහන,"ධර්ම දේශනාව ගැන සියලු official ලේඛන, නම් ලැයිස්තු, දිනයන් සහ රහස් තොරතුරු transcript එකේ සම්පූර්ණයෙන් ඇති බව කියයි.","මේ update එකේ ප්‍රධාන කරුණ ධර්ම දේශනාව සම්බන්ධයෙන් ලැබුණු තොරතුරුයි. video එක පුරාම ප්‍රධාන අවධානය සජීවී වැඩසටහන මතම තියෙනවා. අවසානයේ viewers ලාට නිල update බලලා තීරණ ගන්න කියනවා. මෙය external fact check එකක් නොව title, description සහ transcript එක එකිනෙකට ගැළපෙනවාද කියලා බලන උදාහරණයක්. වැදගත්ම දෙය නම් claim එකට transcript එක තුළ ප්‍රමාණවත් support තියෙනවාද කියලා පරීක්ෂා කිරීමයි.",Religion,False,Inconsistent,description_transcript_mismatch,Description promises detailed evidence that the transcript does not contain.,true,SYN00178,SYN00188,0.125,0.106,0.182,synthetic-religion-synneg00167,new,,
SYNNEG00264,SYNNEG00264,https://synthetic.local/watch?v=SYNNEG00264,gazette නිවේදනය ගැන ලොකු වෙනසක්? සම්පූර්ණ update මෙන්න,gazette නිවේදනය සම්බන්ධ නව නියමයන් සහ අදාළ දිනය සහ බලපෑම ගැන සිංහල පැහැදිලි කිරීමක්.,"මේ update එකේ ප්‍රධාන කරුණ gazette නිවේදනය සම්බන්ධයෙන් ලැබුණු තොරතුරුයි. මෙහිදී source ලෙස සඳහන් කරන්නේ අදාළ දිනය සහ බලපෑම යන්නයි. video එක පුරාම ප්‍රධාන අවධානය නව නියමයන් මතම තියෙනවා. මෙය external fact check එකක් නොව title, description සහ transcript එක එකිනෙකට ගැළපෙනවාද කියලා බලන උදාහරණයක්. වැදගත්ම දෙය නම් claim එකට transcript එක තුළ ප්‍රමාණවත් support තියෙනවාද කියලා පරීක්ෂා කිරීමයි.",Government,False,Inconsistent,weak_support,Transcript mentions the topic but does not support the main promised claim.,true,SYN00145,SYN00155,0.065,0.129,0.158,synthetic-government-synneg00264,new,,
SYN00222,SYN00222,https://synthetic.local/watch?v=SYN00222,විශ්වවිද්‍යාල ප්‍රවේශය ගැන official update - නව cut-off ලකුණු,විශ්වවිද්‍යාල ප්‍රවේශය සම්බන්ධ නව cut-off ලකුණු සහ අයදුම්කරුවන්ට උපදෙස් ගැන සිංහල පැහැදිලි කිරීමක්.,"අද වීඩියෝවෙන් අපි කතා කරන්නේ විශ්වවිද්‍යාල ප්‍රවේශය ගැනයි. video එක පුරාම ප්‍රධාන අවධානය නව cut-off ලකුණු මතම තියෙනවා. අවසානයේ viewers ලාට නිල update බලලා තීරණ ගන්න කියනවා. මෙය external fact check එකක් නොව title, description සහ transcript එක එකිනෙකට ගැළපෙනවාද කියලා බලන උදාහරණයක්. වැදගත්ම දෙය නම් claim එකට transcript එක තුළ ප්‍රමාණවත් support තියෙනවාද කියලා පරීක්ෂා කිරීමයි.",Education,Not False,Consistent,consistent,"Title, description, and transcript discuss the same subject and supported detail.",false,SYN00222,SYN00222,0.183,0.136,0.474,synthetic-education-syn00222,new,,
SYNNEG00087,SYNNEG00087,https://synthetic.local/watch?v=SYNNEG00087,ධර්ම දේශනාව ගැන official update - සජීවී වැඩසටහන,"ධර්ම දේශනාව ගැන සියලු official ලේඛන, නම් ලැයිස්තු, දිනයන් සහ රහස් තොරතුරු transcript එකේ සම්පූර්ණයෙන් ඇති බව කියයි.","අද වීඩියෝවෙන් අපි කතා කරන්නේ ධර්ම දේශනාව ගැනයි. video එක පුරාම ප්‍රධාන අවධානය සජීවී වැඩසටහන මතම තියෙනවා. අවසානයේ viewers ලාට නිල update බලලා තීරණ ගන්න කියනවා. මෙය external fact check එකක් නොව title, description සහ transcript එක එකිනෙකට ගැළපෙනවාද කියලා බලන උදාහරණයක්. වැදගත්ම දෙය නම් claim එකට transcript එක තුළ ප්‍රමාණවත් support තියෙනවාද කියලා පරීක්ෂා කිරීමයි.",Religion,False,Inconsistent,description_transcript_mismatch,Description promises detailed evidence that the transcript does not contain.,true,SYN00378,SYN00388,0.123,0.088,0.182,synthetic-religion-synneg00087,new,,
SYNNEG00082,SYNNEG00082,https://synthetic.local/watch?v=SYNNEG00082,නව චිත්‍රපටය ගැන official update - release දිනය,"නව චිත්‍රපටය ගැන සියලු official ලේඛන, නම් ලැයිස්තු, දිනයන් සහ රහස් තොරතුරු transcript එකේ සම්පූර්ණයෙන් ඇති බව කියයි.","ගොඩක් අය අහන ප්‍රශ්නයක් වන නව චිත්‍රපටය ගැන මෙහි පැහැදිලි කරනවා. අවසානයේ viewers ලාට නිල update බලලා තීරණ ගන්න කියනවා. release දිනය ගැන කථිකයා පියවරෙන් පියවර පැහැදිලි කරයි. මෙය external fact check එකක් නොව title, description සහ transcript එක එකිනෙකට ගැළපෙනවාද කියලා බලන උදාහරණයක්. වැදගත්ම දෙය නම් claim එකට transcript එක තුළ ප්‍රමාණවත් support තියෙනවාද කියලා පරීක්ෂා කිරීමයි.",Entertainment,False,Inconsistent,description_transcript_mismatch,Description promises detailed evidence that the transcript does not contain.,true,SYN00323,SYN00333,0.155,0.116,0.217,synthetic-entertainment-synneg00082,new,,
SYN00300,SYN00300,https://synthetic.local/watch?v=SYN00300,සුළි කුණාටු අවදානම ගැන official update - official forecast,සුළි කුණාටු අවදානම සම්බන්ධ official forecast සහ මුහුදු ප්‍රදේශ අනතුරු ඇඟවීම ගැන සිංහල පැහැදිලි කිරීමක්.,"අද වීඩියෝවෙන් අපි කතා කරන්නේ සුළි කුණාටු අවදානම ගැනයි. official forecast ගැන කථිකයා පියවරෙන් පියවර පැහැදිලි කරයි. මෙහිදී source ලෙස සඳහන් කරන්නේ මුහුදු ප්‍රදේශ අනතුරු ඇඟවීම යන්නයි. මෙය external fact check එකක් නොව title, description සහ transcript එක එකිනෙකට ගැළපෙනවාද කියලා බලන උදාහරණයක්. වැදගත්ම දෙය නම් claim එකට transcript එක තුළ ප්‍රමාණවත් support තියෙනවාද කියලා පරීක්ෂා කිරීමයි.",Weather,Not False,Consistent,consistent,"Title, description, and transcript discuss the same subject and supported detail.",false,SYN00300,SYN00300,0.102,0.217,0.333,synthetic-weather-syn00300,new,,
SYNNEG00139,SYNNEG00139,https://synthetic.local/watch?v=SYNNEG00139,උෂ්ණත්වය සම්බන්ධ නව තීරණයක්ද? ජනතාව අහන ප්‍රශ්න,උෂ්ණත්වය සම්බන්ධ අද දවසේ වෙනස්වීම් සහ සෞඛ්‍ය උපදෙස් ගැන සිංහල පැහැදිලි කිරීමක්.,"මේ update එකේ ප්‍රධාන කරුණ උෂ්ණත්වය සම්බන්ධයෙන් ලැබුණු තොරතුරුයි. අද දවසේ වෙනස්වීම් ගැන කථිකයා පියවරෙන් පියවර පැහැදිලි කරයි. මෙහිදී source ලෙස සඳහන් කරන්නේ සෞඛ්‍ය උපදෙස් යන්නයි. මෙය external fact check එකක් නොව title, description සහ transcript එක එකිනෙකට ගැළපෙනවාද කියලා බලන උදාහරණයක්. වැදගත්ම දෙය නම් claim එකට transcript එක තුළ ප්‍රමාණවත් support තියෙනවාද කියලා පරීක්ෂා කිරීමයි.",Weather,False,Inconsistent,weak_support,Transcript mentions the topic but does not support the main promised claim.,true,SYN00400,SYN00410,0.032,0.150,0.111,synthetic-weather-synneg00139,new,,
SYN00387,SYN00387,https://synthetic.local/watch?v=SYN00387,අමාත්‍ය මණ්ඩලය ගැන official update - නව තීරණ,අමාත්‍ය මණ්ඩලය සම්බන්ධ නව තීරණ සහ මාධ්‍ය හමුවේ විස්තර ගැන සිංහල පැහැදිලි කිරීමක්.,"අද වීඩියෝවෙන් අපි කතා කරන්නේ අමාත්‍ය මණ්ඩලය ගැනයි. අවසානයේ viewers ලාට නිල update බලලා තීරණ ගන්න කියනවා. නව තීරණ ගැන කථිකයා පියවරෙන් පියවර පැහැදිලි කරයි. මෙය external fact check එකක් නොව title, description සහ transcript එක එකිනෙකට ගැළපෙනවාද කියලා බලන උදාහරණයක්. වැදගත්ම දෙය නම් claim එකට transcript එක තුළ ප්‍රමාණවත් support තියෙනවාද කියලා පරීක්ෂා කිරීමයි.",Politics,Not False,Consistent,consistent,"Title, description, and transcript discuss the same subject and supported detail.",false,SYN00387,SYN00387,0.145,0.115,0.312,synthetic-politics-syn00387,new,,
SYN00365,SYN00365,https://synthetic.local/watch?v=SYN00365,රජයේ allowance ගැන official update - official අයදුම් ක්‍රමය,රජයේ allowance සම්බන්ධ official අයදුම් ක්‍රමය සහ ලැබිය යුතු පවුල් කාණ්ඩ ගැන සිංහල පැහැදිලි කිරීමක්.,"ගොඩක් අය අහන ප්‍රශ්නයක් වන රජයේ allowance ගැන මෙහි පැහැදිලි කරනවා. මෙහිදී source ලෙස සඳහන් කරන්නේ ලැබිය යුතු පවුල් කාණ්ඩ යන්නයි. video එක පුරාම ප්‍රධාන අවධානය official අයදුම් ක්‍රමය මතම තියෙනවා. මෙය external fact check එකක් නොව title, description සහ transcript එක එකිනෙකට ගැළපෙනවාද කියලා බලන උදාහරණයක්. වැදගත්ම දෙය නම් claim එකට transcript එක තුළ ප්‍රමාණවත් support තියෙනවාද කියලා පරීක්ෂා කිරීමයි.",Government,Not False,Consistent,consistent,"Title, description, and transcript discuss the same subject and supported detail.",false,SYN00365,SYN00365,0.109,0.200,0.389,synthetic-government-syn00365,new,,
SYNNEG00380,SYNNEG00380,https://synthetic.local/watch?v=SYNNEG00380,එළවළු මිල ගැන official update - වෙළඳපොළ update,එළවළු මිල සම්බන්ධ වෙළඳපොළ update සහ කොළඹ සහ දඹුල්ල මිල වෙනස්වීම් ගැන සිංහල පැහැදිලි කිරීමක්.,"ගොඩක් අය අහන ප්‍රශ්නයක් වන ජල සැපයුම ගැන මෙහි පැහැදිලි කරනවා. අවසානයේ viewers ලාට නිල update බලලා තීරණ ගන්න කියනවා. ගොවිබිම් සඳහා කාලසටහන ගැන කථිකයා පියවරෙන් පියවර පැහැදිලි කරයි. මෙය external fact check එකක් නොව title, description සහ transcript එක එකිනෙකට ගැළපෙනවාද කියලා බලන උදාහරණයක්. වැදගත්ම දෙය නම් claim එකට transcript එක තුළ ප්‍රමාණවත් support තියෙනවාද කියලා පරීක්ෂා කිරීමයි.",Agriculture,False,Inconsistent,same_topic_swap,Same-topic hard negative: metadata and transcript are from different synthetic videos.,true,SYN00301,SYN00311,0.066,0.075,0.400,synthetic-agriculture-synneg00380,new,,
SYN00335,SYN00335,https://synthetic.local/watch?v=SYN00335,passport සේවාව ගැන official update - online booking update,passport සේවාව සම්බන්ධ online booking update සහ කාර්යාල වේලාවන් ගැන සිංහල පැහැදිලි කිරීමක්.,"ගොඩක් අය අහන ප්‍රශ්නයක් වන passport සේවාව ගැන මෙහි පැහැදිලි කරනවා. අවසානයේ viewers ලාට නිල update බලලා තීරණ ගන්න කියනවා. online booking update ගැන කථිකයා පියවරෙන් පියවර පැහැදිලි කරයි. මෙය external fact check එකක් නොව title, description සහ transcript එක එකිනෙකට ගැළපෙනවාද කියලා බලන උදාහරණයක්. වැදගත්ම දෙය නම් claim එකට transcript එක තුළ ප්‍රමාණවත් support තියෙනවාද කියලා පරීක්ෂා කිරීමයි.",Government,Not False,Consistent,consistent,"Title, description, and transcript discuss the same subject and supported detail.",false,SYN00335,SYN00335,0.140,0.145,0.467,synthetic-government-syn00335,new,,
SYN00017,SYN00017,https://synthetic.local/watch?v=SYN00017,election update ගැන official update - ඡන්ද දිනය ගැන පැහැදිලි කිරීම,election update සම්බන්ධ ඡන්ද දිනය ගැන පැහැදිලි කිරීම සහ කොමිසමේ නිවේදනය ගැන සිංහල පැහැදිලි කිරීමක්.,"ගොඩක් අය අහන ප්‍රශ්නයක් වන election update ගැන මෙහි පැහැදිලි කරනවා. මෙහිදී source ලෙස සඳහන් කරන්නේ කොමිසමේ නිවේදනය යන්නයි. video එක පුරාම ප්‍රධාන අවධානය ඡන්ද දිනය ගැන පැහැදිලි කිරීම මතම තියෙනවා. මෙය external fact check එකක් නොව title, description සහ transcript එක එකිනෙකට ගැළපෙනවාද කියලා බලන උදාහරණයක්. වැදගත්ම දෙය නම් claim එකට transcript එක තුළ ප්‍රමාණවත් support තියෙනවාද කියලා පරීක්ෂා කිරීමයි.",Politics,Not False,Consistent,consistent,"Title, description, and transcript discuss the same subject and supported detail.",false,SYN00017,SYN00017,0.117,0.161,0.500,synthetic-politics-syn00017,new,,
SYN00203,SYN00203,https://synthetic.local/watch?v=SYN00203,නව චිත්‍රපටය ගැන official update - release දිනය,නව චිත්‍රපටය සම්බන්ධ release දිනය සහ අධ්‍යක්ෂවරයාගේ පැහැදිලි කිරීම ගැන සිංහල පැහැදිලි කිරීමක්.,"ගොඩක් අය අහන ප්‍රශ්නයක් වන නව චිත්‍රපටය ගැන මෙහි පැහැදිලි කරනවා. අවසානයේ viewers ලාට නිල update බලලා තීරණ ගන්න කියනවා. release දිනය ගැන කථිකයා පියවරෙන් පියවර පැහැදිලි කරයි. මෙය external fact check එකක් නොව title, description සහ transcript එක එකිනෙකට ගැළපෙනවාද කියලා බලන උදාහරණයක්. වැදගත්ම දෙය නම් claim එකට transcript එක තුළ ප්‍රමාණවත් support තියෙනවාද කියලා පරීක්ෂා කිරීමයි.",Entertainment,Not False,Consistent,consistent,"Title, description, and transcript discuss the same subject and supported detail.",false,SYN00203,SYN00203,0.155,0.143,0.438,synthetic-entertainment-syn00203,new,,
SYN00002,SYN00002,https://synthetic.local/watch?v=SYN00002,O/L exam ගැන official update - ප්‍රතිඵල නිකුත් කිරීම,O/L exam සම්බන්ධ ප්‍රතිඵල නිකුත් කිරීම සහ විභාග දෙපාර්තමේන්තුවේ නිවේදනය ගැන සිංහල පැහැදිලි කිරීමක්.,"ගොඩක් අය අහන ප්‍රශ්නයක් වන O/L exam ගැන මෙහි පැහැදිලි කරනවා. video එක පුරාම ප්‍රධාන අවධානය ප්‍රතිඵල නිකුත් කිරීම මතම තියෙනවා. අවසානයේ viewers ලාට නිල update බලලා තීරණ ගන්න කියනවා. මෙය external fact check එකක් නොව title, description සහ transcript එක එකිනෙකට ගැළපෙනවාද කියලා බලන උදාහරණයක්. වැදගත්ම දෙය නම් claim එකට transcript එක තුළ ප්‍රමාණවත් support තියෙනවාද කියලා පරීක්ෂා කිරීමයි.",Education,Not False,Consistent,consistent,"Title, description, and transcript discuss the same subject and supported detail.",false,SYN00002,SYN00002,0.138,0.125,0.375,synthetic-education-syn00002,new,,
SYN00039,SYN00039,https://synthetic.local/watch?v=SYN00039,data package ගැන official update - නව මිල,data package සම්බන්ධ නව මිල සහ telecom company update ගැන සිංහල පැහැදිලි කිරීමක්.,"අද වීඩියෝවෙන් අපි කතා කරන්නේ data package ගැනයි. අවසානයේ viewers ලාට නිල update බලලා තීරණ ගන්න කියනවා. නව මිල ගැන කථිකයා පියවරෙන් පියවර පැහැදිලි කරයි. මෙය external fact check එකක් නොව title, description සහ transcript එක එකිනෙකට ගැළපෙනවාද කියලා බලන උදාහරණයක්. වැදගත්ම දෙය නම් claim එකට transcript එක තුළ ප්‍රමාණවත් support තියෙනවාද කියලා පරීක්ෂා කිරීමයි.",Technology,Not False,Consistent,consistent,"Title, description, and transcript discuss the same subject and supported detail.",false,SYN00039,SYN00039,0.143,0.148,0.467,synthetic-technology-syn00039,new,,
SYN00291,SYN00291,https://synthetic.local/watch?v=SYN00291,තේ වගාව ගැන official update - නව රෝග පාලන ක්‍රම,තේ වගාව සම්බන්ධ නව රෝග පාලන ක්‍රම සහ ගොවීන්ට ලබාදෙන උපදෙස් ගැන සිංහල පැහැදිලි කිරීමක්.,"අද වීඩියෝවෙන් අපි කතා කරන්නේ තේ වගාව ගැනයි. අවසානයේ viewers ලාට නිල update බලලා තීරණ ගන්න කියනවා. නව රෝග පාලන ක්‍රම ගැන කථිකයා පියවරෙන් පියවර පැහැදිලි කරයි. මෙය external fact check එකක් නොව title, description සහ transcript එක එකිනෙකට ගැළපෙනවාද කියලා බලන උදාහරණයක්. වැදගත්ම දෙය නම් claim එකට transcript එක තුළ ප්‍රමාණවත් support තියෙනවාද කියලා පරීක්ෂා කිරීමයි.",Agriculture,Not False,Consistent,consistent,"Title, description, and transcript discuss the same subject and supported detail.",false,SYN00291,SYN00291,0.186,0.154,0.421,synthetic-agriculture-syn00291,new,,
SYN00494,SYN00494,https://synthetic.local/watch?v=SYN00494,රන් මිල ගැන official update - අද වෙළඳපොළ තත්ත්වය,රන් මිල සම්බන්ධ අද වෙළඳපොළ තත්ත්වය සහ මිල වෙනස්වීමට හේතු ගැන සිංහල පැහැදිලි කිරීමක්.,"ගොඩක් අය අහන ප්‍රශ්නයක් වන රන් මිල ගැන මෙහි පැහැදිලි කරනවා. video එක පුරාම ප්‍රධාන අවධානය අද වෙළඳපොළ තත්ත්වය මතම තියෙනවා. අවසානයේ viewers ලාට නිල update බලලා තීරණ ගන්න කියනවා. මෙය external fact check එකක් නොව title, description සහ transcript එක එකිනෙකට ගැළපෙනවාද කියලා බලන උදාහරණයක්. වැදගත්ම දෙය නම් claim එකට transcript එක තුළ ප්‍රමාණවත් support තියෙනවාද කියලා පරීක්ෂා කිරීමයි.",Finance,Not False,Consistent,consistent,"Title, description, and transcript discuss the same subject and supported detail.",false,SYN00494,SYN00494,0.150,0.123,0.375,synthetic-finance-syn00494,new,,
SYN00248,SYN00248,https://synthetic.local/watch?v=SYN00248,පොහොය වැඩසටහන ගැන official update - පන්සල් කාලසටහන,පොහොය වැඩසටහන සම්බන්ධ පන්සල් කාලසටහන සහ දායකයින්ට දැනුම්දීම ගැන සිංහල පැහැදිලි කිරීමක්.,"ගොඩක් අය අහන ප්‍රශ්නයක් වන පොහොය වැඩසටහන ගැන මෙහි පැහැදිලි කරනවා. පන්සල් කාලසටහන ගැන කථිකයා පියවරෙන් පියවර පැහැදිලි කරයි. මෙහිදී source ලෙස සඳහන් කරන්නේ දායකයින්ට දැනුම්දීම යන්නයි. මෙය external fact check එකක් නොව title, description සහ transcript එක එකිනෙකට ගැළපෙනවාද කියලා බලන උදාහරණයක්. වැදගත්ම දෙය නම් claim එකට transcript එක තුළ ප්‍රමාණවත් support තියෙනවාද කියලා පරීක්ෂා කිරීමයි.",Religion,Not False,Consistent,consistent,"Title, description, and transcript discuss the same subject and supported detail.",false,SYN00248,SYN00248,0.085,0.153,0.333,synthetic-religion-syn00248,new,,
SYNNEG00007,SYNNEG00007,https://synthetic.local/watch?v=SYNNEG00007,ආගමික උත්සවය ගැන official update - ගමනාගමන සැලැස්ම,"ආගමික උත්සවය ගැන සියලු official ලේඛන, නම් ලැයිස්තු, දිනයන් සහ රහස් තොරතුරු transcript එකේ සම්පූර්ණයෙන් ඇති බව කියයි.","අද වීඩියෝවෙන් අපි කතා කරන්නේ ආගමික උත්සවය ගැනයි. video එක පුරාම ප්‍රධාන අවධානය ගමනාගමන සැලැස්ම මතම තියෙනවා. අවසානයේ viewers ලාට නිල update බලලා තීරණ ගන්න කියනවා. මෙය external fact check එකක් නොව title, description සහ transcript එක එකිනෙකට ගැළපෙනවාද කියලා බලන උදාහරණයක්. වැදගත්ම දෙය නම් claim එකට transcript එක තුළ ප්‍රමාණවත් support තියෙනවාද කියලා පරීක්ෂා කිරීමයි.",Religion,False,Inconsistent,description_transcript_mismatch,Description promises detailed evidence that the transcript does not contain.,true,SYN00078,SYN00088,0.123,0.088,0.182,synthetic-religion-synneg00007,new,,
SYNNEG00397,SYNNEG00397,https://synthetic.local/watch?v=SYNNEG00397,ආගමික උත්සවය ගැන official update - ගමනාගමන සැලැස්ම,"ආගමික උත්සවය ගැන සියලු official ලේඛන, නම් ලැයිස්තු, දිනයන් සහ රහස් තොරතුරු transcript එකේ සම්පූර්ණයෙන් ඇති බව කියයි.","මේ update එකේ ප්‍රධාන කරුණ ආගමික උත්සවය සම්බන්ධයෙන් ලැබුණු තොරතුරුයි. video එක පුරාම ප්‍රධාන අවධානය ගමනාගමන සැලැස්ම මතම තියෙනවා. අවසානයේ viewers ලාට නිල update බලලා තීරණ ගන්න කියනවා. මෙය external fact check එකක් නොව title, description සහ transcript එක එකිනෙකට ගැළපෙනවාද කියලා බලන උදාහරණයක්. වැදගත්ම දෙය නම් claim එකට transcript එක තුළ ප්‍රමාණවත් support තියෙනවාද කියලා පරීක්ෂා කිරීමයි.",Religion,False,Inconsistent,description_transcript_mismatch,Description promises detailed evidence that the transcript does not contain.,true,SYN00478,SYN00488,0.125,0.106,0.182,synthetic-religion-synneg00397,new,,
SYNNEG00214,SYNNEG00214,https://synthetic.local/watch?v=SYNNEG00214,gazette නිවේදනය සම්බන්ධ නව තීරණයක්ද? ජනතාව අහන ප්‍රශ්න,gazette නිවේදනය සම්බන්ධ නව නියමයන් සහ අදාළ දිනය සහ බලපෑම ගැන සිංහල පැහැදිලි කිරීමක්.,"මේ update එකේ ප්‍රධාන කරුණ gazette නිවේදනය සම්බන්ධයෙන් ලැබුණු තොරතුරුයි. මෙහිදී source ලෙස සඳහන් කරන්නේ අදාළ දිනය සහ බලපෑම යන්නයි. video එක පුරාම ප්‍රධාන අවධානය නව නියමයන් මතම තියෙනවා. මෙය external fact check එකක් නොව title, description සහ transcript එක එකිනෙකට ගැළපෙනවාද කියලා බලන උදාහරණයක්. වැදගත්ම දෙය නම් claim එකට transcript එක තුළ ප්‍රමාණවත් support තියෙනවාද කියලා පරීක්ෂා කිරීමයි.",Government,False,Inconsistent,weak_support,Transcript mentions the topic but does not support the main promised claim.,true,SYN00145,SYN00155,0.065,0.129,0.222,synthetic-government-synneg00214,new,,
SYNNEG00392,SYNNEG00392,https://synthetic.local/watch?v=SYNNEG00392,ටෙලි නාට්‍යය ගැන official update - අලුත් episode,"ටෙලි නාට්‍යය ගැන සියලු official ලේඛන, නම් ලැයිස්තු, දිනයන් සහ රහස් තොරතුරු transcript එකේ සම්පූර්ණයෙන් ඇති බව කියයි.","අද වීඩියෝවෙන් අපි කතා කරන්නේ ටෙලි නාට්‍යය ගැනයි. අවසානයේ viewers ලාට නිල update බලලා තීරණ ගන්න කියනවා. අලුත් episode ගැන කථිකයා පියවරෙන් පියවර පැහැදිලි කරයි. මෙය external fact check එකක් නොව title, description සහ transcript එක එකිනෙකට ගැළපෙනවාද කියලා බලන උදාහරණයක්. වැදගත්ම දෙය නම් claim එකට transcript එක තුළ ප්‍රමාණවත් support තියෙනවාද කියලා පරීක්ෂා කිරීමයි.",Entertainment,False,Inconsistent,description_transcript_mismatch,Description promises detailed evidence that the transcript does not contain.,true,SYN00423,SYN00433,0.158,0.118,0.217,synthetic-entertainment-synneg00392,new,,
SYN00077,SYN00077,https://synthetic.local/watch?v=SYN00077,පක්ෂ රැස්වීම ගැන official update - ප්‍රතිපත්ති ප්‍රකාශය,පක්ෂ රැස්වීම සම්බන්ධ ප්‍රතිපත්ති ප්‍රකාශය සහ නායකත්වයේ අදහස් ගැන සිංහල පැහැදිලි කිරීමක්.,"ගොඩක් අය අහන ප්‍රශ්නයක් වන පක්ෂ රැස්වීම ගැන මෙහි පැහැදිලි කරනවා. මෙහිදී source ලෙස සඳහන් කරන්නේ නායකත්වයේ අදහස් යන්නයි. video එක පුරාම ප්‍රධාන අවධානය ප්‍රතිපත්ති ප්‍රකාශය මතම තියෙනවා. මෙය external fact check එකක් නොව title, description සහ transcript එක එකිනෙකට ගැළපෙනවාද කියලා බලන උදාහරණයක්. වැදගත්ම දෙය නම් claim එකට transcript එක තුළ ප්‍රමාණවත් support තියෙනවාද කියලා පරීක්ෂා කිරීමයි.",Politics,Not False,Consistent,consistent,"Title, description, and transcript discuss the same subject and supported detail.",false,SYN00077,SYN00077,0.098,0.164,0.375,synthetic-politics-syn00077,new,,
SYNNEG00412,SYNNEG00412,https://synthetic.local/watch?v=SYNNEG00412,නව චිත්‍රපටය ගැන official update - release දිනය,"නව චිත්‍රපටය ගැන සියලු official ලේඛන, නම් ලැයිස්තු, දිනයන් සහ රහස් තොරතුරු transcript එකේ සම්පූර්ණයෙන් ඇති බව කියයි.","අද වීඩියෝවෙන් අපි කතා කරන්නේ නව චිත්‍රපටය ගැනයි. අවසානයේ viewers ලාට නිල update බලලා තීරණ ගන්න කියනවා. release දිනය ගැන කථිකයා පියවරෙන් පියවර පැහැදිලි කරයි. මෙය external fact check එකක් නොව title, description සහ transcript එක එකිනෙකට ගැළපෙනවාද කියලා බලන උදාහරණයක්. වැදගත්ම දෙය නම් claim එකට transcript එක තුළ ප්‍රමාණවත් support තියෙනවාද කියලා පරීක්ෂා කිරීමයි.",Entertainment,False,Inconsistent,description_transcript_mismatch,Description promises detailed evidence that the transcript does not contain.,true,SYN00123,SYN00133,0.158,0.118,0.217,synthetic-entertainment-synneg00412,new,,
SYNNEG00293,SYNNEG00293,https://synthetic.local/watch?v=SYNNEG00293,100% තහවුරුයි! විදුලි බිල් සහනය ගැන official තීරණය එළියට,මෙම video එක 100% තහවුරු වූ breaking news එකක් කියලා overclaim කරයි.,"ගොඩක් අය අහන ප්‍රශ්නයක් වන විදුලි බිල් සහනය ගැන මෙහි පැහැදිලි කරනවා. video එක පුරාම ප්‍රධාන අවධානය ගෙවීම් ක්‍රම මතම තියෙනවා. අවසානයේ viewers ලාට නිල update බලලා තීරණ ගන්න කියනවා. මෙය external fact check එකක් නොව title, description සහ transcript එක එකිනෙකට ගැළපෙනවාද කියලා බලන උදාහරණයක්. වැදගත්ම දෙය නම් claim එකට transcript එක තුළ ප්‍රමාණවත් support තියෙනවාද කියලා පරීක්ෂා කිරීමයි.",Finance,False,Inconsistent,clickbait_overclaim,Metadata overclaims certainty while transcript is only a general discussion.,true,SYN00434,SYN00444,0.077,0.058,0.050,synthetic-finance-synneg00293,new,,
SYNNEG00009,SYNNEG00009,https://synthetic.local/watch?v=SYNNEG00009,සුළි කුණාටු අවදානම ගැන ලොකු වෙනසක්? සම්පූර්ණ update මෙන්න,සුළි කුණාටු අවදානම සම්බන්ධ official forecast සහ මුහුදු ප්‍රදේශ අනතුරු ඇඟවීම ගැන සිංහල පැහැදිලි කිරීමක්.,"මේ update එකේ ප්‍රධාන කරුණ සුළි කුණාටු අවදානම සම්බන්ධයෙන් ලැබුණු තොරතුරුයි. official forecast ගැන කථිකයා පියවරෙන් පියවර පැහැදිලි කරයි. මෙහිදී source ලෙස සඳහන් කරන්නේ මුහුදු ප්‍රදේශ අනතුරු ඇඟවීම යන්නයි. මෙය external fact check එකක් නොව title, description සහ transcript එක එකිනෙකට ගැළපෙනවාද කියලා බලන උදාහරණයක්. වැදගත්ම දෙය නම් claim එකට transcript එක තුළ ප්‍රමාණවත් support තියෙනවාද කියලා පරීක්ෂා කිරීමයි.",Weather,False,Inconsistent,weak_support,Transcript mentions the topic but does not support the main promised claim.,true,SYN00100,SYN00110,0.094,0.206,0.182,synthetic-weather-synneg00009,new,,
SYN00178,SYN00178,https://synthetic.local/watch?v=SYN00178,ධර්ම දේශනාව ගැන official update - සජීවී වැඩසටහන,ධර්ම දේශනාව සම්බන්ධ සජීවී වැඩසටහන සහ භික්ෂූන් වහන්සේගේ පැහැදිලි කිරීම ගැන සිංහල පැහැදිලි කිරීමක්.,"මේ update එකේ ප්‍රධාන කරුණ ධර්ම දේශනාව සම්බන්ධයෙන් ලැබුණු තොරතුරුයි. video එක පුරාම ප්‍රධාන අවධානය සජීවී වැඩසටහන මතම තියෙනවා. අවසානයේ viewers ලාට නිල update බලලා තීරණ ගන්න කියනවා. මෙය external fact check එකක් නොව title, description සහ transcript එක එකිනෙකට ගැළපෙනවාද කියලා බලන උදාහරණයක්. වැදගත්ම දෙය නම් claim එකට transcript එක තුළ ප්‍රමාණවත් support තියෙනවාද කියලා පරීක්ෂා කිරීමයි.",Religion,Not False,Consistent,consistent,"Title, description, and transcript discuss the same subject and supported detail.",false,SYN00178,SYN00178,0.125,0.097,0.400,synthetic-religion-syn00178,new,,
SYNNEG00343,SYNNEG00343,https://synthetic.local/watch?v=SYNNEG00343,Breaking! විදුලි බිල් සහනය ගැන කවුරුත් නොකියන භයානක රහස,මෙම video එක 100% තහවුරු වූ breaking news එකක් කියලා overclaim කරයි.,"ගොඩක් අය අහන ප්‍රශ්නයක් වන විදුලි බිල් සහනය ගැන මෙහි පැහැදිලි කරනවා. video එක පුරාම ප්‍රධාන අවධානය ගෙවීම් ක්‍රම මතම තියෙනවා. අවසානයේ viewers ලාට නිල update බලලා තීරණ ගන්න කියනවා. මෙය external fact check එකක් නොව title, description සහ transcript එක එකිනෙකට ගැළපෙනවාද කියලා බලන උදාහරණයක්. වැදගත්ම දෙය නම් claim එකට transcript එක තුළ ප්‍රමාණවත් support තියෙනවාද කියලා පරීක්ෂා කිරීමයි.",Finance,False,Inconsistent,clickbait_overclaim,Metadata overclaims certainty while transcript is only a general discussion.,true,SYN00434,SYN00444,0.061,0.058,0.000,synthetic-finance-synneg00343,new,,
SYN00201,SYN00201,https://synthetic.local/watch?v=SYN00201,වී වගාව ගැන official update - පොහොර සහනාධාරය,වී වගාව සම්බන්ධ පොහොර සහනාධාරය සහ කෘෂිකර්ම නිලධාරීන්ගේ උපදෙස් ගැන සිංහල පැහැදිලි කිරීමක්.,"අද වීඩියෝවෙන් අපි කතා කරන්නේ වී වගාව ගැනයි. මෙහිදී source ලෙස සඳහන් කරන්නේ කෘෂිකර්ම නිලධාරීන්ගේ උපදෙස් යන්නයි. video එක පුරාම ප්‍රධාන අවධානය පොහොර සහනාධාරය මතම තියෙනවා. මෙය external fact check එකක් නොව title, description සහ transcript එක එකිනෙකට ගැළපෙනවාද කියලා බලන උදාහරණයක්. වැදගත්ම දෙය නම් claim එකට transcript එක තුළ ප්‍රමාණවත් support තියෙනවාද කියලා පරීක්ෂා කිරීමයි.",Agriculture,Not False,Consistent,consistent,"Title, description, and transcript discuss the same subject and supported detail.",false,SYN00201,SYN00201,0.068,0.133,0.312,synthetic-agriculture-syn00201,new,,
SYNNEG00266,SYNNEG00266,https://synthetic.local/watch?v=SYNNEG00266,100% තහවුරුයි! පාර්ලිමේන්තු විවාදය ගැන official තීරණය එළියට,පාර්ලිමේන්තු විවාදය සම්බන්ධ අද තීරණය සහ මන්ත්‍රීවරුන්ගේ අදහස් ගැන සිංහල පැහැදිලි කිරීමක්.,"ගොඩක් අය අහන ප්‍රශ්නයක් වන පාර්ලිමේන්තු විවාදය ගැන මෙහි පැහැදිලි කරනවා. අවසානයේ viewers ලාට නිල update බලලා තීරණ ගන්න කියනවා. අද තීරණය ගැන කථිකයා පියවරෙන් පියවර පැහැදිලි කරයි. මෙය external fact check එකක් නොව title, description සහ transcript එක එකිනෙකට ගැළපෙනවාද කියලා බලන උදාහරණයක්. වැදගත්ම දෙය නම් claim එකට transcript එක තුළ ප්‍රමාණවත් support තියෙනවාද කියලා පරීක්ෂා කිරීමයි.",Politics,False,Inconsistent,title_transcript_mismatch,Title makes a stronger promise than the transcript supports.,true,SYN00167,SYN00177,0.083,0.111,0.235,synthetic-politics-synneg00266,new,,
SYNNEG00410,SYNNEG00410,https://synthetic.local/watch?v=SYNNEG00410,එළවළු මිල ගැන official update - වෙළඳපොළ update,එළවළු මිල සම්බන්ධ වෙළඳපොළ update සහ කොළඹ සහ දඹුල්ල මිල වෙනස්වීම් ගැන සිංහල පැහැදිලි කිරීමක්.,"අද වීඩියෝවෙන් අපි කතා කරන්නේ ජල සැපයුම ගැනයි. අවසානයේ viewers ලාට නිල update බලලා තීරණ ගන්න කියනවා. ගොවිබිම් සඳහා කාලසටහන ගැන කථිකයා පියවරෙන් පියවර පැහැදිලි කරයි. මෙය external fact check එකක් නොව title, description සහ transcript එක එකිනෙකට ගැළපෙනවාද කියලා බලන උදාහරණයක්. වැදගත්ම දෙය නම් claim එකට transcript එක තුළ ප්‍රමාණවත් support තියෙනවාද කියලා පරීක්ෂා කිරීමයි.",Agriculture,False,Inconsistent,same_topic_swap,Same-topic hard negative: metadata and transcript are from different synthetic videos.,true,SYN00101,SYN00111,0.067,0.076,0.400,synthetic-agriculture-synneg00410,new,,
SYN00294,SYN00294,https://synthetic.local/watch?v=SYN00294,රන් මිල ගැන official update - අද වෙළඳපොළ තත්ත්වය,රන් මිල සම්බන්ධ අද වෙළඳපොළ තත්ත්වය සහ මිල වෙනස්වීමට හේතු ගැන සිංහල පැහැදිලි කිරීමක්.,"අද වීඩියෝවෙන් අපි කතා කරන්නේ රන් මිල ගැනයි. video එක පුරාම ප්‍රධාන අවධානය අද වෙළඳපොළ තත්ත්වය මතම තියෙනවා. අවසානයේ viewers ලාට නිල update බලලා තීරණ ගන්න කියනවා. මෙය external fact check එකක් නොව title, description සහ transcript එක එකිනෙකට ගැළපෙනවාද කියලා බලන උදාහරණයක්. වැදගත්ම දෙය නම් claim එකට transcript එක තුළ ප්‍රමාණවත් support තියෙනවාද කියලා පරීක්ෂා කිරීමයි.",Finance,Not False,Consistent,consistent,"Title, description, and transcript discuss the same subject and supported detail.",false,SYN00294,SYN00294,0.140,0.095,0.375,synthetic-finance-syn00294,new,,
SYNNEG00039,SYNNEG00039,https://synthetic.local/watch?v=SYNNEG00039,උෂ්ණත්වය ගැන ලොකු වෙනසක්? සම්පූර්ණ update මෙන්න,උෂ්ණත්වය සම්බන්ධ අද දවසේ වෙනස්වීම් සහ සෞඛ්‍ය උපදෙස් ගැන සිංහල පැහැදිලි කිරීමක්.,"මේ update එකේ ප්‍රධාන කරුණ උෂ්ණත්වය සම්බන්ධයෙන් ලැබුණු තොරතුරුයි. අද දවසේ වෙනස්වීම් ගැන කථිකයා පියවරෙන් පියවර පැහැදිලි කරයි. මෙහිදී source ලෙස සඳහන් කරන්නේ සෞඛ්‍ය උපදෙස් යන්නයි. මෙය external fact check එකක් නොව title, description සහ transcript එක එකිනෙකට ගැළපෙනවාද කියලා බලන උදාහරණයක්. වැදගත්ම දෙය නම් claim එකට transcript එක තුළ ප්‍රමාණවත් support තියෙනවාද කියලා පරීක්ෂා කිරීමයි.",Weather,False,Inconsistent,weak_support,Transcript mentions the topic but does not support the main promised claim.,true,SYN00400,SYN00410,0.066,0.150,0.111,synthetic-weather-synneg00039,new,,
SYN00025,SYN00025,https://synthetic.local/watch?v=SYN00025,gazette නිවේදනය ගැන official update - නව නියමයන්,gazette නිවේදනය සම්බන්ධ නව නියමයන් සහ අදාළ දිනය සහ බලපෑම ගැන සිංහල පැහැදිලි කිරීමක්.,"මේ update එකේ ප්‍රධාන කරුණ gazette නිවේදනය සම්බන්ධයෙන් ලැබුණු තොරතුරුයි. මෙහිදී source ලෙස සඳහන් කරන්නේ අදාළ දිනය සහ බලපෑම යන්නයි. video එක පුරාම ප්‍රධාන අවධානය නව නියමයන් මතම තියෙනවා. මෙය external fact check එකක් නොව title, description සහ transcript එක එකිනෙකට ගැළපෙනවාද කියලා බලන උදාහරණයක්. වැදගත්ම දෙය නම් claim එකට transcript එක තුළ ප්‍රමාණවත් support තියෙනවාද කියලා පරීක්ෂා කිරීමයි.",Government,Not False,Consistent,consistent,"Title, description, and transcript discuss the same subject and supported detail.",false,SYN00025,SYN00025,0.102,0.129,0.312,synthetic-government-syn00025,new,,
SYNNEG00195,SYNNEG00195,https://synthetic.local/watch?v=SYNNEG00195,දියවැඩියාව ගැන official update - ආහාර පාලන ක්‍රම,දියවැඩියාව සම්බන්ධ ආහාර පාලන ක්‍රම සහ doctor පැහැදිලි කිරීම ගැන සිංහල පැහැදිලි කිරීමක්.,"මේ update එකේ ප්‍රධාන කරුණ උණ රෝගය සම්බන්ධයෙන් ලැබුණු තොරතුරුයි. video එක පුරාම ප්‍රධාන අවධානය ලක්ෂණ සහ ප්‍රතිකාර මතම තියෙනවා. අවසානයේ viewers ලාට නිල update බලලා තීරණ ගන්න කියනවා. මෙය external fact check එකක් නොව title, description සහ transcript එක එකිනෙකට ගැළපෙනවාද කියලා බලන උදාහරණයක්. වැදගත්ම දෙය නම් claim එකට transcript එක තුළ ප්‍රමාණවත් support තියෙනවාද කියලා පරීක්ෂා කිරීමයි.",Health,False,Inconsistent,same_topic_swap,Same-topic hard negative: metadata and transcript are from different synthetic videos.,true,SYN00456,SYN00466,0.049,0.030,0.438,synthetic-health-synneg00195,new,,
SYN00211,SYN00211,https://synthetic.local/watch?v=SYN00211,තේ වගාව ගැන official update - නව රෝග පාලන ක්‍රම,තේ වගාව සම්බන්ධ නව රෝග පාලන ක්‍රම සහ ගොවීන්ට ලබාදෙන උපදෙස් ගැන සිංහල පැහැදිලි කිරීමක්.,"මේ update එකේ ප්‍රධාන කරුණ තේ වගාව සම්බන්ධයෙන් ලැබුණු තොරතුරුයි. අවසානයේ viewers ලාට නිල update බලලා තීරණ ගන්න කියනවා. නව රෝග පාලන ක්‍රම ගැන කථිකයා පියවරෙන් පියවර පැහැදිලි කරයි. මෙය external fact check එකක් නොව title, description සහ transcript එක එකිනෙකට ගැළපෙනවාද කියලා බලන උදාහරණයක්. වැදගත්ම දෙය නම් claim එකට transcript එක තුළ ප්‍රමාණවත් support තියෙනවාද කියලා පරීක්ෂා කිරීමයි.",Agriculture,Not False,Consistent,consistent,"Title, description, and transcript discuss the same subject and supported detail.",false,SYN00211,SYN00211,0.186,0.154,0.421,synthetic-agriculture-syn00211,new,,
SYN00425,SYN00425,https://synthetic.local/watch?v=SYN00425,gazette නිවේදනය ගැන official update - නව නියමයන්,gazette නිවේදනය සම්බන්ධ නව නියමයන් සහ අදාළ දිනය සහ බලපෑම ගැන සිංහල පැහැදිලි කිරීමක්.,"ගොඩක් අය අහන ප්‍රශ්නයක් වන gazette නිවේදනය ගැන මෙහි පැහැදිලි කරනවා. මෙහිදී source ලෙස සඳහන් කරන්නේ අදාළ දිනය සහ බලපෑම යන්නයි. video එක පුරාම ප්‍රධාන අවධානය නව නියමයන් මතම තියෙනවා. මෙය external fact check එකක් නොව title, description සහ transcript එක එකිනෙකට ගැළපෙනවාද කියලා බලන උදාහරණයක්. වැදගත්ම දෙය නම් claim එකට transcript එක තුළ ප්‍රමාණවත් support තියෙනවාද කියලා පරීක්ෂා කිරීමයි.",Government,Not False,Consistent,consistent,"Title, description, and transcript discuss the same subject and supported detail.",false,SYN00425,SYN00425,0.081,0.161,0.312,synthetic-government-syn00425,new,,
SYNNEG00029,SYNNEG00029,https://synthetic.local/watch?v=SYNNEG00029,සුළි කුණාටු අවදානම ගැන හදිසි warning එකක්ද? අද තත්ත්වය,සුළි කුණාටු අවදානම සම්බන්ධ official forecast සහ මුහුදු ප්‍රදේශ අනතුරු ඇඟවීම ගැන සිංහල පැහැදිලි කිරීමක්.,"අද වීඩියෝවෙන් අපි කතා කරන්නේ සුළි කුණාටු අවදානම ගැනයි. official forecast ගැන කථිකයා පියවරෙන් පියවර පැහැදිලි කරයි. මෙහිදී source ලෙස සඳහන් කරන්නේ මුහුදු ප්‍රදේශ අනතුරු ඇඟවීම යන්නයි. මෙය external fact check එකක් නොව title, description සහ transcript එක එකිනෙකට ගැළපෙනවාද කියලා බලන උදාහරණයක්. වැදගත්ම දෙය නම් claim එකට transcript එක තුළ ප්‍රමාණවත් support තියෙනවාද කියලා පරීක්ෂා කිරීමයි.",Weather,False,Inconsistent,weak_support,Transcript mentions the topic but does not support the main promised claim.,true,SYN00300,SYN00310,0.117,0.217,0.300,synthetic-weather-synneg00029,new,,
SYN00035,SYN00035,https://synthetic.local/watch?v=SYN00035,රජයේ job ගැන official update - අයදුම්පත් කැඳවීම,රජයේ job සම්බන්ධ අයදුම්පත් කැඳවීම සහ සුදුසුකම් සහ අවසන් දිනය ගැන සිංහල පැහැදිලි කිරීමක්.,"ගොඩක් අය අහන ප්‍රශ්නයක් වන රජයේ job ගැන මෙහි පැහැදිලි කරනවා. අවසානයේ viewers ලාට නිල update බලලා තීරණ ගන්න කියනවා. අයදුම්පත් කැඳවීම ගැන කථිකයා පියවරෙන් පියවර පැහැදිලි කරයි. මෙය external fact check එකක් නොව title, description සහ transcript එක එකිනෙකට ගැළපෙනවාද කියලා බලන උදාහරණයක්. වැදගත්ම දෙය නම් claim එකට transcript එක තුළ ප්‍රමාණවත් support තියෙනවාද කියලා පරීක්ෂා කිරීමයි.",Government,Not False,Consistent,consistent,"Title, description, and transcript discuss the same subject and supported detail.",false,SYN00035,SYN00035,0.140,0.111,0.312,synthetic-government-syn00035,new,,
SYNNEG00429,SYNNEG00429,https://synthetic.local/watch?v=SYNNEG00429,සුළි කුණාටු අවදානම ගැන ලොකු වෙනසක්? සම්පූර්ණ update මෙන්න,සුළි කුණාටු අවදානම සම්බන්ධ official forecast සහ මුහුදු ප්‍රදේශ අනතුරු ඇඟවීම ගැන සිංහල පැහැදිලි කිරීමක්.,"අද වීඩියෝවෙන් අපි කතා කරන්නේ සුළි කුණාටු අවදානම ගැනයි. official forecast ගැන කථිකයා පියවරෙන් පියවර පැහැදිලි කරයි. මෙහිදී source ලෙස සඳහන් කරන්නේ මුහුදු ප්‍රදේශ අනතුරු ඇඟවීම යන්නයි. මෙය external fact check එකක් නොව title, description සහ transcript එක එකිනෙකට ගැළපෙනවාද කියලා බලන උදාහරණයක්. වැදගත්ම දෙය නම් claim එකට transcript එක තුළ ප්‍රමාණවත් support තියෙනවාද කියලා පරීක්ෂා කිරීමයි.",Weather,False,Inconsistent,weak_support,Transcript mentions the topic but does not support the main promised claim.,true,SYN00300,SYN00310,0.063,0.217,0.182,synthetic-weather-synneg00429,new,,
SYN00399,SYN00399,https://synthetic.local/watch?v=SYN00399,data package ගැන official update - නව මිල,data package සම්බන්ධ නව මිල සහ telecom company update ගැන සිංහල පැහැදිලි කිරීමක්.,"අද වීඩියෝවෙන් අපි කතා කරන්නේ data package ගැනයි. අවසානයේ viewers ලාට නිල update බලලා තීරණ ගන්න කියනවා. නව මිල ගැන කථිකයා පියවරෙන් පියවර පැහැදිලි කරයි. මෙය external fact check එකක් නොව title, description සහ transcript එක එකිනෙකට ගැළපෙනවාද කියලා බලන උදාහරණයක්. වැදගත්ම දෙය නම් claim එකට transcript එක තුළ ප්‍රමාණවත් support තියෙනවාද කියලා පරීක්ෂා කිරීමයි.",Technology,Not False,Consistent,consistent,"Title, description, and transcript discuss the same subject and supported detail.",false,SYN00399,SYN00399,0.143,0.148,0.467,synthetic-technology-syn00399,new,,
SYNNEG00108,SYNNEG00108,https://synthetic.local/watch?v=SYNNEG00108,දැන්ම බලන්න! mobile app නිසා ලංකාවම කම්පා වෙයි,මෙම video එක 100% තහවුරු වූ breaking news එකක් කියලා overclaim කරයි.,"ගොඩක් අය අහන ප්‍රශ්නයක් වන mobile app ගැන මෙහි පැහැදිලි කරනවා. මෙහිදී source ලෙස සඳහන් කරන්නේ දත්ත ආරක්ෂාව ගැන පැහැදිලි කිරීම යන්නයි. video එක පුරාම ප්‍රධාන අවධානය privacy update මතම තියෙනවා. මෙය external fact check එකක් නොව title, description සහ transcript එක එකිනෙකට ගැළපෙනවාද කියලා බලන උදාහරණයක්. වැදගත්ම දෙය නම් claim එකට transcript එක තුළ ප්‍රමාණවත් support තියෙනවාද කියලා පරීක්ෂා කිරීමයි.",Technology,False,Inconsistent,clickbait_overclaim,Metadata overclaims certainty while transcript is only a general discussion.,true,SYN00089,SYN00099,0.031,0.060,0.000,synthetic-technology-synneg00108,new,,
SYN00299,SYN00299,https://synthetic.local/watch?v=SYN00299,AI tool ගැන official update - සිංහල භාවිතය,AI tool සම්බන්ධ සිංහල භාවිතය සහ නව feature සහ සීමා ගැන සිංහල පැහැදිලි කිරීමක්.,"ගොඩක් අය අහන ප්‍රශ්නයක් වන AI tool ගැන මෙහි පැහැදිලි කරනවා. අවසානයේ viewers ලාට නිල update බලලා තීරණ ගන්න කියනවා. සිංහල භාවිතය ගැන කථිකයා පියවරෙන් පියවර පැහැදිලි කරයි. මෙය external fact check එකක් නොව title, description සහ transcript එක එකිනෙකට ගැළපෙනවාද කියලා බලන උදාහරණයක්. වැදගත්ම දෙය නම් claim එකට transcript එක තුළ ප්‍රමාණවත් support තියෙනවාද කියලා පරීක්ෂා කිරීමයි.",Technology,Not False,Consistent,consistent,"Title, description, and transcript discuss the same subject and supported detail.",false,SYN00299,SYN00299,0.140,0.113,0.333,synthetic-technology-syn00299,new,,
SYNNEG00349,SYNNEG00349,https://synthetic.local/watch?v=SYNNEG00349,සුළි කුණාටු අවදානම සම්බන්ධ නව තීරණයක්ද? ජනතාව අහන ප්‍රශ්න,සුළි කුණාටු අවදානම සම්බන්ධ official forecast සහ මුහුදු ප්‍රදේශ අනතුරු ඇඟවීම ගැන සිංහල පැහැදිලි කිරීමක්.,"ගොඩක් අය අහන ප්‍රශ්නයක් වන සුළි කුණාටු අවදානම ගැන මෙහි පැහැදිලි කරනවා. official forecast ගැන කථිකයා පියවරෙන් පියවර පැහැදිලි කරයි. මෙහිදී source ලෙස සඳහන් කරන්නේ මුහුදු ප්‍රදේශ අනතුරු ඇඟවීම යන්නයි. මෙය external fact check එකක් නොව title, description සහ transcript එක එකිනෙකට ගැළපෙනවාද කියලා බලන උදාහරණයක්. වැදගත්ම දෙය නම් claim එකට transcript එක තුළ ප්‍රමාණවත් support තියෙනවාද කියලා පරීක්ෂා කිරීමයි.",Weather,False,Inconsistent,weak_support,Transcript mentions the topic but does not support the main promised claim.,true,SYN00500,SYN00010,0.078,0.210,0.238,synthetic-weather-synneg00349,new,,
SYNNEG00169,SYNNEG00169,https://synthetic.local/watch?v=SYNNEG00169,උෂ්ණත්වය සම්බන්ධ නව තීරණයක්ද? ජනතාව අහන ප්‍රශ්න,උෂ්ණත්වය සම්බන්ධ අද දවසේ වෙනස්වීම් සහ සෞඛ්‍ය උපදෙස් ගැන සිංහල පැහැදිලි කිරීමක්.,"ගොඩක් අය අහන ප්‍රශ්නයක් වන උෂ්ණත්වය ගැන මෙහි පැහැදිලි කරනවා. අද දවසේ වෙනස්වීම් ගැන කථිකයා පියවරෙන් පියවර පැහැදිලි කරයි. මෙහිදී source ලෙස සඳහන් කරන්නේ සෞඛ්‍ය උපදෙස් යන්නයි. මෙය external fact check එකක් නොව title, description සහ transcript එක එකිනෙකට ගැළපෙනවාද කියලා බලන උදාහරණයක්. වැදගත්ම දෙය නම් claim එකට transcript එක තුළ ප්‍රමාණවත් support තියෙනවාද කියලා පරීක්ෂා කිරීමයි.",Weather,False,Inconsistent,weak_support,Transcript mentions the topic but does not support the main promised claim.,true,SYN00200,SYN00210,0.049,0.153,0.111,synthetic-weather-synneg00169,new,,
SYN00283,SYN00283,https://synthetic.local/watch?v=SYN00283,නව චිත්‍රපටය ගැන official update - release දිනය,නව චිත්‍රපටය සම්බන්ධ release දිනය සහ අධ්‍යක්ෂවරයාගේ පැහැදිලි කිරීම ගැන සිංහල පැහැදිලි කිරීමක්.,"මේ update එකේ ප්‍රධාන කරුණ නව චිත්‍රපටය සම්බන්ධයෙන් ලැබුණු තොරතුරුයි. අවසානයේ viewers ලාට නිල update බලලා තීරණ ගන්න කියනවා. release දිනය ගැන කථිකයා පියවරෙන් පියවර පැහැදිලි කරයි. මෙය external fact check එකක් නොව title, description සහ transcript එක එකිනෙකට ගැළපෙනවාද කියලා බලන උදාහරණයක්. වැදගත්ම දෙය නම් claim එකට transcript එක තුළ ප්‍රමාණවත් support තියෙනවාද කියලා පරීක්ෂා කිරීමයි.",Entertainment,Not False,Consistent,consistent,"Title, description, and transcript discuss the same subject and supported detail.",false,SYN00283,SYN00283,0.158,0.145,0.438,synthetic-entertainment-syn00283,new,,
SYNNEG00440,SYNNEG00440,https://synthetic.local/watch?v=SYNNEG00440,වී වගාව ගැන official update - පොහොර සහනාධාරය,වී වගාව සම්බන්ධ පොහොර සහනාධාරය සහ කෘෂිකර්ම නිලධාරීන්ගේ උපදෙස් ගැන සිංහල පැහැදිලි කිරීමක්.,"අද වීඩියෝවෙන් අපි කතා කරන්නේ තේ වගාව ගැනයි. අවසානයේ viewers ලාට නිල update බලලා තීරණ ගන්න කියනවා. නව රෝග පාලන ක්‍රම ගැන කථිකයා පියවරෙන් පියවර පැහැදිලි කරයි. මෙය external fact check එකක් නොව title, description සහ transcript එක එකිනෙකට ගැළපෙනවාද කියලා බලන උදාහරණයක්. වැදගත්ම දෙය නම් claim එකට transcript එක තුළ ප්‍රමාණවත් support තියෙනවාද කියලා පරීක්ෂා කිරීමයි.",Agriculture,False,Inconsistent,same_topic_swap,Same-topic hard negative: metadata and transcript are from different synthetic videos.,true,SYN00401,SYN00411,0.081,0.059,0.312,synthetic-agriculture-synneg00440,new,,
SYNNEG00445,SYNNEG00445,https://synthetic.local/watch?v=SYNNEG00445,දියවැඩියාව ගැන official update - ආහාර පාලන ක්‍රම,දියවැඩියාව සම්බන්ධ ආහාර පාලන ක්‍රම සහ doctor පැහැදිලි කිරීම ගැන සිංහල පැහැදිලි කිරීමක්.,"මේ update එකේ ප්‍රධාන කරුණ උණ රෝගය සම්බන්ධයෙන් ලැබුණු තොරතුරුයි. video එක පුරාම ප්‍රධාන අවධානය ලක්ෂණ සහ ප්‍රතිකාර මතම තියෙනවා. අවසානයේ viewers ලාට නිල update බලලා තීරණ ගන්න කියනවා. මෙය external fact check එකක් නොව title, description සහ transcript එක එකිනෙකට ගැළපෙනවාද කියලා බලන උදාහරණයක්. වැදගත්ම දෙය නම් claim එකට transcript එක තුළ ප්‍රමාණවත් support තියෙනවාද කියලා පරීක්ෂා කිරීමයි.",Health,False,Inconsistent,same_topic_swap,Same-topic hard negative: metadata and transcript are from different synthetic videos.,true,SYN00456,SYN00466,0.049,0.030,0.438,synthetic-health-synneg00445,new,,
SYNNEG00107,SYNNEG00107,https://synthetic.local/watch?v=SYNNEG00107,ආගමික උත්සවය ගැන official update - ගමනාගමන සැලැස්ම,"ආගමික උත්සවය ගැන සියලු official ලේඛන, නම් ලැයිස්තු, දිනයන් සහ රහස් තොරතුරු transcript එකේ සම්පූර්ණයෙන් ඇති බව කියයි.","අද වීඩියෝවෙන් අපි කතා කරන්නේ ආගමික උත්සවය ගැනයි. video එක පුරාම ප්‍රධාන අවධානය ගමනාගමන සැලැස්ම මතම තියෙනවා. අවසානයේ viewers ලාට නිල update බලලා තීරණ ගන්න කියනවා. මෙය external fact check එකක් නොව title, description සහ transcript එක එකිනෙකට ගැළපෙනවාද කියලා බලන උදාහරණයක්. වැදගත්ම දෙය නම් claim එකට transcript එක තුළ ප්‍රමාණවත් support තියෙනවාද කියලා පරීක්ෂා කිරීමයි.",Religion,False,Inconsistent,description_transcript_mismatch,Description promises detailed evidence that the transcript does not contain.,true,SYN00078,SYN00088,0.123,0.088,0.182,synthetic-religion-synneg00107,new,,
SYNNEG00460,SYNNEG00460,https://synthetic.local/watch?v=SYNNEG00460,එළවළු මිල ගැන official update - වෙළඳපොළ update,එළවළු මිල සම්බන්ධ වෙළඳපොළ update සහ කොළඹ සහ දඹුල්ල මිල වෙනස්වීම් ගැන සිංහල පැහැදිලි කිරීමක්.,"අද වීඩියෝවෙන් අපි කතා කරන්නේ ජල සැපයුම ගැනයි. අවසානයේ viewers ලාට නිල update බලලා තීරණ ගන්න කියනවා. ගොවිබිම් සඳහා කාලසටහන ගැන කථිකයා පියවරෙන් පියවර පැහැදිලි කරයි. මෙය external fact check එකක් නොව title, description සහ transcript එක එකිනෙකට ගැළපෙනවාද කියලා බලන උදාහරණයක්. වැදගත්ම දෙය නම් claim එකට transcript එක තුළ ප්‍රමාණවත් support තියෙනවාද කියලා පරීක්ෂා කිරීමයි.",Agriculture,False,Inconsistent,same_topic_swap,Same-topic hard negative: metadata and transcript are from different synthetic videos.,true,SYN00101,SYN00111,0.067,0.076,0.400,synthetic-agriculture-synneg00460,new,,
SYNNEG00435,SYNNEG00435,https://synthetic.local/watch?v=SYNNEG00435,medicine shortage ගැන official update - රෝහල් තත්ත්වය,medicine shortage සම්බන්ධ රෝහල් තත්ත්වය සහ නිල සැපයුම් update ගැන සිංහල පැහැදිලි කිරීමක්.,"අද වීඩියෝවෙන් අපි කතා කරන්නේ vaccine update ගැනයි. video එක පුරාම ප්‍රධාන අවධානය රෝහල් ලබාදෙන දිනය මතම තියෙනවා. අවසානයේ viewers ලාට නිල update බලලා තීරණ ගන්න කියනවා. මෙය external fact check එකක් නොව title, description සහ transcript එක එකිනෙකට ගැළපෙනවාද කියලා බලන උදාහරණයක්. වැදගත්ම දෙය නම් claim එකට transcript එක තුළ ප්‍රමාණවත් support තියෙනවාද කියලා පරීක්ෂා කිරීමයි.",Health,False,Inconsistent,same_topic_swap,Same-topic hard negative: metadata and transcript are from different synthetic videos.,true,SYN00356,SYN00366,0.067,0.077,0.571,synthetic-health-synneg00435,new,,
SYNNEG00232,SYNNEG00232,https://synthetic.local/watch?v=SYNNEG00232,නව චිත්‍රපටය ගැන official update - release දිනය,"නව චිත්‍රපටය ගැන සියලු official ලේඛන, නම් ලැයිස්තු, දිනයන් සහ රහස් තොරතුරු transcript එකේ සම්පූර්ණයෙන් ඇති බව කියයි.","ගොඩක් අය අහන ප්‍රශ්නයක් වන නව චිත්‍රපටය ගැන මෙහි පැහැදිලි කරනවා. අවසානයේ viewers ලාට නිල update බලලා තීරණ ගන්න කියනවා. release දිනය ගැන කථිකයා පියවරෙන් පියවර පැහැදිලි කරයි. මෙය external fact check එකක් නොව title, description සහ transcript එක එකිනෙකට ගැළපෙනවාද කියලා බලන උදාහරණයක්. වැදගත්ම දෙය නම් claim එකට transcript එක තුළ ප්‍රමාණවත් support තියෙනවාද කියලා පරීක්ෂා කිරීමයි.",Entertainment,False,Inconsistent,description_transcript_mismatch,Description promises detailed evidence that the transcript does not contain.,true,SYN00323,SYN00333,0.155,0.116,0.217,synthetic-entertainment-synneg00232,new,,
SYN00288,SYN00288,https://synthetic.local/watch?v=SYN00288,පොහොය වැඩසටහන ගැන official update - පන්සල් කාලසටහන,පොහොය වැඩසටහන සම්බන්ධ පන්සල් කාලසටහන සහ දායකයින්ට දැනුම්දීම ගැන සිංහල පැහැදිලි කිරීමක්.,"අද වීඩියෝවෙන් අපි කතා කරන්නේ පොහොය වැඩසටහන ගැනයි. පන්සල් කාලසටහන ගැන කථිකයා පියවරෙන් පියවර පැහැදිලි කරයි. මෙහිදී source ලෙස සඳහන් කරන්නේ දායකයින්ට දැනුම්දීම යන්නයි. මෙය external fact check එකක් නොව title, description සහ transcript එක එකිනෙකට ගැළපෙනවාද කියලා බලන උදාහරණයක්. වැදගත්ම දෙය නම් claim එකට transcript එක තුළ ප්‍රමාණවත් support තියෙනවාද කියලා පරීක්ෂා කිරීමයි.",Religion,Not False,Consistent,consistent,"Title, description, and transcript discuss the same subject and supported detail.",false,SYN00288,SYN00288,0.088,0.158,0.333,synthetic-religion-syn00288,new,,
SYNNEG00028,SYNNEG00028,https://synthetic.local/watch?v=SYNNEG00028,දැන්ම බලන්න! mobile app නිසා ලංකාවම කම්පා වෙයි,මෙම video එක 100% තහවුරු වූ breaking news එකක් කියලා overclaim කරයි.,"මේ update එකේ ප්‍රධාන කරුණ mobile app සම්බන්ධයෙන් ලැබුණු තොරතුරුයි. මෙහිදී source ලෙස සඳහන් කරන්නේ දත්ත ආරක්ෂාව ගැන පැහැදිලි කිරීම යන්නයි. video එක පුරාම ප්‍රධාන අවධානය privacy update මතම තියෙනවා. මෙය external fact check එකක් නොව title, description සහ transcript එක එකිනෙකට ගැළපෙනවාද කියලා බලන උදාහරණයක්. වැදගත්ම දෙය නම් claim එකට transcript එක තුළ ප්‍රමාණවත් support තියෙනවාද කියලා පරීක්ෂා කිරීමයි.",Technology,False,Inconsistent,clickbait_overclaim,Metadata overclaims certainty while transcript is only a general discussion.,true,SYN00289,SYN00299,0.032,0.062,0.000,synthetic-technology-synneg00028,new,,
SYNNEG00308,SYNNEG00308,https://synthetic.local/watch?v=SYNNEG00308,දැන්ම බලන්න! mobile app නිසා ලංකාවම කම්පා වෙයි,මෙම video එක 100% තහවුරු වූ breaking news එකක් කියලා overclaim කරයි.,"ගොඩක් අය අහන ප්‍රශ්නයක් වන mobile app ගැන මෙහි පැහැදිලි කරනවා. මෙහිදී source ලෙස සඳහන් කරන්නේ දත්ත ආරක්ෂාව ගැන පැහැදිලි කිරීම යන්නයි. video එක පුරාම ප්‍රධාන අවධානය privacy update මතම තියෙනවා. මෙය external fact check එකක් නොව title, description සහ transcript එක එකිනෙකට ගැළපෙනවාද කියලා බලන උදාහරණයක්. වැදගත්ම දෙය නම් claim එකට transcript එක තුළ ප්‍රමාණවත් support තියෙනවාද කියලා පරීක්ෂා කිරීමයි.",Technology,False,Inconsistent,clickbait_overclaim,Metadata overclaims certainty while transcript is only a general discussion.,true,SYN00089,SYN00099,0.031,0.060,0.000,synthetic-technology-synneg00308,new,,
SYN00230,SYN00230,https://synthetic.local/watch?v=SYN00230,ගංවතුර තත්ත්වය ගැන official update - ජල මට්ටම් update,ගංවතුර තත්ත්වය සම්බන්ධ ජල මට්ටම් update සහ ආපදා කළමනාකරණ උපදෙස් ගැන සිංහල පැහැදිලි කිරීමක්.,"ගොඩක් අය අහන ප්‍රශ්නයක් වන ගංවතුර තත්ත්වය ගැන මෙහි පැහැදිලි කරනවා. video එක පුරාම ප්‍රධාන අවධානය ජල මට්ටම් update මතම තියෙනවා. අවසානයේ viewers ලාට නිල update බලලා තීරණ ගන්න කියනවා. මෙය external fact check එකක් නොව title, description සහ transcript එක එකිනෙකට ගැළපෙනවාද කියලා බලන උදාහරණයක්. වැදගත්ම දෙය නම් claim එකට transcript එක තුළ ප්‍රමාණවත් support තියෙනවාද කියලා පරීක්ෂා කිරීමයි.",Weather,Not False,Consistent,consistent,"Title, description, and transcript discuss the same subject and supported detail.",false,SYN00230,SYN00230,0.136,0.138,0.438,synthetic-weather-syn00230,new,,
SYN00437,SYN00437,https://synthetic.local/watch?v=SYN00437,පක්ෂ රැස්වීම ගැන official update - ප්‍රතිපත්ති ප්‍රකාශය,පක්ෂ රැස්වීම සම්බන්ධ ප්‍රතිපත්ති ප්‍රකාශය සහ නායකත්වයේ අදහස් ගැන සිංහල පැහැදිලි කිරීමක්.,"ගොඩක් අය අහන ප්‍රශ්නයක් වන පක්ෂ රැස්වීම ගැන මෙහි පැහැදිලි කරනවා. මෙහිදී source ලෙස සඳහන් කරන්නේ නායකත්වයේ අදහස් යන්නයි. video එක පුරාම ප්‍රධාන අවධානය ප්‍රතිපත්ති ප්‍රකාශය මතම තියෙනවා. මෙය external fact check එකක් නොව title, description සහ transcript එක එකිනෙකට ගැළපෙනවාද කියලා බලන උදාහරණයක්. වැදගත්ම දෙය නම් claim එකට transcript එක තුළ ප්‍රමාණවත් support තියෙනවාද කියලා පරීක්ෂා කිරීමයි.",Politics,Not False,Consistent,consistent,"Title, description, and transcript discuss the same subject and supported detail.",false,SYN00437,SYN00437,0.098,0.164,0.375,synthetic-politics-syn00437,new,,
SYN00029,SYN00029,https://synthetic.local/watch?v=SYN00029,Facebook account ගැන official update - security warning,Facebook account සම්බන්ධ security warning සහ password ආරක්ෂාව ගැන සිංහල පැහැදිලි කිරීමක්.,"ගොඩක් අය අහන ප්‍රශ්නයක් වන Facebook account ගැන මෙහි පැහැදිලි කරනවා. මෙහිදී source ලෙස සඳහන් කරන්නේ password ආරක්ෂාව යන්නයි. video එක පුරාම ප්‍රධාන අවධානය security warning මතම තියෙනවා. මෙය external fact check එකක් නොව title, description සහ transcript එක එකිනෙකට ගැළපෙනවාද කියලා බලන උදාහරණයක්. වැදගත්ම දෙය නම් claim එකට transcript එක තුළ ප්‍රමාණවත් support තියෙනවාද කියලා පරීක්ෂා කිරීමයි.",Technology,Not False,Consistent,consistent,"Title, description, and transcript discuss the same subject and supported detail.",false,SYN00029,SYN00029,0.097,0.161,0.375,synthetic-technology-syn00029,new,,
SYN00375,SYN00375,https://synthetic.local/watch?v=SYN00375,passport සේවාව ගැන official update - online booking update,passport සේවාව සම්බන්ධ online booking update සහ කාර්යාල වේලාවන් ගැන සිංහල පැහැදිලි කිරීමක්.,"අද වීඩියෝවෙන් අපි කතා කරන්නේ passport සේවාව ගැනයි. අවසානයේ viewers ලාට නිල update බලලා තීරණ ගන්න කියනවා. online booking update ගැන කථිකයා පියවරෙන් පියවර පැහැදිලි කරයි. මෙය external fact check එකක් නොව title, description සහ transcript එක එකිනෙකට ගැළපෙනවාද කියලා බලන උදාහරණයක්. වැදගත්ම දෙය නම් claim එකට transcript එක තුළ ප්‍රමාණවත් support තියෙනවාද කියලා පරීක්ෂා කිරීමයි.",Government,Not False,Consistent,consistent,"Title, description, and transcript discuss the same subject and supported detail.",false,SYN00375,SYN00375,0.143,0.148,0.467,synthetic-government-syn00375,new,,
SYNNEG00320,SYNNEG00320,https://synthetic.local/watch?v=SYNNEG00320,වී වගාව ගැන official update - පොහොර සහනාධාරය,වී වගාව සම්බන්ධ පොහොර සහනාධාරය සහ කෘෂිකර්ම නිලධාරීන්ගේ උපදෙස් ගැන සිංහල පැහැදිලි කිරීමක්.,"මේ update එකේ ප්‍රධාන කරුණ තේ වගාව සම්බන්ධයෙන් ලැබුණු තොරතුරුයි. අවසානයේ viewers ලාට නිල update බලලා තීරණ ගන්න කියනවා. නව රෝග පාලන ක්‍රම ගැන කථිකයා පියවරෙන් පියවර පැහැදිලි කරයි. මෙය external fact check එකක් නොව title, description සහ transcript එක එකිනෙකට ගැළපෙනවාද කියලා බලන උදාහරණයක්. වැදගත්ම දෙය නම් claim එකට transcript එක තුළ ප්‍රමාණවත් support තියෙනවාද කියලා පරීක්ෂා කිරීමයි.",Agriculture,False,Inconsistent,same_topic_swap,Same-topic hard negative: metadata and transcript are from different synthetic videos.,true,SYN00201,SYN00211,0.081,0.059,0.312,synthetic-agriculture-synneg00320,new,,
SYN00317,SYN00317,https://synthetic.local/watch?v=SYN00317,පක්ෂ රැස්වීම ගැන official update - ප්‍රතිපත්ති ප්‍රකාශය,පක්ෂ රැස්වීම සම්බන්ධ ප්‍රතිපත්ති ප්‍රකාශය සහ නායකත්වයේ අදහස් ගැන සිංහල පැහැදිලි කිරීමක්.,"ගොඩක් අය අහන ප්‍රශ්නයක් වන පක්ෂ රැස්වීම ගැන මෙහි පැහැදිලි කරනවා. මෙහිදී source ලෙස සඳහන් කරන්නේ නායකත්වයේ අදහස් යන්නයි. video එක පුරාම ප්‍රධාන අවධානය ප්‍රතිපත්ති ප්‍රකාශය මතම තියෙනවා. මෙය external fact check එකක් නොව title, description සහ transcript එක එකිනෙකට ගැළපෙනවාද කියලා බලන උදාහරණයක්. වැදගත්ම දෙය නම් claim එකට transcript එක තුළ ප්‍රමාණවත් support තියෙනවාද කියලා පරීක්ෂා කිරීමයි.",Politics,Not False,Consistent,consistent,"Title, description, and transcript discuss the same subject and supported detail.",false,SYN00317,SYN00317,0.098,0.164,0.375,synthetic-politics-syn00317,new,,
SYNNEG00061,SYNNEG00061,https://synthetic.local/watch?v=SYNNEG00061,දැන්ම බලන්න! ශිෂ්‍යත්ව exam නිසා ලංකාවම කම්පා වෙයි,ශිෂ්‍යත්ව exam සම්බන්ධ අයදුම්පත් දිනය සහ පාසල් මට්ටමේ දැනුම්දීම් ගැන සිංහල පැහැදිලි කිරීමක්.,"මේ update එකේ ප්‍රධාන කරුණ ශිෂ්‍යත්ව exam සම්බන්ධයෙන් ලැබුණු තොරතුරුයි. අයදුම්පත් දිනය ගැන කථිකයා පියවරෙන් පියවර පැහැදිලි කරයි. මෙහිදී source ලෙස සඳහන් කරන්නේ පාසල් මට්ටමේ දැනුම්දීම් යන්නයි. මෙය external fact check එකක් නොව title, description සහ transcript එක එකිනෙකට ගැළපෙනවාද කියලා බලන උදාහරණයක්. වැදගත්ම දෙය නම් claim එකට transcript එක තුළ ප්‍රමාණවත් support තියෙනවාද කියලා පරීක්ෂා කිරීමයි.",Education,False,Inconsistent,title_transcript_mismatch,Title makes a stronger promise than the transcript supports.,true,SYN00112,SYN00122,0.046,0.177,0.150,synthetic-education-synneg00061,new,,
SYN00242,SYN00242,https://synthetic.local/watch?v=SYN00242,O/L exam ගැන official update - ප්‍රතිඵල නිකුත් කිරීම,O/L exam සම්බන්ධ ප්‍රතිඵල නිකුත් කිරීම සහ විභාග දෙපාර්තමේන්තුවේ නිවේදනය ගැන සිංහල පැහැදිලි කිරීමක්.,"ගොඩක් අය අහන ප්‍රශ්නයක් වන O/L exam ගැන මෙහි පැහැදිලි කරනවා. video එක පුරාම ප්‍රධාන අවධානය ප්‍රතිඵල නිකුත් කිරීම මතම තියෙනවා. අවසානයේ viewers ලාට නිල update බලලා තීරණ ගන්න කියනවා. මෙය external fact check එකක් නොව title, description සහ transcript එක එකිනෙකට ගැළපෙනවාද කියලා බලන උදාහරණයක්. වැදගත්ම දෙය නම් claim එකට transcript එක තුළ ප්‍රමාණවත් support තියෙනවාද කියලා පරීක්ෂා කිරීමයි.",Education,Not False,Consistent,consistent,"Title, description, and transcript discuss the same subject and supported detail.",false,SYN00242,SYN00242,0.138,0.125,0.375,synthetic-education-syn00242,new,,
SYN00150,SYN00150,https://synthetic.local/watch?v=SYN00150,ගංවතුර තත්ත්වය ගැන official update - ජල මට්ටම් update,ගංවතුර තත්ත්වය සම්බන්ධ ජල මට්ටම් update සහ ආපදා කළමනාකරණ උපදෙස් ගැන සිංහල පැහැදිලි කිරීමක්.,"අද වීඩියෝවෙන් අපි කතා කරන්නේ ගංවතුර තත්ත්වය ගැනයි. video එක පුරාම ප්‍රධාන අවධානය ජල මට්ටම් update මතම තියෙනවා. අවසානයේ viewers ලාට නිල update බලලා තීරණ ගන්න කියනවා. මෙය external fact check එකක් නොව title, description සහ transcript එක එකිනෙකට ගැළපෙනවාද කියලා බලන උදාහරණයක්. වැදගත්ම දෙය නම් claim එකට transcript එක තුළ ප්‍රමාණවත් support තියෙනවාද කියලා පරීක්ෂා කිරීමයි.",Weather,Not False,Consistent,consistent,"Title, description, and transcript discuss the same subject and supported detail.",false,SYN00150,SYN00150,0.123,0.109,0.438,synthetic-weather-syn00150,new,,
SYNNEG00017,SYNNEG00017,https://synthetic.local/watch?v=SYNNEG00017,ධර්ම දේශනාව ගැන official update - සජීවී වැඩසටහන,"ධර්ම දේශනාව ගැන සියලු official ලේඛන, නම් ලැයිස්තු, දිනයන් සහ රහස් තොරතුරු transcript එකේ සම්පූර්ණයෙන් ඇති බව කියයි.","මේ update එකේ ප්‍රධාන කරුණ ධර්ම දේශනාව සම්බන්ධයෙන් ලැබුණු තොරතුරුයි. video එක පුරාම ප්‍රධාන අවධානය සජීවී වැඩසටහන මතම තියෙනවා. අවසානයේ viewers ලාට නිල update බලලා තීරණ ගන්න කියනවා. මෙය external fact check එකක් නොව title, description සහ transcript එක එකිනෙකට ගැළපෙනවාද කියලා බලන උදාහරණයක්. වැදගත්ම දෙය නම් claim එකට transcript එක තුළ ප්‍රමාණවත් support තියෙනවාද කියලා පරීක්ෂා කිරීමයි.",Religion,False,Inconsistent,description_transcript_mismatch,Description promises detailed evidence that the transcript does not contain.,true,SYN00178,SYN00188,0.125,0.106,0.182,synthetic-religion-synneg00017,new,,
SYN00418,SYN00418,https://synthetic.local/watch?v=SYN00418,ධර්ම දේශනාව ගැන official update - සජීවී වැඩසටහන,ධර්ම දේශනාව සම්බන්ධ සජීවී වැඩසටහන සහ භික්ෂූන් වහන්සේගේ පැහැදිලි කිරීම ගැන සිංහල පැහැදිලි කිරීමක්.,"මේ update එකේ ප්‍රධාන කරුණ ධර්ම දේශනාව සම්බන්ධයෙන් ලැබුණු තොරතුරුයි. video එක පුරාම ප්‍රධාන අවධානය සජීවී වැඩසටහන මතම තියෙනවා. අවසානයේ viewers ලාට නිල update බලලා තීරණ ගන්න කියනවා. මෙය external fact check එකක් නොව title, description සහ transcript එක එකිනෙකට ගැළපෙනවාද කියලා බලන උදාහරණයක්. වැදගත්ම දෙය නම් claim එකට transcript එක තුළ ප්‍රමාණවත් support තියෙනවාද කියලා පරීක්ෂා කිරීමයි.",Religion,Not False,Consistent,consistent,"Title, description, and transcript discuss the same subject and supported detail.",false,SYN00418,SYN00418,0.125,0.097,0.400,synthetic-religion-syn00418,new,,
SYNNEG00161,SYNNEG00161,https://synthetic.local/watch?v=SYNNEG00161,දැන්ම බලන්න! ශිෂ්‍යත්ව exam නිසා ලංකාවම කම්පා වෙයි,ශිෂ්‍යත්ව exam සම්බන්ධ අයදුම්පත් දිනය සහ පාසල් මට්ටමේ දැනුම්දීම් ගැන සිංහල පැහැදිලි කිරීමක්.,"මේ update එකේ ප්‍රධාන කරුණ ශිෂ්‍යත්ව exam සම්බන්ධයෙන් ලැබුණු තොරතුරුයි. අයදුම්පත් දිනය ගැන කථිකයා පියවරෙන් පියවර පැහැදිලි කරයි. මෙහිදී source ලෙස සඳහන් කරන්නේ පාසල් මට්ටමේ දැනුම්දීම් යන්නයි. මෙය external fact check එකක් නොව title, description සහ transcript එක එකිනෙකට ගැළපෙනවාද කියලා බලන උදාහරණයක්. වැදගත්ම දෙය නම් claim එකට transcript එක තුළ ප්‍රමාණවත් support තියෙනවාද කියලා පරීක්ෂා කිරීමයි.",Education,False,Inconsistent,title_transcript_mismatch,Title makes a stronger promise than the transcript supports.,true,SYN00112,SYN00122,0.046,0.177,0.150,synthetic-education-synneg00161,new,,
SYN00199,SYN00199,https://synthetic.local/watch?v=SYN00199,data package ගැන official update - නව මිල,data package සම්බන්ධ නව මිල සහ telecom company update ගැන සිංහල පැහැදිලි කිරීමක්.,"මේ update එකේ ප්‍රධාන කරුණ data package සම්බන්ධයෙන් ලැබුණු තොරතුරුයි. අවසානයේ viewers ලාට නිල update බලලා තීරණ ගන්න කියනවා. නව මිල ගැන කථිකයා පියවරෙන් පියවර පැහැදිලි කරයි. මෙය external fact check එකක් නොව title, description සහ transcript එක එකිනෙකට ගැළපෙනවාද කියලා බලන උදාහරණයක්. වැදගත්ම දෙය නම් claim එකට transcript එක තුළ ප්‍රමාණවත් support තියෙනවාද කියලා පරීක්ෂා කිරීමයි.",Technology,Not False,Consistent,consistent,"Title, description, and transcript discuss the same subject and supported detail.",false,SYN00199,SYN00199,0.143,0.148,0.467,synthetic-technology-syn00199,new,,
SYNNEG00086,SYNNEG00086,https://synthetic.local/watch?v=SYNNEG00086,100% තහවුරුයි! පාර්ලිමේන්තු විවාදය ගැන official තීරණය එළියට,පාර්ලිමේන්තු විවාදය සම්බන්ධ අද තීරණය සහ මන්ත්‍රීවරුන්ගේ අදහස් ගැන සිංහල පැහැදිලි කිරීමක්.,"මේ update එකේ ප්‍රධාන කරුණ පාර්ලිමේන්තු විවාදය සම්බන්ධයෙන් ලැබුණු තොරතුරුයි. අවසානයේ viewers ලාට නිල update බලලා තීරණ ගන්න කියනවා. අද තීරණය ගැන කථිකයා පියවරෙන් පියවර පැහැදිලි කරයි. මෙය external fact check එකක් නොව title, description සහ transcript එක එකිනෙකට ගැළපෙනවාද කියලා බලන උදාහරණයක්. වැදගත්ම දෙය නම් claim එකට transcript එක තුළ ප්‍රමාණවත් support තියෙනවාද කියලා පරීක්ෂා කිරීමයි.",Politics,False,Inconsistent,title_transcript_mismatch,Title makes a stronger promise than the transcript supports.,true,SYN00367,SYN00377,0.085,0.113,0.235,synthetic-politics-synneg00086,new,,
SYN00326,SYN00326,https://synthetic.local/watch?v=SYN00326,vaccine update ගැන official update - රෝහල් ලබාදෙන දිනය,vaccine update සම්බන්ධ රෝහල් ලබාදෙන දිනය සහ වෛද්‍යවරයාගේ උපදෙස් ගැන සිංහල පැහැදිලි කිරීමක්.,"ගොඩක් අය අහන ප්‍රශ්නයක් වන vaccine update ගැන මෙහි පැහැදිලි කරනවා. video එක පුරාම ප්‍රධාන අවධානය රෝහල් ලබාදෙන දිනය මතම තියෙනවා. අවසානයේ viewers ලාට නිල update බලලා තීරණ ගන්න කියනවා. මෙය external fact check එකක් නොව title, description සහ transcript එක එකිනෙකට ගැළපෙනවාද කියලා බලන උදාහරණයක්. වැදගත්ම දෙය නම් claim එකට transcript එක තුළ ප්‍රමාණවත් support තියෙනවාද කියලා පරීක්ෂා කිරීමයි.",Health,Not False,Consistent,consistent,"Title, description, and transcript discuss the same subject and supported detail.",false,SYN00326,SYN00326,0.136,0.138,0.438,synthetic-health-syn00326,new,,
SYNNEG00324,SYNNEG00324,https://synthetic.local/watch?v=SYNNEG00324,රජයේ allowance ගැන ලොකු වෙනසක්? සම්පූර්ණ update මෙන්න,රජයේ allowance සම්බන්ධ official අයදුම් ක්‍රමය සහ ලැබිය යුතු පවුල් කාණ්ඩ ගැන සිංහල පැහැදිලි කිරීමක්.,"ගොඩක් අය අහන ප්‍රශ්නයක් වන රජයේ allowance ගැන මෙහි පැහැදිලි කරනවා. මෙහිදී source ලෙස සඳහන් කරන්නේ ලැබිය යුතු පවුල් කාණ්ඩ යන්නයි. video එක පුරාම ප්‍රධාන අවධානය official අයදුම් ක්‍රමය මතම තියෙනවා. මෙය external fact check එකක් නොව title, description සහ transcript එක එකිනෙකට ගැළපෙනවාද කියලා බලන උදාහරණයක්. වැදගත්ම දෙය නම් claim එකට transcript එක තුළ ප්‍රමාණවත් support තියෙනවාද කියලා පරීක්ෂා කිරීමයි.",Government,False,Inconsistent,weak_support,Transcript mentions the topic but does not support the main promised claim.,true,SYN00245,SYN00255,0.044,0.200,0.136,synthetic-government-synneg00324,new,,
SYNNEG00203,SYNNEG00203,https://synthetic.local/watch?v=SYNNEG00203,Breaking! විදුලි බිල් සහනය ගැන කවුරුත් නොකියන භයානක රහස,මෙම video එක 100% තහවුරු වූ breaking news එකක් කියලා overclaim කරයි.,"මේ update එකේ ප්‍රධාන කරුණ විදුලි බිල් සහනය සම්බන්ධයෙන් ලැබුණු තොරතුරුයි. video එක පුරාම ප්‍රධාන අවධානය ගෙවීම් ක්‍රම මතම තියෙනවා. අවසානයේ viewers ලාට නිල update බලලා තීරණ ගන්න කියනවා. මෙය external fact check එකක් නොව title, description සහ transcript එක එකිනෙකට ගැළපෙනවාද කියලා බලන උදාහරණයක්. වැදගත්ම දෙය නම් claim එකට transcript එක තුළ ප්‍රමාණවත් support තියෙනවාද කියලා පරීක්ෂා කිරීමයි.",Finance,False,Inconsistent,clickbait_overclaim,Metadata overclaims certainty while transcript is only a general discussion.,true,SYN00034,SYN00044,0.048,0.062,0.000,synthetic-finance-synneg00203,new,,
SYNNEG00450,SYNNEG00450,https://synthetic.local/watch?v=SYNNEG00450,වී වගාව ගැන official update - පොහොර සහනාධාරය,වී වගාව සම්බන්ධ පොහොර සහනාධාරය සහ කෘෂිකර්ම නිලධාරීන්ගේ උපදෙස් ගැන සිංහල පැහැදිලි කිරීමක්.,"ගොඩක් අය අහන ප්‍රශ්නයක් වන තේ වගාව ගැන මෙහි පැහැදිලි කරනවා. අවසානයේ viewers ලාට නිල update බලලා තීරණ ගන්න කියනවා. නව රෝග පාලන ක්‍රම ගැන කථිකයා පියවරෙන් පියවර පැහැදිලි කරයි. මෙය external fact check එකක් නොව title, description සහ transcript එක එකිනෙකට ගැළපෙනවාද කියලා බලන උදාහරණයක්. වැදගත්ම දෙය නම් claim එකට transcript එක තුළ ප්‍රමාණවත් support තියෙනවාද කියලා පරීක්ෂා කිරීමයි.",Agriculture,False,Inconsistent,same_topic_swap,Same-topic hard negative: metadata and transcript are from different synthetic videos.,true,SYN00001,SYN00011,0.079,0.058,0.312,synthetic-agriculture-synneg00450,new,,
SYNNEG00016,SYNNEG00016,https://synthetic.local/watch?v=SYNNEG00016,Breaking! පාර්ලිමේන්තු විවාදය ගැන කවුරුත් නොකියන භයානක රහස,පාර්ලිමේන්තු විවාදය සම්බන්ධ අද තීරණය සහ මන්ත්‍රීවරුන්ගේ අදහස් ගැන සිංහල පැහැදිලි කිරීමක්.,"ගොඩක් අය අහන ප්‍රශ්නයක් වන පාර්ලිමේන්තු විවාදය ගැන මෙහි පැහැදිලි කරනවා. අවසානයේ viewers ලාට නිල update බලලා තීරණ ගන්න කියනවා. අද තීරණය ගැන කථිකයා පියවරෙන් පියවර පැහැදිලි කරයි. මෙය external fact check එකක් නොව title, description සහ transcript එක එකිනෙකට ගැළපෙනවාද කියලා බලන උදාහරණයක්. වැදගත්ම දෙය නම් claim එකට transcript එක තුළ ප්‍රමාණවත් support තියෙනවාද කියලා පරීක්ෂා කිරීමයි.",Politics,False,Inconsistent,title_transcript_mismatch,Title makes a stronger promise than the transcript supports.,true,SYN00167,SYN00177,0.048,0.111,0.167,synthetic-politics-synneg00016,new,,
SYNNEG00365,SYNNEG00365,https://synthetic.local/watch?v=SYNNEG00365,medicine shortage ගැන official update - රෝහල් තත්ත්වය,medicine shortage සම්බන්ධ රෝහල් තත්ත්වය සහ නිල සැපයුම් update ගැන සිංහල පැහැදිලි කිරීමක්.,"මේ update එකේ ප්‍රධාන කරුණ vaccine update සම්බන්ධයෙන් ලැබුණු තොරතුරුයි. video එක පුරාම ප්‍රධාන අවධානය රෝහල් ලබාදෙන දිනය මතම තියෙනවා. අවසානයේ viewers ලාට නිල update බලලා තීරණ ගන්න කියනවා. මෙය external fact check එකක් නොව title, description සහ transcript එක එකිනෙකට ගැළපෙනවාද කියලා බලන උදාහරණයක්. වැදගත්ම දෙය නම් claim එකට transcript එක තුළ ප්‍රමාණවත් support තියෙනවාද කියලා පරීක්ෂා කිරීමයි.",Health,False,Inconsistent,same_topic_swap,Same-topic hard negative: metadata and transcript are from different synthetic videos.,true,SYN00156,SYN00166,0.068,0.078,0.571,synthetic-health-synneg00365,new,,
SYNNEG00337,SYNNEG00337,https://synthetic.local/watch?v=SYNNEG00337,ධර්ම දේශනාව ගැන official update - සජීවී වැඩසටහන,"ධර්ම දේශනාව ගැන සියලු official ලේඛන, නම් ලැයිස්තු, දිනයන් සහ රහස් තොරතුරු transcript එකේ සම්පූර්ණයෙන් ඇති බව කියයි.","අද වීඩියෝවෙන් අපි කතා කරන්නේ ධර්ම දේශනාව ගැනයි. video එක පුරාම ප්‍රධාන අවධානය සජීවී වැඩසටහන මතම තියෙනවා. අවසානයේ viewers ලාට නිල update බලලා තීරණ ගන්න කියනවා. මෙය external fact check එකක් නොව title, description සහ transcript එක එකිනෙකට ගැළපෙනවාද කියලා බලන උදාහරණයක්. වැදගත්ම දෙය නම් claim එකට transcript එක තුළ ප්‍රමාණවත් support තියෙනවාද කියලා පරීක්ෂා කිරීමයි.",Religion,False,Inconsistent,description_transcript_mismatch,Description promises detailed evidence that the transcript does not contain.,true,SYN00378,SYN00388,0.123,0.088,0.182,synthetic-religion-synneg00337,new,,
SYNNEG00378,SYNNEG00378,https://synthetic.local/watch?v=SYNNEG00378,ඔවුන් මේක සඟවනවා! mobile app ගැන සම්පූර්ණ ඇත්ත,මෙම video එක 100% තහවුරු වූ breaking news එකක් කියලා overclaim කරයි.,"මේ update එකේ ප්‍රධාන කරුණ mobile app සම්බන්ධයෙන් ලැබුණු තොරතුරුයි. මෙහිදී source ලෙස සඳහන් කරන්නේ දත්ත ආරක්ෂාව ගැන පැහැදිලි කිරීම යන්නයි. video එක පුරාම ප්‍රධාන අවධානය privacy update මතම තියෙනවා. මෙය external fact check එකක් නොව title, description සහ transcript එක එකිනෙකට ගැළපෙනවාද කියලා බලන උදාහරණයක්. වැදගත්ම දෙය නම් claim එකට transcript එක තුළ ප්‍රමාණවත් support තියෙනවාද කියලා පරීක්ෂා කිරීමයි.",Technology,False,Inconsistent,clickbait_overclaim,Metadata overclaims certainty while transcript is only a general discussion.,true,SYN00289,SYN00299,0.048,0.062,0.000,synthetic-technology-synneg00378,new,,
SYN00360,SYN00360,https://synthetic.local/watch?v=SYN00360,උෂ්ණත්වය ගැන official update - අද දවසේ වෙනස්වීම්,උෂ්ණත්වය සම්බන්ධ අද දවසේ වෙනස්වීම් සහ සෞඛ්‍ය උපදෙස් ගැන සිංහල පැහැදිලි කිරීමක්.,"අද වීඩියෝවෙන් අපි කතා කරන්නේ උෂ්ණත්වය ගැනයි. අද දවසේ වෙනස්වීම් ගැන කථිකයා පියවරෙන් පියවර පැහැදිලි කරයි. මෙහිදී source ලෙස සඳහන් කරන්නේ සෞඛ්‍ය උපදෙස් යන්නයි. මෙය external fact check එකක් නොව title, description සහ transcript එක එකිනෙකට ගැළපෙනවාද කියලා බලන උදාහරණයක්. වැදගත්ම දෙය නම් claim එකට transcript එක තුළ ප්‍රමාණවත් support තියෙනවාද කියලා පරීක්ෂා කිරීමයි.",Weather,Not False,Consistent,consistent,"Title, description, and transcript discuss the same subject and supported detail.",false,SYN00360,SYN00360,0.089,0.161,0.333,synthetic-weather-syn00360,new,,
SYNNEG00095,SYNNEG00095,https://synthetic.local/watch?v=SYNNEG00095,දියවැඩියාව ගැන official update - ආහාර පාලන ක්‍රම,දියවැඩියාව සම්බන්ධ ආහාර පාලන ක්‍රම සහ doctor පැහැදිලි කිරීම ගැන සිංහල පැහැදිලි කිරීමක්.,"මේ update එකේ ප්‍රධාන කරුණ උණ රෝගය සම්බන්ධයෙන් ලැබුණු තොරතුරුයි. video එක පුරාම ප්‍රධාන අවධානය ලක්ෂණ සහ ප්‍රතිකාර මතම තියෙනවා. අවසානයේ viewers ලාට නිල update බලලා තීරණ ගන්න කියනවා. මෙය external fact check එකක් නොව title, description සහ transcript එක එකිනෙකට ගැළපෙනවාද කියලා බලන උදාහරණයක්. වැදගත්ම දෙය නම් claim එකට transcript එක තුළ ප්‍රමාණවත් support තියෙනවාද කියලා පරීක්ෂා කිරීමයි.",Health,False,Inconsistent,same_topic_swap,Same-topic hard negative: metadata and transcript are from different synthetic videos.,true,SYN00456,SYN00466,0.049,0.030,0.438,synthetic-health-synneg00095,new,,
SYNNEG00289,SYNNEG00289,https://synthetic.local/watch?v=SYNNEG00289,උෂ්ණත්වය සම්බන්ධ නව තීරණයක්ද? ජනතාව අහන ප්‍රශ්න,උෂ්ණත්වය සම්බන්ධ අද දවසේ වෙනස්වීම් සහ සෞඛ්‍ය උපදෙස් ගැන සිංහල පැහැදිලි කිරීමක්.,"මේ update එකේ ප්‍රධාන කරුණ උෂ්ණත්වය සම්බන්ධයෙන් ලැබුණු තොරතුරුයි. අද දවසේ වෙනස්වීම් ගැන කථිකයා පියවරෙන් පියවර පැහැදිලි කරයි. මෙහිදී source ලෙස සඳහන් කරන්නේ සෞඛ්‍ය උපදෙස් යන්නයි. මෙය external fact check එකක් නොව title, description සහ transcript එක එකිනෙකට ගැළපෙනවාද කියලා බලන උදාහරණයක්. වැදගත්ම දෙය නම් claim එකට transcript එක තුළ ප්‍රමාණවත් support තියෙනවාද කියලා පරීක්ෂා කිරීමයි.",Weather,False,Inconsistent,weak_support,Transcript mentions the topic but does not support the main promised claim.,true,SYN00400,SYN00410,0.032,0.150,0.111,synthetic-weather-synneg00289,new,,
SYN00189,SYN00189,https://synthetic.local/watch?v=SYN00189,Facebook account ගැන official update - security warning,Facebook account සම්බන්ධ security warning සහ password ආරක්ෂාව ගැන සිංහල පැහැදිලි කිරීමක්.,"අද වීඩියෝවෙන් අපි කතා කරන්නේ Facebook account ගැනයි. මෙහිදී source ලෙස සඳහන් කරන්නේ password ආරක්ෂාව යන්නයි. video එක පුරාම ප්‍රධාන අවධානය security warning මතම තියෙනවා. මෙය external fact check එකක් නොව title, description සහ transcript එක එකිනෙකට ගැළපෙනවාද කියලා බලන උදාහරණයක්. වැදගත්ම දෙය නම් claim එකට transcript එක තුළ ප්‍රමාණවත් support තියෙනවාද කියලා පරීක්ෂා කිරීමයි.",Technology,Not False,Consistent,consistent,"Title, description, and transcript discuss the same subject and supported detail.",false,SYN00189,SYN00189,0.085,0.133,0.375,synthetic-technology-syn00189,new,,
SYN00067,SYN00067,https://synthetic.local/watch?v=SYN00067,අමාත්‍ය මණ්ඩලය ගැන official update - නව තීරණ,අමාත්‍ය මණ්ඩලය සම්බන්ධ නව තීරණ සහ මාධ්‍ය හමුවේ විස්තර ගැන සිංහල පැහැදිලි කිරීමක්.,"මේ update එකේ ප්‍රධාන කරුණ අමාත්‍ය මණ්ඩලය සම්බන්ධයෙන් ලැබුණු තොරතුරුයි. අවසානයේ viewers ලාට නිල update බලලා තීරණ ගන්න කියනවා. නව තීරණ ගැන කථිකයා පියවරෙන් පියවර පැහැදිලි කරයි. මෙය external fact check එකක් නොව title, description සහ transcript එක එකිනෙකට ගැළපෙනවාද කියලා බලන උදාහරණයක්. වැදගත්ම දෙය නම් claim එකට transcript එක තුළ ප්‍රමාණවත් support තියෙනවාද කියලා පරීක්ෂා කිරීමයි.",Politics,Not False,Consistent,consistent,"Title, description, and transcript discuss the same subject and supported detail.",false,SYN00067,SYN00067,0.145,0.115,0.312,synthetic-politics-syn00067,new,,
SYN00356,SYN00356,https://synthetic.local/watch?v=SYN00356,medicine shortage ගැන official update - රෝහල් තත්ත්වය,medicine shortage සම්බන්ධ රෝහල් තත්ත්වය සහ නිල සැපයුම් update ගැන සිංහල පැහැදිලි කිරීමක්.,"ගොඩක් අය අහන ප්‍රශ්නයක් වන medicine shortage ගැන මෙහි පැහැදිලි කරනවා. රෝහල් තත්ත්වය ගැන කථිකයා පියවරෙන් පියවර පැහැදිලි කරයි. මෙහිදී source ලෙස සඳහන් කරන්නේ නිල සැපයුම් update යන්නයි. මෙය external fact check එකක් නොව title, description සහ transcript එක එකිනෙකට ගැළපෙනවාද කියලා බලන උදාහරණයක්. වැදගත්ම දෙය නම් claim එකට transcript එක තුළ ප්‍රමාණවත් support තියෙනවාද කියලා පරීක්ෂා කිරීමයි.",Health,Not False,Consistent,consistent,"Title, description, and transcript discuss the same subject and supported detail.",false,SYN00356,SYN00356,0.138,0.180,0.571,synthetic-health-syn00356,new,,
SYNNEG00300,SYNNEG00300,https://synthetic.local/watch?v=SYNNEG00300,වී වගාව ගැන official update - පොහොර සහනාධාරය,වී වගාව සම්බන්ධ පොහොර සහනාධාරය සහ කෘෂිකර්ම නිලධාරීන්ගේ උපදෙස් ගැන සිංහල පැහැදිලි කිරීමක්.,"ගොඩක් අය අහන ප්‍රශ්නයක් වන තේ වගාව ගැන මෙහි පැහැදිලි කරනවා. අවසානයේ viewers ලාට නිල update බලලා තීරණ ගන්න කියනවා. නව රෝග පාලන ක්‍රම ගැන කථිකයා පියවරෙන් පියවර පැහැදිලි කරයි. මෙය external fact check එකක් නොව title, description සහ transcript එක එකිනෙකට ගැළපෙනවාද කියලා බලන උදාහරණයක්. වැදගත්ම දෙය නම් claim එකට transcript එක තුළ ප්‍රමාණවත් support තියෙනවාද කියලා පරීක්ෂා කිරීමයි.",Agriculture,False,Inconsistent,same_topic_swap,Same-topic hard negative: metadata and transcript are from different synthetic videos.,true,SYN00001,SYN00011,0.079,0.058,0.312,synthetic-agriculture-synneg00300,new,,
SYNNEG00403,SYNNEG00403,https://synthetic.local/watch?v=SYNNEG00403,Breaking! විදුලි බිල් සහනය ගැන කවුරුත් නොකියන භයානක රහස,මෙම video එක 100% තහවුරු වූ breaking news එකක් කියලා overclaim කරයි.,"මේ update එකේ ප්‍රධාන කරුණ විදුලි බිල් සහනය සම්බන්ධයෙන් ලැබුණු තොරතුරුයි. video එක පුරාම ප්‍රධාන අවධානය ගෙවීම් ක්‍රම මතම තියෙනවා. අවසානයේ viewers ලාට නිල update බලලා තීරණ ගන්න කියනවා. මෙය external fact check එකක් නොව title, description සහ transcript එක එකිනෙකට ගැළපෙනවාද කියලා බලන උදාහරණයක්. වැදගත්ම දෙය නම් claim එකට transcript එක තුළ ප්‍රමාණවත් support තියෙනවාද කියලා පරීක්ෂා කිරීමයි.",Finance,False,Inconsistent,clickbait_overclaim,Metadata overclaims certainty while transcript is only a general discussion.,true,SYN00034,SYN00044,0.048,0.062,0.000,synthetic-finance-synneg00403,new,,
SYNNEG00421,SYNNEG00421,https://synthetic.local/watch?v=SYNNEG00421,දැන්ම බලන්න! පාසල් නිවාඩු නිසා ලංකාවම කම්පා වෙයි,පාසල් නිවාඩු සම්බන්ධ කාලසටහන් වෙනස්වීම සහ අධ්‍යාපන අමාත්‍යාංශ update ගැන සිංහල පැහැදිලි කිරීමක්.,"ගොඩක් අය අහන ප්‍රශ්නයක් වන පාසල් නිවාඩු ගැන මෙහි පැහැදිලි කරනවා. කාලසටහන් වෙනස්වීම ගැන කථිකයා පියවරෙන් පියවර පැහැදිලි කරයි. මෙහිදී source ලෙස සඳහන් කරන්නේ අධ්‍යාපන අමාත්‍යාංශ update යන්නයි. මෙය external fact check එකක් නොව title, description සහ transcript එක එකිනෙකට ගැළපෙනවාද කියලා බලන උදාහරණයක්. වැදගත්ම දෙය නම් claim එකට transcript එක තුළ ප්‍රමාණවත් support තියෙනවාද කියලා පරීක්ෂා කිරීමයි.",Education,False,Inconsistent,title_transcript_mismatch,Title makes a stronger promise than the transcript supports.,true,SYN00212,SYN00222,0.030,0.206,0.091,synthetic-education-synneg00421,new,,
SYNNEG00443,SYNNEG00443,https://synthetic.local/watch?v=SYNNEG00443,Breaking! විදුලි බිල් සහනය ගැන කවුරුත් නොකියන භයානක රහස,මෙම video එක 100% තහවුරු වූ breaking news එකක් කියලා overclaim කරයි.,"ගොඩක් අය අහන ප්‍රශ්නයක් වන විදුලි බිල් සහනය ගැන මෙහි පැහැදිලි කරනවා. video එක පුරාම ප්‍රධාන අවධානය ගෙවීම් ක්‍රම මතම තියෙනවා. අවසානයේ viewers ලාට නිල update බලලා තීරණ ගන්න කියනවා. මෙය external fact check එකක් නොව title, description සහ transcript එක එකිනෙකට ගැළපෙනවාද කියලා බලන උදාහරණයක්. වැදගත්ම දෙය නම් claim එකට transcript එක තුළ ප්‍රමාණවත් support තියෙනවාද කියලා පරීක්ෂා කිරීමයි.",Finance,False,Inconsistent,clickbait_overclaim,Metadata overclaims certainty while transcript is only a general discussion.,true,SYN00434,SYN00444,0.061,0.058,0.000,synthetic-finance-synneg00443,new,,
SYN00331,SYN00331,https://synthetic.local/watch?v=SYN00331,තේ වගාව ගැන official update - නව රෝග පාලන ක්‍රම,තේ වගාව සම්බන්ධ නව රෝග පාලන ක්‍රම සහ ගොවීන්ට ලබාදෙන උපදෙස් ගැන සිංහල පැහැදිලි කිරීමක්.,"මේ update එකේ ප්‍රධාන කරුණ තේ වගාව සම්බන්ධයෙන් ලැබුණු තොරතුරුයි. අවසානයේ viewers ලාට නිල update බලලා තීරණ ගන්න කියනවා. නව රෝග පාලන ක්‍රම ගැන කථිකයා පියවරෙන් පියවර පැහැදිලි කරයි. මෙය external fact check එකක් නොව title, description සහ transcript එක එකිනෙකට ගැළපෙනවාද කියලා බලන උදාහරණයක්. වැදගත්ම දෙය නම් claim එකට transcript එක තුළ ප්‍රමාණවත් support තියෙනවාද කියලා පරීක්ෂා කිරීමයි.",Agriculture,Not False,Consistent,consistent,"Title, description, and transcript discuss the same subject and supported detail.",false,SYN00331,SYN00331,0.186,0.154,0.421,synthetic-agriculture-syn00331,new,,
SYNNEG00228,SYNNEG00228,https://synthetic.local/watch?v=SYNNEG00228,දැන්ම බලන්න! mobile app නිසා ලංකාවම කම්පා වෙයි,මෙම video එක 100% තහවුරු වූ breaking news එකක් කියලා overclaim කරයි.,"මේ update එකේ ප්‍රධාන කරුණ mobile app සම්බන්ධයෙන් ලැබුණු තොරතුරුයි. මෙහිදී source ලෙස සඳහන් කරන්නේ දත්ත ආරක්ෂාව ගැන පැහැදිලි කිරීම යන්නයි. video එක පුරාම ප්‍රධාන අවධානය privacy update මතම තියෙනවා. මෙය external fact check එකක් නොව title, description සහ transcript එක එකිනෙකට ගැළපෙනවාද කියලා බලන උදාහරණයක්. වැදගත්ම දෙය නම් claim එකට transcript එක තුළ ප්‍රමාණවත් support තියෙනවාද කියලා පරීක්ෂා කිරීමයි.",Technology,False,Inconsistent,clickbait_overclaim,Metadata overclaims certainty while transcript is only a general discussion.,true,SYN00289,SYN00299,0.032,0.062,0.000,synthetic-technology-synneg00228,new,,
SYN00397,SYN00397,https://synthetic.local/watch?v=SYN00397,පක්ෂ රැස්වීම ගැන official update - ප්‍රතිපත්ති ප්‍රකාශය,පක්ෂ රැස්වීම සම්බන්ධ ප්‍රතිපත්ති ප්‍රකාශය සහ නායකත්වයේ අදහස් ගැන සිංහල පැහැදිලි කිරීමක්.,"මේ update එකේ ප්‍රධාන කරුණ පක්ෂ රැස්වීම සම්බන්ධයෙන් ලැබුණු තොරතුරුයි. මෙහිදී source ලෙස සඳහන් කරන්නේ නායකත්වයේ අදහස් යන්නයි. video එක පුරාම ප්‍රධාන අවධානය ප්‍රතිපත්ති ප්‍රකාශය මතම තියෙනවා. මෙය external fact check එකක් නොව title, description සහ transcript එක එකිනෙකට ගැළපෙනවාද කියලා බලන උදාහරණයක්. වැදගත්ම දෙය නම් claim එකට transcript එක තුළ ප්‍රමාණවත් support තියෙනවාද කියලා පරීක්ෂා කිරීමයි.",Politics,Not False,Consistent,consistent,"Title, description, and transcript discuss the same subject and supported detail.",false,SYN00397,SYN00397,0.121,0.131,0.375,synthetic-politics-syn00397,new,,
SYN00464,SYN00464,https://synthetic.local/watch?v=SYN00464,crypto investment ගැන official update - අවදානම් සහ වාසි,crypto investment සම්බන්ධ අවදානම් සහ වාසි සහ මුදල් උපදේශකගේ පැහැදිලි කිරීම ගැන සිංහල පැහැදිලි කිරීමක්.,"ගොඩක් අය අහන ප්‍රශ්නයක් වන crypto investment ගැන මෙහි පැහැදිලි කරනවා. අවදානම් සහ වාසි ගැන කථිකයා පියවරෙන් පියවර පැහැදිලි කරයි. මෙහිදී source ලෙස සඳහන් කරන්නේ මුදල් උපදේශකගේ පැහැදිලි කිරීම යන්නයි. මෙය external fact check එකක් නොව title, description සහ transcript එක එකිනෙකට ගැළපෙනවාද කියලා බලන උදාහරණයක්. වැදගත්ම දෙය නම් claim එකට transcript එක තුළ ප්‍රමාණවත් support තියෙනවාද කියලා පරීක්ෂා කිරීමයි.",Finance,Not False,Consistent,consistent,"Title, description, and transcript discuss the same subject and supported detail.",false,SYN00464,SYN00464,0.133,0.180,0.500,synthetic-finance-syn00464,new,,
SYN00394,SYN00394,https://synthetic.local/watch?v=SYN00394,විදුලි බිල් සහනය ගැන official update - ගෙවීම් ක්‍රම,විදුලි බිල් සහනය සම්බන්ධ ගෙවීම් ක්‍රම සහ පාරිභෝගිකයින්ට උපදෙස් ගැන සිංහල පැහැදිලි කිරීමක්.,"මේ update එකේ ප්‍රධාන කරුණ විදුලි බිල් සහනය සම්බන්ධයෙන් ලැබුණු තොරතුරුයි. video එක පුරාම ප්‍රධාන අවධානය ගෙවීම් ක්‍රම මතම තියෙනවා. අවසානයේ viewers ලාට නිල update බලලා තීරණ ගන්න කියනවා. මෙය external fact check එකක් නොව title, description සහ transcript එක එකිනෙකට ගැළපෙනවාද කියලා බලන උදාහරණයක්. වැදගත්ම දෙය නම් claim එකට transcript එක තුළ ප්‍රමාණවත් support තියෙනවාද කියලා පරීක්ෂා කිරීමයි.",Finance,Not False,Consistent,consistent,"Title, description, and transcript discuss the same subject and supported detail.",false,SYN00394,SYN00394,0.155,0.109,0.412,synthetic-finance-syn00394,new,,
SYN00312,SYN00312,https://synthetic.local/watch?v=SYN00312,ශිෂ්‍යත්ව exam ගැන official update - අයදුම්පත් දිනය,ශිෂ්‍යත්ව exam සම්බන්ධ අයදුම්පත් දිනය සහ පාසල් මට්ටමේ දැනුම්දීම් ගැන සිංහල පැහැදිලි කිරීමක්.,"අද වීඩියෝවෙන් අපි කතා කරන්නේ ශිෂ්‍යත්ව exam ගැනයි. අයදුම්පත් දිනය ගැන කථිකයා පියවරෙන් පියවර පැහැදිලි කරයි. මෙහිදී source ලෙස සඳහන් කරන්නේ පාසල් මට්ටමේ දැනුම්දීම් යන්නයි. මෙය external fact check එකක් නොව title, description සහ transcript එක එකිනෙකට ගැළපෙනවාද කියලා බලන උදාහරණයක්. වැදගත්ම දෙය නම් claim එකට transcript එක තුළ ප්‍රමාණවත් support තියෙනවාද කියලා පරීක්ෂා කිරීමයි.",Education,Not False,Consistent,consistent,"Title, description, and transcript discuss the same subject and supported detail.",false,SYN00312,SYN00312,0.102,0.186,0.353,synthetic-education-syn00312,new,,
SYNNEG00181,SYNNEG00181,https://synthetic.local/watch?v=SYNNEG00181,දැන්ම බලන්න! ශිෂ්‍යත්ව exam නිසා ලංකාවම කම්පා වෙයි,ශිෂ්‍යත්ව exam සම්බන්ධ අයදුම්පත් දිනය සහ පාසල් මට්ටමේ දැනුම්දීම් ගැන සිංහල පැහැදිලි කිරීමක්.,"අද වීඩියෝවෙන් අපි කතා කරන්නේ ශිෂ්‍යත්ව exam ගැනයි. අයදුම්පත් දිනය ගැන කථිකයා පියවරෙන් පියවර පැහැදිලි කරයි. මෙහිදී source ලෙස සඳහන් කරන්නේ පාසල් මට්ටමේ දැනුම්දීම් යන්නයි. මෙය external fact check එකක් නොව title, description සහ transcript එක එකිනෙකට ගැළපෙනවාද කියලා බලන උදාහරණයක්. වැදගත්ම දෙය නම් claim එකට transcript එක තුළ ප්‍රමාණවත් support තියෙනවාද කියලා පරීක්ෂා කිරීමයි.",Education,False,Inconsistent,title_transcript_mismatch,Title makes a stronger promise than the transcript supports.,true,SYN00312,SYN00322,0.048,0.186,0.150,synthetic-education-synneg00181,new,,
SYNNEG00245,SYNNEG00245,https://synthetic.local/watch?v=SYNNEG00245,දියවැඩියාව ගැන official update - ආහාර පාලන ක්‍රම,දියවැඩියාව සම්බන්ධ ආහාර පාලන ක්‍රම සහ doctor පැහැදිලි කිරීම ගැන සිංහල පැහැදිලි කිරීමක්.,"මේ update එකේ ප්‍රධාන කරුණ උණ රෝගය සම්බන්ධයෙන් ලැබුණු තොරතුරුයි. video එක පුරාම ප්‍රධාන අවධානය ලක්ෂණ සහ ප්‍රතිකාර මතම තියෙනවා. අවසානයේ viewers ලාට නිල update බලලා තීරණ ගන්න කියනවා. මෙය external fact check එකක් නොව title, description සහ transcript එක එකිනෙකට ගැළපෙනවාද කියලා බලන උදාහරණයක්. වැදගත්ම දෙය නම් claim එකට transcript එක තුළ ප්‍රමාණවත් support තියෙනවාද කියලා පරීක්ෂා කිරීමයි.",Health,False,Inconsistent,same_topic_swap,Same-topic hard negative: metadata and transcript are from different synthetic videos.,true,SYN00456,SYN00466,0.049,0.030,0.438,synthetic-health-synneg00245,new,,
SYNNEG00422,SYNNEG00422,https://synthetic.local/watch?v=SYNNEG00422,ටෙලි නාට්‍යය ගැන official update - අලුත් episode,"ටෙලි නාට්‍යය ගැන සියලු official ලේඛන, නම් ලැයිස්තු, දිනයන් සහ රහස් තොරතුරු transcript එකේ සම්පූර්ණයෙන් ඇති බව කියයි.","මේ update එකේ ප්‍රධාන කරුණ ටෙලි නාට්‍යය සම්බන්ධයෙන් ලැබුණු තොරතුරුයි. අවසානයේ viewers ලාට නිල update බලලා තීරණ ගන්න කියනවා. අලුත් episode ගැන කථිකයා පියවරෙන් පියවර පැහැදිලි කරයි. මෙය external fact check එකක් නොව title, description සහ transcript එක එකිනෙකට ගැළපෙනවාද කියලා බලන උදාහරණයක්. වැදගත්ම දෙය නම් claim එකට transcript එක තුළ ප්‍රමාණවත් support තියෙනවාද කියලා පරීක්ෂා කිරීමයි.",Entertainment,False,Inconsistent,description_transcript_mismatch,Description promises detailed evidence that the transcript does not contain.,true,SYN00223,SYN00233,0.158,0.134,0.217,synthetic-entertainment-synneg00422,new,,
SYN00462,SYN00462,https://synthetic.local/watch?v=SYN00462,විශ්වවිද්‍යාල ප්‍රවේශය ගැන official update - නව cut-off ලකුණු,විශ්වවිද්‍යාල ප්‍රවේශය සම්බන්ධ නව cut-off ලකුණු සහ අයදුම්කරුවන්ට උපදෙස් ගැන සිංහල පැහැදිලි කිරීමක්.,"අද වීඩියෝවෙන් අපි කතා කරන්නේ විශ්වවිද්‍යාල ප්‍රවේශය ගැනයි. video එක පුරාම ප්‍රධාන අවධානය නව cut-off ලකුණු මතම තියෙනවා. අවසානයේ viewers ලාට නිල update බලලා තීරණ ගන්න කියනවා. මෙය external fact check එකක් නොව title, description සහ transcript එක එකිනෙකට ගැළපෙනවාද කියලා බලන උදාහරණයක්. වැදගත්ම දෙය නම් claim එකට transcript එක තුළ ප්‍රමාණවත් support තියෙනවාද කියලා පරීක්ෂා කිරීමයි.",Education,Not False,Consistent,consistent,"Title, description, and transcript discuss the same subject and supported detail.",false,SYN00462,SYN00462,0.183,0.136,0.474,synthetic-education-syn00462,new,,
SYNNEG00023,SYNNEG00023,https://synthetic.local/watch?v=SYNNEG00023,Breaking! විදුලි බිල් සහනය ගැන කවුරුත් නොකියන භයානක රහස,මෙම video එක 100% තහවුරු වූ breaking news එකක් කියලා overclaim කරයි.,"අද වීඩියෝවෙන් අපි කතා කරන්නේ විදුලි බිල් සහනය ගැනයි. video එක පුරාම ප්‍රධාන අවධානය ගෙවීම් ක්‍රම මතම තියෙනවා. අවසානයේ viewers ලාට නිල update බලලා තීරණ ගන්න කියනවා. මෙය external fact check එකක් නොව title, description සහ transcript එක එකිනෙකට ගැළපෙනවාද කියලා බලන උදාහරණයක්. වැදගත්ම දෙය නම් claim එකට transcript එක තුළ ප්‍රමාණවත් support තියෙනවාද කියලා පරීක්ෂා කිරීමයි.",Finance,False,Inconsistent,clickbait_overclaim,Metadata overclaims certainty while transcript is only a general discussion.,true,SYN00234,SYN00244,0.047,0.061,0.000,synthetic-finance-synneg00023,new,,
SYNNEG00132,SYNNEG00132,https://synthetic.local/watch?v=SYNNEG00132,නව චිත්‍රපටය ගැන official update - release දිනය,"නව චිත්‍රපටය ගැන සියලු official ලේඛන, නම් ලැයිස්තු, දිනයන් සහ රහස් තොරතුරු transcript එකේ සම්පූර්ණයෙන් ඇති බව කියයි.","ගොඩක් අය අහන ප්‍රශ්නයක් වන නව චිත්‍රපටය ගැන මෙහි පැහැදිලි කරනවා. අවසානයේ viewers ලාට නිල update බලලා තීරණ ගන්න කියනවා. release දිනය ගැන කථිකයා පියවරෙන් පියවර පැහැදිලි කරයි. මෙය external fact check එකක් නොව title, description සහ transcript එක එකිනෙකට ගැළපෙනවාද කියලා බලන උදාහරණයක්. වැදගත්ම දෙය නම් claim එකට transcript එක තුළ ප්‍රමාණවත් support තියෙනවාද කියලා පරීක්ෂා කිරීමයි.",Entertainment,False,Inconsistent,description_transcript_mismatch,Description promises detailed evidence that the transcript does not contain.,true,SYN00323,SYN00333,0.155,0.116,0.217,synthetic-entertainment-synneg00132,new,,
SYN00491,SYN00491,https://synthetic.local/watch?v=SYN00491,තේ වගාව ගැන official update - නව රෝග පාලන ක්‍රම,තේ වගාව සම්බන්ධ නව රෝග පාලන ක්‍රම සහ ගොවීන්ට ලබාදෙන උපදෙස් ගැන සිංහල පැහැදිලි කිරීමක්.,"ගොඩක් අය අහන ප්‍රශ්නයක් වන තේ වගාව ගැන මෙහි පැහැදිලි කරනවා. අවසානයේ viewers ලාට නිල update බලලා තීරණ ගන්න කියනවා. නව රෝග පාලන ක්‍රම ගැන කථිකයා පියවරෙන් පියවර පැහැදිලි කරයි. මෙය external fact check එකක් නොව title, description සහ transcript එක එකිනෙකට ගැළපෙනවාද කියලා බලන උදාහරණයක්. වැදගත්ම දෙය නම් claim එකට transcript එක තුළ ප්‍රමාණවත් support තියෙනවාද කියලා පරීක්ෂා කිරීමයි.",Agriculture,Not False,Consistent,consistent,"Title, description, and transcript discuss the same subject and supported detail.",false,SYN00491,SYN00491,0.183,0.152,0.421,synthetic-agriculture-syn00491,new,,
SYN00196,SYN00196,https://synthetic.local/watch?v=SYN00196,medicine shortage ගැන official update - රෝහල් තත්ත්වය,medicine shortage සම්බන්ධ රෝහල් තත්ත්වය සහ නිල සැපයුම් update ගැන සිංහල පැහැදිලි කිරීමක්.,"මේ update එකේ ප්‍රධාන කරුණ medicine shortage සම්බන්ධයෙන් ලැබුණු තොරතුරුයි. රෝහල් තත්ත්වය ගැන කථිකයා පියවරෙන් පියවර පැහැදිලි කරයි. මෙහිදී source ලෙස සඳහන් කරන්නේ නිල සැපයුම් update යන්නයි. මෙය external fact check එකක් නොව title, description සහ transcript එක එකිනෙකට ගැළපෙනවාද කියලා බලන උදාහරණයක්. වැදගත්ම දෙය නම් claim එකට transcript එක තුළ ප්‍රමාණවත් support තියෙනවාද කියලා පරීක්ෂා කිරීමයි.",Health,Not False,Consistent,consistent,"Title, description, and transcript discuss the same subject and supported detail.",false,SYN00196,SYN00196,0.140,0.183,0.571,synthetic-health-syn00196,new,,
SYN00257,SYN00257,https://synthetic.local/watch?v=SYN00257,election update ගැන official update - ඡන්ද දිනය ගැන පැහැදිලි කිරීම,election update සම්බන්ධ ඡන්ද දිනය ගැන පැහැදිලි කිරීම සහ කොමිසමේ නිවේදනය ගැන සිංහල පැහැදිලි කිරීමක්.,"ගොඩක් අය අහන ප්‍රශ්නයක් වන election update ගැන මෙහි පැහැදිලි කරනවා. මෙහිදී source ලෙස සඳහන් කරන්නේ කොමිසමේ නිවේදනය යන්නයි. video එක පුරාම ප්‍රධාන අවධානය ඡන්ද දිනය ගැන පැහැදිලි කිරීම මතම තියෙනවා. මෙය external fact check එකක් නොව title, description සහ transcript එක එකිනෙකට ගැළපෙනවාද කියලා බලන උදාහරණයක්. වැදගත්ම දෙය නම් claim එකට transcript එක තුළ ප්‍රමාණවත් support තියෙනවාද කියලා පරීක්ෂා කිරීමයි.",Politics,Not False,Consistent,consistent,"Title, description, and transcript discuss the same subject and supported detail.",false,SYN00257,SYN00257,0.117,0.161,0.500,synthetic-politics-syn00257,new,,
SYNNEG00194,SYNNEG00194,https://synthetic.local/watch?v=SYNNEG00194,රජයේ allowance ගැන හදිසි warning එකක්ද? අද තත්ත්වය,රජයේ allowance සම්බන්ධ official අයදුම් ක්‍රමය සහ ලැබිය යුතු පවුල් කාණ්ඩ ගැන සිංහල පැහැදිලි කිරීමක්.,"මේ update එකේ ප්‍රධාන කරුණ රජයේ allowance සම්බන්ධයෙන් ලැබුණු තොරතුරුයි. මෙහිදී source ලෙස සඳහන් කරන්නේ ලැබිය යුතු පවුල් කාණ්ඩ යන්නයි. video එක පුරාම ප්‍රධාන අවධානය official අයදුම් ක්‍රමය මතම තියෙනවා. මෙය external fact check එකක් නොව title, description සහ transcript එක එකිනෙකට ගැළපෙනවාද කියලා බලන උදාහරණයක්. වැදගත්ම දෙය නම් claim එකට transcript එක තුළ ප්‍රමාණවත් support තියෙනවාද කියලා පරීක්ෂා කිරීමයි.",Government,False,Inconsistent,weak_support,Transcript mentions the topic but does not support the main promised claim.,true,SYN00445,SYN00455,0.030,0.169,0.136,synthetic-government-synneg00194,new,,
SYNNEG00241,SYNNEG00241,https://synthetic.local/watch?v=SYNNEG00241,දැන්ම බලන්න! පාසල් නිවාඩු නිසා ලංකාවම කම්පා වෙයි,පාසල් නිවාඩු සම්බන්ධ කාලසටහන් වෙනස්වීම සහ අධ්‍යාපන අමාත්‍යාංශ update ගැන සිංහල පැහැදිලි කිරීමක්.,"මේ update එකේ ප්‍රධාන කරුණ පාසල් නිවාඩු සම්බන්ධයෙන් ලැබුණු තොරතුරුයි. කාලසටහන් වෙනස්වීම ගැන කථිකයා පියවරෙන් පියවර පැහැදිලි කරයි. මෙහිදී source ලෙස සඳහන් කරන්නේ අධ්‍යාපන අමාත්‍යාංශ update යන්නයි. මෙය external fact check එකක් නොව title, description සහ transcript එක එකිනෙකට ගැළපෙනවාද කියලා බලන උදාහරණයක්. වැදගත්ම දෙය නම් claim එකට transcript එක තුළ ප්‍රමාණවත් support තියෙනවාද කියලා පරීක්ෂා කිරීමයි.",Education,False,Inconsistent,title_transcript_mismatch,Title makes a stronger promise than the transcript supports.,true,SYN00412,SYN00422,0.031,0.210,0.091,synthetic-education-synneg00241,new,,
SYNNEG00078,SYNNEG00078,https://synthetic.local/watch?v=SYNNEG00078,ඔවුන් මේක සඟවනවා! mobile app ගැන සම්පූර්ණ ඇත්ත,මෙම video එක 100% තහවුරු වූ breaking news එකක් කියලා overclaim කරයි.,"මේ update එකේ ප්‍රධාන කරුණ mobile app සම්බන්ධයෙන් ලැබුණු තොරතුරුයි. මෙහිදී source ලෙස සඳහන් කරන්නේ දත්ත ආරක්ෂාව ගැන පැහැදිලි කිරීම යන්නයි. video එක පුරාම ප්‍රධාන අවධානය privacy update මතම තියෙනවා. මෙය external fact check එකක් නොව title, description සහ transcript එක එකිනෙකට ගැළපෙනවාද කියලා බලන උදාහරණයක්. වැදගත්ම දෙය නම් claim එකට transcript එක තුළ ප්‍රමාණවත් support තියෙනවාද කියලා පරීක්ෂා කිරීමයි.",Technology,False,Inconsistent,clickbait_overclaim,Metadata overclaims certainty while transcript is only a general discussion.,true,SYN00289,SYN00299,0.048,0.062,0.000,synthetic-technology-synneg00078,new,,
SYN00158,SYN00158,https://synthetic.local/watch?v=SYN00158,ආගමික උත්සවය ගැන official update - ගමනාගමන සැලැස්ම,ආගමික උත්සවය සම්බන්ධ ගමනාගමන සැලැස්ම සහ පොලීසියේ දැනුම්දීම ගැන සිංහල පැහැදිලි කිරීමක්.,"ගොඩක් අය අහන ප්‍රශ්නයක් වන ආගමික උත්සවය ගැන මෙහි පැහැදිලි කරනවා. video එක පුරාම ප්‍රධාන අවධානය ගමනාගමන සැලැස්ම මතම තියෙනවා. අවසානයේ viewers ලාට නිල update බලලා තීරණ ගන්න කියනවා. මෙය external fact check එකක් නොව title, description සහ transcript එක එකිනෙකට ගැළපෙනවාද කියලා බලන උදාහරණයක්. වැදගත්ම දෙය නම් claim එකට transcript එක තුළ ප්‍රමාණවත් support තියෙනවාද කියලා පරීක්ෂා කිරීමයි.",Religion,Not False,Consistent,consistent,"Title, description, and transcript discuss the same subject and supported detail.",false,SYN00158,SYN00158,0.136,0.109,0.333,synthetic-religion-syn00158,new,,
SYNNEG00113,SYNNEG00113,https://synthetic.local/watch?v=SYNNEG00113,100% තහවුරුයි! රන් මිල ගැන official තීරණය එළියට,මෙම video එක 100% තහවුරු වූ breaking news එකක් කියලා overclaim කරයි.,"ගොඩක් අය අහන ප්‍රශ්නයක් වන රන් මිල ගැන මෙහි පැහැදිලි කරනවා. video එක පුරාම ප්‍රධාන අවධානය අද වෙළඳපොළ තත්ත්වය මතම තියෙනවා. අවසානයේ viewers ලාට නිල update බලලා තීරණ ගන්න කියනවා. මෙය external fact check එකක් නොව title, description සහ transcript එක එකිනෙකට ගැළපෙනවාද කියලා බලන උදාහරණයක්. වැදගත්ම දෙය නම් claim එකට transcript එක තුළ ප්‍රමාණවත් support තියෙනවාද කියලා පරීක්ෂා කිරීමයි.",Finance,False,Inconsistent,clickbait_overclaim,Metadata overclaims certainty while transcript is only a general discussion.,true,SYN00134,SYN00144,0.062,0.059,0.053,synthetic-finance-synneg00113,new,,
SYN00393,SYN00393,https://synthetic.local/watch?v=SYN00393,viral වීඩියෝව ගැන official update - සමාජ මාධ්‍ය ප්‍රතිචාර,viral වීඩියෝව සම්බන්ධ සමාජ මාධ්‍ය ප්‍රතිචාර සහ කලාකරුවන්ගේ අදහස් ගැන සිංහල පැහැදිලි කිරීමක්.,"අද වීඩියෝවෙන් අපි කතා කරන්නේ viral වීඩියෝව ගැනයි. මෙහිදී source ලෙස සඳහන් කරන්නේ කලාකරුවන්ගේ අදහස් යන්නයි. video එක පුරාම ප්‍රධාන අවධානය සමාජ මාධ්‍ය ප්‍රතිචාර මතම තියෙනවා. මෙය external fact check එකක් නොව title, description සහ transcript එක එකිනෙකට ගැළපෙනවාද කියලා බලන උදාහරණයක්. වැදගත්ම දෙය නම් claim එකට transcript එක තුළ ප්‍රමාණවත් support තියෙනවාද කියලා පරීක්ෂා කිරීමයි.",Entertainment,Not False,Consistent,consistent,"Title, description, and transcript discuss the same subject and supported detail.",false,SYN00393,SYN00393,0.102,0.150,0.412,synthetic-entertainment-syn00393,new,,
SYNNEG00470,SYNNEG00470,https://synthetic.local/watch?v=SYNNEG00470,වී වගාව ගැන official update - පොහොර සහනාධාරය,වී වගාව සම්බන්ධ පොහොර සහනාධාරය සහ කෘෂිකර්ම නිලධාරීන්ගේ උපදෙස් ගැන සිංහල පැහැදිලි කිරීමක්.,"මේ update එකේ ප්‍රධාන කරුණ තේ වගාව සම්බන්ධයෙන් ලැබුණු තොරතුරුයි. අවසානයේ viewers ලාට නිල update බලලා තීරණ ගන්න කියනවා. නව රෝග පාලන ක්‍රම ගැන කථිකයා පියවරෙන් පියවර පැහැදිලි කරයි. මෙය external fact check එකක් නොව title, description සහ transcript එක එකිනෙකට ගැළපෙනවාද කියලා බලන උදාහරණයක්. වැදගත්ම දෙය නම් claim එකට transcript එක තුළ ප්‍රමාණවත් support තියෙනවාද කියලා පරීක්ෂා කිරීමයි.",Agriculture,False,Inconsistent,same_topic_swap,Same-topic hard negative: metadata and transcript are from different synthetic videos.,true,SYN00201,SYN00211,0.081,0.059,0.312,synthetic-agriculture-synneg00470,new,,
SYNNEG00189,SYNNEG00189,https://synthetic.local/watch?v=SYNNEG00189,උෂ්ණත්වය ගැන ලොකු වෙනසක්? සම්පූර්ණ update මෙන්න,උෂ්ණත්වය සම්බන්ධ අද දවසේ වෙනස්වීම් සහ සෞඛ්‍ය උපදෙස් ගැන සිංහල පැහැදිලි කිරීමක්.,"මේ update එකේ ප්‍රධාන කරුණ උෂ්ණත්වය සම්බන්ධයෙන් ලැබුණු තොරතුරුයි. අද දවසේ වෙනස්වීම් ගැන කථිකයා පියවරෙන් පියවර පැහැදිලි කරයි. මෙහිදී source ලෙස සඳහන් කරන්නේ සෞඛ්‍ය උපදෙස් යන්නයි. මෙය external fact check එකක් නොව title, description සහ transcript එක එකිනෙකට ගැළපෙනවාද කියලා බලන උදාහරණයක්. වැදගත්ම දෙය නම් claim එකට transcript එක තුළ ප්‍රමාණවත් support තියෙනවාද කියලා පරීක්ෂා කිරීමයි.",Weather,False,Inconsistent,weak_support,Transcript mentions the topic but does not support the main promised claim.,true,SYN00400,SYN00410,0.066,0.150,0.111,synthetic-weather-synneg00189,new,,
SYN00362,SYN00362,https://synthetic.local/watch?v=SYN00362,O/L exam ගැන official update - ප්‍රතිඵල නිකුත් කිරීම,O/L exam සම්බන්ධ ප්‍රතිඵල නිකුත් කිරීම සහ විභාග දෙපාර්තමේන්තුවේ නිවේදනය ගැන සිංහල පැහැදිලි කිරීමක්.,"ගොඩක් අය අහන ප්‍රශ්නයක් වන O/L exam ගැන මෙහි පැහැදිලි කරනවා. video එක පුරාම ප්‍රධාන අවධානය ප්‍රතිඵල නිකුත් කිරීම මතම තියෙනවා. අවසානයේ viewers ලාට නිල update බලලා තීරණ ගන්න කියනවා. මෙය external fact check එකක් නොව title, description සහ transcript එක එකිනෙකට ගැළපෙනවාද කියලා බලන උදාහරණයක්. වැදගත්ම දෙය නම් claim එකට transcript එක තුළ ප්‍රමාණවත් support තියෙනවාද කියලා පරීක්ෂා කිරීමයි.",Education,Not False,Consistent,consistent,"Title, description, and transcript discuss the same subject and supported detail.",false,SYN00362,SYN00362,0.138,0.125,0.375,synthetic-education-syn00362,new,,
SYNNEG00317,SYNNEG00317,https://synthetic.local/watch?v=SYNNEG00317,ධර්ම දේශනාව ගැන official update - සජීවී වැඩසටහන,"ධර්ම දේශනාව ගැන සියලු official ලේඛන, නම් ලැයිස්තු, දිනයන් සහ රහස් තොරතුරු transcript එකේ සම්පූර්ණයෙන් ඇති බව කියයි.","මේ update එකේ ප්‍රධාන කරුණ ධර්ම දේශනාව සම්බන්ධයෙන් ලැබුණු තොරතුරුයි. video එක පුරාම ප්‍රධාන අවධානය සජීවී වැඩසටහන මතම තියෙනවා. අවසානයේ viewers ලාට නිල update බලලා තීරණ ගන්න කියනවා. මෙය external fact check එකක් නොව title, description සහ transcript එක එකිනෙකට ගැළපෙනවාද කියලා බලන උදාහරණයක්. වැදගත්ම දෙය නම් claim එකට transcript එක තුළ ප්‍රමාණවත් support තියෙනවාද කියලා පරීක්ෂා කිරීමයි.",Religion,False,Inconsistent,description_transcript_mismatch,Description promises detailed evidence that the transcript does not contain.,true,SYN00178,SYN00188,0.125,0.106,0.182,synthetic-religion-synneg00317,new,,
SYN00402,SYN00402,https://synthetic.local/watch?v=SYN00402,O/L exam ගැන official update - ප්‍රතිඵල නිකුත් කිරීම,O/L exam සම්බන්ධ ප්‍රතිඵල නිකුත් කිරීම සහ විභාග දෙපාර්තමේන්තුවේ නිවේදනය ගැන සිංහල පැහැදිලි කිරීමක්.,"අද වීඩියෝවෙන් අපි කතා කරන්නේ O/L exam ගැනයි. video එක පුරාම ප්‍රධාන අවධානය ප්‍රතිඵල නිකුත් කිරීම මතම තියෙනවා. අවසානයේ viewers ලාට නිල update බලලා තීරණ ගන්න කියනවා. මෙය external fact check එකක් නොව title, description සහ transcript එක එකිනෙකට ගැළපෙනවාද කියලා බලන උදාහරණයක්. වැදගත්ම දෙය නම් claim එකට transcript එක තුළ ප්‍රමාණවත් support තියෙනවාද කියලා පරීක්ෂා කිරීමයි.",Education,Not False,Consistent,consistent,"Title, description, and transcript discuss the same subject and supported detail.",false,SYN00402,SYN00402,0.125,0.095,0.375,synthetic-education-syn00402,new,,
SYN00093,SYN00093,https://synthetic.local/watch?v=SYN00093,ජනප්‍රිය ගායකයා ගැන official update - concert update,ජනප්‍රිය ගායකයා සම්බන්ධ concert update සහ ප්‍රවේශපත්‍ර සහ ස්ථානය ගැන සිංහල පැහැදිලි කිරීමක්.,"අද වීඩියෝවෙන් අපි කතා කරන්නේ ජනප්‍රිය ගායකයා ගැනයි. මෙහිදී source ලෙස සඳහන් කරන්නේ ප්‍රවේශපත්‍ර සහ ස්ථානය යන්නයි. video එක පුරාම ප්‍රධාන අවධානය concert update මතම තියෙනවා. මෙය external fact check එකක් නොව title, description සහ transcript එක එකිනෙකට ගැළපෙනවාද කියලා බලන උදාහරණයක්. වැදගත්ම දෙය නම් claim එකට transcript එක තුළ ප්‍රමාණවත් support තියෙනවාද කියලා පරීක්ෂා කිරීමයි.",Entertainment,Not False,Consistent,consistent,"Title, description, and transcript discuss the same subject and supported detail.",false,SYN00093,SYN00093,0.103,0.164,0.438,synthetic-entertainment-syn00093,new,,
SYNNEG00418,SYNNEG00418,https://synthetic.local/watch?v=SYNNEG00418,ඔවුන් මේක සඟවනවා! Facebook account ගැන සම්පූර්ණ ඇත්ත,මෙම video එක 100% තහවුරු වූ breaking news එකක් කියලා overclaim කරයි.,"අද වීඩියෝවෙන් අපි කතා කරන්නේ Facebook account ගැනයි. මෙහිදී source ලෙස සඳහන් කරන්නේ password ආරක්ෂාව යන්නයි. video එක පුරාම ප්‍රධාන අවධානය security warning මතම තියෙනවා. මෙය external fact check එකක් නොව title, description සහ transcript එක එකිනෙකට ගැළපෙනවාද කියලා බලන උදාහරණයක්. වැදගත්ම දෙය නම් claim එකට transcript එක තුළ ප්‍රමාණවත් support තියෙනවාද කියලා පරීක්ෂා කිරීමයි.",Technology,False,Inconsistent,clickbait_overclaim,Metadata overclaims certainty while transcript is only a general discussion.,true,SYN00189,SYN00199,0.033,0.063,0.000,synthetic-technology-synneg00418,new,,
SYN00490,SYN00490,https://synthetic.local/watch?v=SYN00490,වැසි තත්ත්වය ගැන official update - කාලගුණ warning,වැසි තත්ත්වය සම්බන්ධ කාලගුණ warning සහ දිස්ත්‍රික්ක අනුව අනාවැකි ගැන සිංහල පැහැදිලි කිරීමක්.,"මේ update එකේ ප්‍රධාන කරුණ වැසි තත්ත්වය සම්බන්ධයෙන් ලැබුණු තොරතුරුයි. video එක පුරාම ප්‍රධාන අවධානය කාලගුණ warning මතම තියෙනවා. අවසානයේ viewers ලාට නිල update බලලා තීරණ ගන්න කියනවා. මෙය external fact check එකක් නොව title, description සහ transcript එක එකිනෙකට ගැළපෙනවාද කියලා බලන උදාහරණයක්. වැදගත්ම දෙය නම් claim එකට transcript එක තුළ ප්‍රමාණවත් support තියෙනවාද කියලා පරීක්ෂා කිරීමයි.",Weather,Not False,Consistent,consistent,"Title, description, and transcript discuss the same subject and supported detail.",false,SYN00490,SYN00490,0.140,0.092,0.333,synthetic-weather-syn00490,new,,
SYN00452,SYN00452,https://synthetic.local/watch?v=SYN00452,පාසල් නිවාඩු ගැන official update - කාලසටහන් වෙනස්වීම,පාසල් නිවාඩු සම්බන්ධ කාලසටහන් වෙනස්වීම සහ අධ්‍යාපන අමාත්‍යාංශ update ගැන සිංහල පැහැදිලි කිරීමක්.,"ගොඩක් අය අහන ප්‍රශ්නයක් වන පාසල් නිවාඩු ගැන මෙහි පැහැදිලි කරනවා. කාලසටහන් වෙනස්වීම ගැන කථිකයා පියවරෙන් පියවර පැහැදිලි කරයි. මෙහිදී source ලෙස සඳහන් කරන්නේ අධ්‍යාපන අමාත්‍යාංශ update යන්නයි. මෙය external fact check එකක් නොව title, description සහ transcript එක එකිනෙකට ගැළපෙනවාද කියලා බලන උදාහරණයක්. වැදගත්ම දෙය නම් claim එකට transcript එක තුළ ප්‍රමාණවත් support තියෙනවාද කියලා පරීක්ෂා කිරීමයි.",Education,Not False,Consistent,consistent,"Title, description, and transcript discuss the same subject and supported detail.",false,SYN00452,SYN00452,0.115,0.206,0.412,synthetic-education-syn00452,new,,
SYN00252,SYN00252,https://synthetic.local/watch?v=SYN00252,පාසල් නිවාඩු ගැන official update - කාලසටහන් වෙනස්වීම,පාසල් නිවාඩු සම්බන්ධ කාලසටහන් වෙනස්වීම සහ අධ්‍යාපන අමාත්‍යාංශ update ගැන සිංහල පැහැදිලි කිරීමක්.,"අද වීඩියෝවෙන් අපි කතා කරන්නේ පාසල් නිවාඩු ගැනයි. කාලසටහන් වෙනස්වීම ගැන කථිකයා පියවරෙන් පියවර පැහැදිලි කරයි. මෙහිදී source ලෙස සඳහන් කරන්නේ අධ්‍යාපන අමාත්‍යාංශ update යන්නයි. මෙය external fact check එකක් නොව title, description සහ transcript එක එකිනෙකට ගැළපෙනවාද කියලා බලන උදාහරණයක්. වැදගත්ම දෙය නම් claim එකට transcript එක තුළ ප්‍රමාණවත් support තියෙනවාද කියලා පරීක්ෂා කිරීමයි.",Education,Not False,Consistent,consistent,"Title, description, and transcript discuss the same subject and supported detail.",false,SYN00252,SYN00252,0.119,0.213,0.412,synthetic-education-syn00252,new,,
SYNNEG00154,SYNNEG00154,https://synthetic.local/watch?v=SYNNEG00154,රජයේ allowance සම්බන්ධ නව තීරණයක්ද? ජනතාව අහන ප්‍රශ්න,රජයේ allowance සම්බන්ධ official අයදුම් ක්‍රමය සහ ලැබිය යුතු පවුල් කාණ්ඩ ගැන සිංහල පැහැදිලි කිරීමක්.,"අද වීඩියෝවෙන් අපි කතා කරන්නේ රජයේ allowance ගැනයි. මෙහිදී source ලෙස සඳහන් කරන්නේ ලැබිය යුතු පවුල් කාණ්ඩ යන්නයි. video එක පුරාම ප්‍රධාන අවධානය official අයදුම් ක්‍රමය මතම තියෙනවා. මෙය external fact check එකක් නොව title, description සහ transcript එක එකිනෙකට ගැළපෙනවාද කියලා බලන උදාහරණයක්. වැදගත්ම දෙය නම් claim එකට transcript එක තුළ ප්‍රමාණවත් support තියෙනවාද කියලා පරීක්ෂා කිරීමයි.",Government,False,Inconsistent,weak_support,Transcript mentions the topic but does not support the main promised claim.,true,SYN00045,SYN00055,0.047,0.175,0.136,synthetic-government-synneg00154,new,,
SYNNEG00270,SYNNEG00270,https://synthetic.local/watch?v=SYNNEG00270,වී වගාව ගැන official update - පොහොර සහනාධාරය,වී වගාව සම්බන්ධ පොහොර සහනාධාරය සහ කෘෂිකර්ම නිලධාරීන්ගේ උපදෙස් ගැන සිංහල පැහැදිලි කිරීමක්.,"මේ update එකේ ප්‍රධාන කරුණ තේ වගාව සම්බන්ධයෙන් ලැබුණු තොරතුරුයි. අවසානයේ viewers ලාට නිල update බලලා තීරණ ගන්න කියනවා. නව රෝග පාලන ක්‍රම ගැන කථිකයා පියවරෙන් පියවර පැහැදිලි කරයි. මෙය external fact check එකක් නොව title, description සහ transcript එක එකිනෙකට ගැළපෙනවාද කියලා බලන උදාහරණයක්. වැදගත්ම දෙය නම් claim එකට transcript එක තුළ ප්‍රමාණවත් support තියෙනවාද කියලා පරීක්ෂා කිරීමයි.",Agriculture,False,Inconsistent,same_topic_swap,Same-topic hard negative: metadata and transcript are from different synthetic videos.,true,SYN00201,SYN00211,0.081,0.059,0.312,synthetic-agriculture-synneg00270,new,,
SYNNEG00171,SYNNEG00171,https://synthetic.local/watch?v=SYNNEG00171,ඔවුන් මේක සඟවනවා! පාසල් නිවාඩු ගැන සම්පූර්ණ ඇත්ත,පාසල් නිවාඩු සම්බන්ධ කාලසටහන් වෙනස්වීම සහ අධ්‍යාපන අමාත්‍යාංශ update ගැන සිංහල පැහැදිලි කිරීමක්.,"ගොඩක් අය අහන ප්‍රශ්නයක් වන පාසල් නිවාඩු ගැන මෙහි පැහැදිලි කරනවා. කාලසටහන් වෙනස්වීම ගැන කථිකයා පියවරෙන් පියවර පැහැදිලි කරයි. මෙහිදී source ලෙස සඳහන් කරන්නේ අධ්‍යාපන අමාත්‍යාංශ update යන්නයි. මෙය external fact check එකක් නොව title, description සහ transcript එක එකිනෙකට ගැළපෙනවාද කියලා බලන උදාහරණයක්. වැදගත්ම දෙය නම් claim එකට transcript එක තුළ ප්‍රමාණවත් support තියෙනවාද කියලා පරීක්ෂා කිරීමයි.",Education,False,Inconsistent,title_transcript_mismatch,Title makes a stronger promise than the transcript supports.,true,SYN00212,SYN00222,0.046,0.206,0.143,synthetic-education-synneg00171,new,,
SYN00130,SYN00130,https://synthetic.local/watch?v=SYN00130,වැසි තත්ත්වය ගැන official update - කාලගුණ warning,වැසි තත්ත්වය සම්බන්ධ කාලගුණ warning සහ දිස්ත්‍රික්ක අනුව අනාවැකි ගැන සිංහල පැහැදිලි කිරීමක්.,"මේ update එකේ ප්‍රධාන කරුණ වැසි තත්ත්වය සම්බන්ධයෙන් ලැබුණු තොරතුරුයි. video එක පුරාම ප්‍රධාන අවධානය කාලගුණ warning මතම තියෙනවා. අවසානයේ viewers ලාට නිල update බලලා තීරණ ගන්න කියනවා. මෙය external fact check එකක් නොව title, description සහ transcript එක එකිනෙකට ගැළපෙනවාද කියලා බලන උදාහරණයක්. වැදගත්ම දෙය නම් claim එකට transcript එක තුළ ප්‍රමාණවත් support තියෙනවාද කියලා පරීක්ෂා කිරීමයි.",Weather,Not False,Consistent,consistent,"Title, description, and transcript discuss the same subject and supported detail.",false,SYN00130,SYN00130,0.140,0.092,0.333,synthetic-weather-syn00130,new,,
SYNNEG00138,SYNNEG00138,https://synthetic.local/watch?v=SYNNEG00138,ඔවුන් මේක සඟවනවා! Facebook account ගැන සම්පූර්ණ ඇත්ත,මෙම video එක 100% තහවුරු වූ breaking news එකක් කියලා overclaim කරයි.,"ගොඩක් අය අහන ප්‍රශ්නයක් වන Facebook account ගැන මෙහි පැහැදිලි කරනවා. මෙහිදී source ලෙස සඳහන් කරන්නේ password ආරක්ෂාව යන්නයි. video එක පුරාම ප්‍රධාන අවධානය security warning මතම තියෙනවා. මෙය external fact check එකක් නොව title, description සහ transcript එක එකිනෙකට ගැළපෙනවාද කියලා බලන උදාහරණයක්. වැදගත්ම දෙය නම් claim එකට transcript එක තුළ ප්‍රමාණවත් support තියෙනවාද කියලා පරීක්ෂා කිරීමයි.",Technology,False,Inconsistent,clickbait_overclaim,Metadata overclaims certainty while transcript is only a general discussion.,true,SYN00389,SYN00399,0.047,0.060,0.000,synthetic-technology-synneg00138,new,,
SYNNEG00492,SYNNEG00492,https://synthetic.local/watch?v=SYNNEG00492,ටෙලි නාට්‍යය ගැන official update - අලුත් episode,"ටෙලි නාට්‍යය ගැන සියලු official ලේඛන, නම් ලැයිස්තු, දිනයන් සහ රහස් තොරතුරු transcript එකේ සම්පූර්ණයෙන් ඇති බව කියයි.","අද වීඩියෝවෙන් අපි කතා කරන්නේ ටෙලි නාට්‍යය ගැනයි. අවසානයේ viewers ලාට නිල update බලලා තීරණ ගන්න කියනවා. අලුත් episode ගැන කථිකයා පියවරෙන් පියවර පැහැදිලි කරයි. මෙය external fact check එකක් නොව title, description සහ transcript එක එකිනෙකට ගැළපෙනවාද කියලා බලන උදාහරණයක්. වැදගත්ම දෙය නම් claim එකට transcript එක තුළ ප්‍රමාණවත් support තියෙනවාද කියලා පරීක්ෂා කිරීමයි.",Entertainment,False,Inconsistent,description_transcript_mismatch,Description promises detailed evidence that the transcript does not contain.,true,SYN00423,SYN00433,0.158,0.118,0.217,synthetic-entertainment-synneg00492,new,,
SYN00343,SYN00343,https://synthetic.local/watch?v=SYN00343,ටෙලි නාට්‍යය ගැන official update - අලුත් episode,ටෙලි නාට්‍යය සම්බන්ධ අලුත් episode සහ කතාවේ ඉදිරි වෙනස්කම් ගැන සිංහල පැහැදිලි කිරීමක්.,"මේ update එකේ ප්‍රධාන කරුණ ටෙලි නාට්‍යය සම්බන්ධයෙන් ලැබුණු තොරතුරුයි. අවසානයේ viewers ලාට නිල update බලලා තීරණ ගන්න කියනවා. අලුත් episode ගැන කථිකයා පියවරෙන් පියවර පැහැදිලි කරයි. මෙය external fact check එකක් නොව title, description සහ transcript එක එකිනෙකට ගැළපෙනවාද කියලා බලන උදාහරණයක්. වැදගත්ම දෙය නම් claim එකට transcript එක තුළ ප්‍රමාණවත් support තියෙනවාද කියලා පරීක්ෂා කිරීමයි.",Entertainment,Not False,Consistent,consistent,"Title, description, and transcript discuss the same subject and supported detail.",false,SYN00343,SYN00343,0.158,0.127,0.353,synthetic-entertainment-syn00343,new,,
SYN00309,SYN00309,https://synthetic.local/watch?v=SYN00309,Facebook account ගැන official update - security warning,Facebook account සම්බන්ධ security warning සහ password ආරක්ෂාව ගැන සිංහල පැහැදිලි කිරීමක්.,"අද වීඩියෝවෙන් අපි කතා කරන්නේ Facebook account ගැනයි. මෙහිදී source ලෙස සඳහන් කරන්නේ password ආරක්ෂාව යන්නයි. video එක පුරාම ප්‍රධාන අවධානය security warning මතම තියෙනවා. මෙය external fact check එකක් නොව title, description සහ transcript එක එකිනෙකට ගැළපෙනවාද කියලා බලන උදාහරණයක්. වැදගත්ම දෙය නම් claim එකට transcript එක තුළ ප්‍රමාණවත් support තියෙනවාද කියලා පරීක්ෂා කිරීමයි.",Technology,Not False,Consistent,consistent,"Title, description, and transcript discuss the same subject and supported detail.",false,SYN00309,SYN00309,0.085,0.133,0.375,synthetic-technology-syn00309,new,,
SYN00137,SYN00137,https://synthetic.local/watch?v=SYN00137,election update ගැන official update - ඡන්ද දිනය ගැන පැහැදිලි කිරීම,election update සම්බන්ධ ඡන්ද දිනය ගැන පැහැදිලි කිරීම සහ කොමිසමේ නිවේදනය ගැන සිංහල පැහැදිලි කිරීමක්.,"ගොඩක් අය අහන ප්‍රශ්නයක් වන election update ගැන මෙහි පැහැදිලි කරනවා. මෙහිදී source ලෙස සඳහන් කරන්නේ කොමිසමේ නිවේදනය යන්නයි. video එක පුරාම ප්‍රධාන අවධානය ඡන්ද දිනය ගැන පැහැදිලි කිරීම මතම තියෙනවා. මෙය external fact check එකක් නොව title, description සහ transcript එක එකිනෙකට ගැළපෙනවාද කියලා බලන උදාහරණයක්. වැදගත්ම දෙය නම් claim එකට transcript එක තුළ ප්‍රමාණවත් support තියෙනවාද කියලා පරීක්ෂා කිරීමයි.",Politics,Not False,Consistent,consistent,"Title, description, and transcript discuss the same subject and supported detail.",false,SYN00137,SYN00137,0.117,0.161,0.500,synthetic-politics-syn00137,new,,
SYN00089,SYN00089,https://synthetic.local/watch?v=SYN00089,mobile app ගැන official update - privacy update,mobile app සම්බන්ධ privacy update සහ දත්ත ආරක්ෂාව ගැන පැහැදිලි කිරීම ගැන සිංහල පැහැදිලි කිරීමක්.,"ගොඩක් අය අහන ප්‍රශ්නයක් වන mobile app ගැන මෙහි පැහැදිලි කරනවා. මෙහිදී source ලෙස සඳහන් කරන්නේ දත්ත ආරක්ෂාව ගැන පැහැදිලි කිරීම යන්නයි. video එක පුරාම ප්‍රධාන අවධානය privacy update මතම තියෙනවා. මෙය external fact check එකක් නොව title, description සහ transcript එක එකිනෙකට ගැළපෙනවාද කියලා බලන උදාහරණයක්. වැදගත්ම දෙය නම් claim එකට transcript එක තුළ ප්‍රමාණවත් support තියෙනවාද කියලා පරීක්ෂා කිරීමයි.",Technology,Not False,Consistent,consistent,"Title, description, and transcript discuss the same subject and supported detail.",false,SYN00089,SYN00089,0.100,0.161,0.429,synthetic-technology-syn00089,new,,
SYN00328,SYN00328,https://synthetic.local/watch?v=SYN00328,පොහොය වැඩසටහන ගැන official update - පන්සල් කාලසටහන,පොහොය වැඩසටහන සම්බන්ධ පන්සල් කාලසටහන සහ දායකයින්ට දැනුම්දීම ගැන සිංහල පැහැදිලි කිරීමක්.,"මේ update එකේ ප්‍රධාන කරුණ පොහොය වැඩසටහන සම්බන්ධයෙන් ලැබුණු තොරතුරුයි. පන්සල් කාලසටහන ගැන කථිකයා පියවරෙන් පියවර පැහැදිලි කරයි. මෙහිදී source ලෙස සඳහන් කරන්නේ දායකයින්ට දැනුම්දීම යන්නයි. මෙය external fact check එකක් නොව title, description සහ transcript එක එකිනෙකට ගැළපෙනවාද කියලා බලන උදාහරණයක්. වැදගත්ම දෙය නම් claim එකට transcript එක තුළ ප්‍රමාණවත් support තියෙනවාද කියලා පරීක්ෂා කිරීමයි.",Religion,Not False,Consistent,consistent,"Title, description, and transcript discuss the same subject and supported detail.",false,SYN00328,SYN00328,0.121,0.150,0.333,synthetic-religion-syn00328,new,,
SYN00476,SYN00476,https://synthetic.local/watch?v=SYN00476,medicine shortage ගැන official update - රෝහල් තත්ත්වය,medicine shortage සම්බන්ධ රෝහල් තත්ත්වය සහ නිල සැපයුම් update ගැන සිංහල පැහැදිලි කිරීමක්.,"ගොඩක් අය අහන ප්‍රශ්නයක් වන medicine shortage ගැන මෙහි පැහැදිලි කරනවා. රෝහල් තත්ත්වය ගැන කථිකයා පියවරෙන් පියවර පැහැදිලි කරයි. මෙහිදී source ලෙස සඳහන් කරන්නේ නිල සැපයුම් update යන්නයි. මෙය external fact check එකක් නොව title, description සහ transcript එක එකිනෙකට ගැළපෙනවාද කියලා බලන උදාහරණයක්. වැදගත්ම දෙය නම් claim එකට transcript එක තුළ ප්‍රමාණවත් support තියෙනවාද කියලා පරීක්ෂා කිරීමයි.",Health,Not False,Consistent,consistent,"Title, description, and transcript discuss the same subject and supported detail.",false,SYN00476,SYN00476,0.138,0.180,0.571,synthetic-health-syn00476,new,,
SYNNEG00482,SYNNEG00482,https://synthetic.local/watch?v=SYNNEG00482,නව චිත්‍රපටය ගැන official update - release දිනය,"නව චිත්‍රපටය ගැන සියලු official ලේඛන, නම් ලැයිස්තු, දිනයන් සහ රහස් තොරතුරු transcript එකේ සම්පූර්ණයෙන් ඇති බව කියයි.","ගොඩක් අය අහන ප්‍රශ්නයක් වන නව චිත්‍රපටය ගැන මෙහි පැහැදිලි කරනවා. අවසානයේ viewers ලාට නිල update බලලා තීරණ ගන්න කියනවා. release දිනය ගැන කථිකයා පියවරෙන් පියවර පැහැදිලි කරයි. මෙය external fact check එකක් නොව title, description සහ transcript එක එකිනෙකට ගැළපෙනවාද කියලා බලන උදාහරණයක්. වැදගත්ම දෙය නම් claim එකට transcript එක තුළ ප්‍රමාණවත් support තියෙනවාද කියලා පරීක්ෂා කිරීමයි.",Entertainment,False,Inconsistent,description_transcript_mismatch,Description promises detailed evidence that the transcript does not contain.,true,SYN00323,SYN00333,0.155,0.116,0.217,synthetic-entertainment-synneg00482,new,,
SYNNEG00351,SYNNEG00351,https://synthetic.local/watch?v=SYNNEG00351,ඔවුන් මේක සඟවනවා! පාසල් නිවාඩු ගැන සම්පූර්ණ ඇත්ත,පාසල් නිවාඩු සම්බන්ධ කාලසටහන් වෙනස්වීම සහ අධ්‍යාපන අමාත්‍යාංශ update ගැන සිංහල පැහැදිලි කිරීමක්.,"අද වීඩියෝවෙන් අපි කතා කරන්නේ පාසල් නිවාඩු ගැනයි. කාලසටහන් වෙනස්වීම ගැන කථිකයා පියවරෙන් පියවර පැහැදිලි කරයි. මෙහිදී source ලෙස සඳහන් කරන්නේ අධ්‍යාපන අමාත්‍යාංශ update යන්නයි. මෙය external fact check එකක් නොව title, description සහ transcript එක එකිනෙකට ගැළපෙනවාද කියලා බලන උදාහරණයක්. වැදගත්ම දෙය නම් claim එකට transcript එක තුළ ප්‍රමාණවත් support තියෙනවාද කියලා පරීක්ෂා කිරීමයි.",Education,False,Inconsistent,title_transcript_mismatch,Title makes a stronger promise than the transcript supports.,true,SYN00012,SYN00022,0.048,0.213,0.143,synthetic-education-synneg00351,new,,
SYNNEG00393,SYNNEG00393,https://synthetic.local/watch?v=SYNNEG00393,100% තහවුරුයි! විදුලි බිල් සහනය ගැන official තීරණය එළියට,මෙම video එක 100% තහවුරු වූ breaking news එකක් කියලා overclaim කරයි.,"ගොඩක් අය අහන ප්‍රශ්නයක් වන විදුලි බිල් සහනය ගැන මෙහි පැහැදිලි කරනවා. video එක පුරාම ප්‍රධාන අවධානය ගෙවීම් ක්‍රම මතම තියෙනවා. අවසානයේ viewers ලාට නිල update බලලා තීරණ ගන්න කියනවා. මෙය external fact check එකක් නොව title, description සහ transcript එක එකිනෙකට ගැළපෙනවාද කියලා බලන උදාහරණයක්. වැදගත්ම දෙය නම් claim එකට transcript එක තුළ ප්‍රමාණවත් support තියෙනවාද කියලා පරීක්ෂා කිරීමයි.",Finance,False,Inconsistent,clickbait_overclaim,Metadata overclaims certainty while transcript is only a general discussion.,true,SYN00434,SYN00444,0.077,0.058,0.050,synthetic-finance-synneg00393,new,,
SYN00376,SYN00376,https://synthetic.local/watch?v=SYN00376,දියවැඩියාව ගැන official update - ආහාර පාලන ක්‍රම,දියවැඩියාව සම්බන්ධ ආහාර පාලන ක්‍රම සහ doctor පැහැදිලි කිරීම ගැන සිංහල පැහැදිලි කිරීමක්.,"මේ update එකේ ප්‍රධාන කරුණ දියවැඩියාව සම්බන්ධයෙන් ලැබුණු තොරතුරුයි. ආහාර පාලන ක්‍රම ගැන කථිකයා පියවරෙන් පියවර පැහැදිලි කරයි. මෙහිදී source ලෙස සඳහන් කරන්නේ doctor පැහැදිලි කිරීම යන්නයි. මෙය external fact check එකක් නොව title, description සහ transcript එක එකිනෙකට ගැළපෙනවාද කියලා බලන උදාහරණයක්. වැදගත්ම දෙය නම් claim එකට transcript එක තුළ ප්‍රමාණවත් support තියෙනවාද කියලා පරීක්ෂා කිරීමයි.",Health,Not False,Consistent,consistent,"Title, description, and transcript discuss the same subject and supported detail.",false,SYN00376,SYN00376,0.136,0.180,0.438,synthetic-health-syn00376,new,,
SYN00179,SYN00179,https://synthetic.local/watch?v=SYN00179,AI tool ගැන official update - සිංහල භාවිතය,AI tool සම්බන්ධ සිංහල භාවිතය සහ නව feature සහ සීමා ගැන සිංහල පැහැදිලි කිරීමක්.,"ගොඩක් අය අහන ප්‍රශ්නයක් වන AI tool ගැන මෙහි පැහැදිලි කරනවා. අවසානයේ viewers ලාට නිල update බලලා තීරණ ගන්න කියනවා. සිංහල භාවිතය ගැන කථිකයා පියවරෙන් පියවර පැහැදිලි කරයි. මෙය external fact check එකක් නොව title, description සහ transcript එක එකිනෙකට ගැළපෙනවාද කියලා බලන උදාහරණයක්. වැදගත්ම දෙය නම් claim එකට transcript එක තුළ ප්‍රමාණවත් support තියෙනවාද කියලා පරීක්ෂා කිරීමයි.",Technology,Not False,Consistent,consistent,"Title, description, and transcript discuss the same subject and supported detail.",false,SYN00179,SYN00179,0.140,0.113,0.333,synthetic-technology-syn00179,new,,
SYN00027,SYN00027,https://synthetic.local/watch?v=SYN00027,අමාත්‍ය මණ්ඩලය ගැන official update - නව තීරණ,අමාත්‍ය මණ්ඩලය සම්බන්ධ නව තීරණ සහ මාධ්‍ය හමුවේ විස්තර ගැන සිංහල පැහැදිලි කිරීමක්.,"අද වීඩියෝවෙන් අපි කතා කරන්නේ අමාත්‍ය මණ්ඩලය ගැනයි. අවසානයේ viewers ලාට නිල update බලලා තීරණ ගන්න කියනවා. නව තීරණ ගැන කථිකයා පියවරෙන් පියවර පැහැදිලි කරයි. මෙය external fact check එකක් නොව title, description සහ transcript එක එකිනෙකට ගැළපෙනවාද කියලා බලන උදාහරණයක්. වැදගත්ම දෙය නම් claim එකට transcript එක තුළ ප්‍රමාණවත් support තියෙනවාද කියලා පරීක්ෂා කිරීමයි.",Politics,Not False,Consistent,consistent,"Title, description, and transcript discuss the same subject and supported detail.",false,SYN00027,SYN00027,0.145,0.115,0.312,synthetic-politics-syn00027,new,,
SYN00350,SYN00350,https://synthetic.local/watch?v=SYN00350,ගංවතුර තත්ත්වය ගැන official update - ජල මට්ටම් update,ගංවතුර තත්ත්වය සම්බන්ධ ජල මට්ටම් update සහ ආපදා කළමනාකරණ උපදෙස් ගැන සිංහල පැහැදිලි කිරීමක්.,"ගොඩක් අය අහන ප්‍රශ්නයක් වන ගංවතුර තත්ත්වය ගැන මෙහි පැහැදිලි කරනවා. video එක පුරාම ප්‍රධාන අවධානය ජල මට්ටම් update මතම තියෙනවා. අවසානයේ viewers ලාට නිල update බලලා තීරණ ගන්න කියනවා. මෙය external fact check එකක් නොව title, description සහ transcript එක එකිනෙකට ගැළපෙනවාද කියලා බලන උදාහරණයක්. වැදගත්ම දෙය නම් claim එකට transcript එක තුළ ප්‍රමාණවත් support තියෙනවාද කියලා පරීක්ෂා කිරීමයි.",Weather,Not False,Consistent,consistent,"Title, description, and transcript discuss the same subject and supported detail.",false,SYN00350,SYN00350,0.136,0.138,0.438,synthetic-weather-syn00350,new,,
SYN00500,SYN00500,https://synthetic.local/watch?v=SYN00500,සුළි කුණාටු අවදානම ගැන official update - official forecast,සුළි කුණාටු අවදානම සම්බන්ධ official forecast සහ මුහුදු ප්‍රදේශ අනතුරු ඇඟවීම ගැන සිංහල පැහැදිලි කිරීමක්.,"ගොඩක් අය අහන ප්‍රශ්නයක් වන සුළි කුණාටු අවදානම ගැන මෙහි පැහැදිලි කරනවා. official forecast ගැන කථිකයා පියවරෙන් පියවර පැහැදිලි කරයි. මෙහිදී source ලෙස සඳහන් කරන්නේ මුහුදු ප්‍රදේශ අනතුරු ඇඟවීම යන්නයි. මෙය external fact check එකක් නොව title, description සහ transcript එක එකිනෙකට ගැළපෙනවාද කියලා බලන උදාහරණයක්. වැදගත්ම දෙය නම් claim එකට transcript එක තුළ ප්‍රමාණවත් support තියෙනවාද කියලා පරීක්ෂා කිරීමයි.",Weather,Not False,Consistent,consistent,"Title, description, and transcript discuss the same subject and supported detail.",false,SYN00500,SYN00500,0.098,0.210,0.333,synthetic-weather-syn00500,new,,
SYN00475,SYN00475,https://synthetic.local/watch?v=SYN00475,රජයේ job ගැන official update - අයදුම්පත් කැඳවීම,රජයේ job සම්බන්ධ අයදුම්පත් කැඳවීම සහ සුදුසුකම් සහ අවසන් දිනය ගැන සිංහල පැහැදිලි කිරීමක්.,"මේ update එකේ ප්‍රධාන කරුණ රජයේ job සම්බන්ධයෙන් ලැබුණු තොරතුරුයි. අවසානයේ viewers ලාට නිල update බලලා තීරණ ගන්න කියනවා. අයදුම්පත් කැඳවීම ගැන කථිකයා පියවරෙන් පියවර පැහැදිලි කරයි. මෙය external fact check එකක් නොව title, description සහ transcript එක එකිනෙකට ගැළපෙනවාද කියලා බලන උදාහරණයක්. වැදගත්ම දෙය නම් claim එකට transcript එක තුළ ප්‍රමාණවත් support තියෙනවාද කියලා පරීක්ෂා කිරීමයි.",Government,Not False,Consistent,consistent,"Title, description, and transcript discuss the same subject and supported detail.",false,SYN00475,SYN00475,0.143,0.113,0.312,synthetic-government-syn00475,new,,
SYNNEG00118,SYNNEG00118,https://synthetic.local/watch?v=SYNNEG00118,ඔවුන් මේක සඟවනවා! Facebook account ගැන සම්පූර්ණ ඇත්ත,මෙම video එක 100% තහවුරු වූ breaking news එකක් කියලා overclaim කරයි.,"අද වීඩියෝවෙන් අපි කතා කරන්නේ Facebook account ගැනයි. මෙහිදී source ලෙස සඳහන් කරන්නේ password ආරක්ෂාව යන්නයි. video එක පුරාම ප්‍රධාන අවධානය security warning මතම තියෙනවා. මෙය external fact check එකක් නොව title, description සහ transcript එක එකිනෙකට ගැළපෙනවාද කියලා බලන උදාහරණයක්. වැදගත්ම දෙය නම් claim එකට transcript එක තුළ ප්‍රමාණවත් support තියෙනවාද කියලා පරීක්ෂා කිරීමයි.",Technology,False,Inconsistent,clickbait_overclaim,Metadata overclaims certainty while transcript is only a general discussion.,true,SYN00189,SYN00199,0.033,0.063,0.000,synthetic-technology-synneg00118,new,,
SYNNEG00198,SYNNEG00198,https://synthetic.local/watch?v=SYNNEG00198,ඔවුන් මේක සඟවනවා! mobile app ගැන සම්පූර්ණ ඇත්ත,මෙම video එක 100% තහවුරු වූ breaking news එකක් කියලා overclaim කරයි.,"අද වීඩියෝවෙන් අපි කතා කරන්නේ mobile app ගැනයි. මෙහිදී source ලෙස සඳහන් කරන්නේ දත්ත ආරක්ෂාව ගැන පැහැදිලි කිරීම යන්නයි. video එක පුරාම ප්‍රධාන අවධානය privacy update මතම තියෙනවා. මෙය external fact check එකක් නොව title, description සහ transcript එක එකිනෙකට ගැළපෙනවාද කියලා බලන උදාහරණයක්. වැදගත්ම දෙය නම් claim එකට transcript එක තුළ ප්‍රමාණවත් support තියෙනවාද කියලා පරීක්ෂා කිරීමයි.",Technology,False,Inconsistent,clickbait_overclaim,Metadata overclaims certainty while transcript is only a general discussion.,true,SYN00489,SYN00499,0.048,0.062,0.000,synthetic-technology-synneg00198,new,,
SYN00051,SYN00051,https://synthetic.local/watch?v=SYN00051,තේ වගාව ගැන official update - නව රෝග පාලන ක්‍රම,තේ වගාව සම්බන්ධ නව රෝග පාලන ක්‍රම සහ ගොවීන්ට ලබාදෙන උපදෙස් ගැන සිංහල පැහැදිලි කිරීමක්.,"අද වීඩියෝවෙන් අපි කතා කරන්නේ තේ වගාව ගැනයි. අවසානයේ viewers ලාට නිල update බලලා තීරණ ගන්න කියනවා. නව රෝග පාලන ක්‍රම ගැන කථිකයා පියවරෙන් පියවර පැහැදිලි කරයි. මෙය external fact check එකක් නොව title, description සහ transcript එක එකිනෙකට ගැළපෙනවාද කියලා බලන උදාහරණයක්. වැදගත්ම දෙය නම් claim එකට transcript එක තුළ ප්‍රමාණවත් support තියෙනවාද කියලා පරීක්ෂා කිරීමයි.",Agriculture,Not False,Consistent,consistent,"Title, description, and transcript discuss the same subject and supported detail.",false,SYN00051,SYN00051,0.186,0.154,0.421,synthetic-agriculture-syn00051,new,,
SYN00212,SYN00212,https://synthetic.local/watch?v=SYN00212,පාසල් නිවාඩු ගැන official update - කාලසටහන් වෙනස්වීම,පාසල් නිවාඩු සම්බන්ධ කාලසටහන් වෙනස්වීම සහ අධ්‍යාපන අමාත්‍යාංශ update ගැන සිංහල පැහැදිලි කිරීමක්.,"ගොඩක් අය අහන ප්‍රශ්නයක් වන පාසල් නිවාඩු ගැන මෙහි පැහැදිලි කරනවා. කාලසටහන් වෙනස්වීම ගැන කථිකයා පියවරෙන් පියවර පැහැදිලි කරයි. මෙහිදී source ලෙස සඳහන් කරන්නේ අධ්‍යාපන අමාත්‍යාංශ update යන්නයි. මෙය external fact check එකක් නොව title, description සහ transcript එක එකිනෙකට ගැළපෙනවාද කියලා බලන උදාහරණයක්. වැදගත්ම දෙය නම් claim එකට transcript එක තුළ ප්‍රමාණවත් support තියෙනවාද කියලා පරීක්ෂා කිරීමයි.",Education,Not False,Consistent,consistent,"Title, description, and transcript discuss the same subject and supported detail.",false,SYN00212,SYN00212,0.115,0.206,0.412,synthetic-education-syn00212,new,,
SYN00382,SYN00382,https://synthetic.local/watch?v=SYN00382,විශ්වවිද්‍යාල ප්‍රවේශය ගැන official update - නව cut-off ලකුණු,විශ්වවිද්‍යාල ප්‍රවේශය සම්බන්ධ නව cut-off ලකුණු සහ අයදුම්කරුවන්ට උපදෙස් ගැන සිංහල පැහැදිලි කිරීමක්.,"මේ update එකේ ප්‍රධාන කරුණ විශ්වවිද්‍යාල ප්‍රවේශය සම්බන්ධයෙන් ලැබුණු තොරතුරුයි. video එක පුරාම ප්‍රධාන අවධානය නව cut-off ලකුණු මතම තියෙනවා. අවසානයේ viewers ලාට නිල update බලලා තීරණ ගන්න කියනවා. මෙය external fact check එකක් නොව title, description සහ transcript එක එකිනෙකට ගැළපෙනවාද කියලා බලන උදාහරණයක්. වැදගත්ම දෙය නම් claim එකට transcript එක තුළ ප්‍රමාණවත් support තියෙනවාද කියලා පරීක්ෂා කිරීමයි.",Education,Not False,Consistent,consistent,"Title, description, and transcript discuss the same subject and supported detail.",false,SYN00382,SYN00382,0.186,0.138,0.474,synthetic-education-syn00382,new,,
SYNNEG00384,SYNNEG00384,https://synthetic.local/watch?v=SYNNEG00384,gazette නිවේදනය ගැන ලොකු වෙනසක්? සම්පූර්ණ update මෙන්න,gazette නිවේදනය සම්බන්ධ නව නියමයන් සහ අදාළ දිනය සහ බලපෑම ගැන සිංහල පැහැදිලි කිරීමක්.,"අද වීඩියෝවෙන් අපි කතා කරන්නේ gazette නිවේදනය ගැනයි. මෙහිදී source ලෙස සඳහන් කරන්නේ අදාළ දිනය සහ බලපෑම යන්නයි. video එක පුරාම ප්‍රධාන අවධානය නව නියමයන් මතම තියෙනවා. මෙය external fact check එකක් නොව title, description සහ transcript එක එකිනෙකට ගැළපෙනවාද කියලා බලන උදාහරණයක්. වැදගත්ම දෙය නම් claim එකට transcript එක තුළ ප්‍රමාණවත් support තියෙනවාද කියලා පරීක්ෂා කිරීමයි.",Government,False,Inconsistent,weak_support,Transcript mentions the topic but does not support the main promised claim.,true,SYN00345,SYN00355,0.032,0.133,0.158,synthetic-government-synneg00384,new,,
SYN00174,SYN00174,https://synthetic.local/watch?v=SYN00174,රන් මිල ගැන official update - අද වෙළඳපොළ තත්ත්වය,රන් මිල සම්බන්ධ අද වෙළඳපොළ තත්ත්වය සහ මිල වෙනස්වීමට හේතු ගැන සිංහල පැහැදිලි කිරීමක්.,"අද වීඩියෝවෙන් අපි කතා කරන්නේ රන් මිල ගැනයි. video එක පුරාම ප්‍රධාන අවධානය අද වෙළඳපොළ තත්ත්වය මතම තියෙනවා. අවසානයේ viewers ලාට නිල update බලලා තීරණ ගන්න කියනවා. මෙය external fact check එකක් නොව title, description සහ transcript එක එකිනෙකට ගැළපෙනවාද කියලා බලන උදාහරණයක්. වැදගත්ම දෙය නම් claim එකට transcript එක තුළ ප්‍රමාණවත් support තියෙනවාද කියලා පරීක්ෂා කිරීමයි.",Finance,Not False,Consistent,consistent,"Title, description, and transcript discuss the same subject and supported detail.",false,SYN00174,SYN00174,0.140,0.095,0.375,synthetic-finance-syn00174,new,,
SYN00148,SYN00148,https://synthetic.local/watch?v=SYN00148,පුණ්‍ය කටයුතු ගැන official update - උත්සව සංවිධානය,පුණ්‍ය කටයුතු සම්බන්ධ උත්සව සංවිධානය සහ ප්‍රදේශවාසීන්ට උපදෙස් ගැන සිංහල පැහැදිලි කිරීමක්.,"මේ update එකේ ප්‍රධාන කරුණ පුණ්‍ය කටයුතු සම්බන්ධයෙන් ලැබුණු තොරතුරුයි. උත්සව සංවිධානය ගැන කථිකයා පියවරෙන් පියවර පැහැදිලි කරයි. මෙහිදී source ලෙස සඳහන් කරන්නේ ප්‍රදේශවාසීන්ට උපදෙස් යන්නයි. මෙය external fact check එකක් නොව title, description සහ transcript එක එකිනෙකට ගැළපෙනවාද කියලා බලන උදාහරණයක්. වැදගත්ම දෙය නම් claim එකට transcript එක තුළ ප්‍රමාණවත් support තියෙනවාද කියලා පරීක්ෂා කිරීමයි.",Religion,Not False,Consistent,consistent,"Title, description, and transcript discuss the same subject and supported detail.",false,SYN00148,SYN00148,0.121,0.167,0.312,synthetic-religion-syn00148,new,,
SYN00420,SYN00420,https://synthetic.local/watch?v=SYN00420,සුළි කුණාටු අවදානම ගැන official update - official forecast,සුළි කුණාටු අවදානම සම්බන්ධ official forecast සහ මුහුදු ප්‍රදේශ අනතුරු ඇඟවීම ගැන සිංහල පැහැදිලි කිරීමක්.,"අද වීඩියෝවෙන් අපි කතා කරන්නේ සුළි කුණාටු අවදානම ගැනයි. official forecast ගැන කථිකයා පියවරෙන් පියවර පැහැදිලි කරයි. මෙහිදී source ලෙස සඳහන් කරන්නේ මුහුදු ප්‍රදේශ අනතුරු ඇඟවීම යන්නයි. මෙය external fact check එකක් නොව title, description සහ transcript එක එකිනෙකට ගැළපෙනවාද කියලා බලන උදාහරණයක්. වැදගත්ම දෙය නම් claim එකට transcript එක තුළ ප්‍රමාණවත් support තියෙනවාද කියලා පරීක්ෂා කිරීමයි.",Weather,Not False,Consistent,consistent,"Title, description, and transcript discuss the same subject and supported detail.",false,SYN00420,SYN00420,0.102,0.217,0.333,synthetic-weather-syn00420,new,,
SYNNEG00462,SYNNEG00462,https://synthetic.local/watch?v=SYNNEG00462,නව චිත්‍රපටය ගැන official update - release දිනය,"නව චිත්‍රපටය ගැන සියලු official ලේඛන, නම් ලැයිස්තු, දිනයන් සහ රහස් තොරතුරු transcript එකේ සම්පූර්ණයෙන් ඇති බව කියයි.","අද වීඩියෝවෙන් අපි කතා කරන්නේ නව චිත්‍රපටය ගැනයි. අවසානයේ viewers ලාට නිල update බලලා තීරණ ගන්න කියනවා. release දිනය ගැන කථිකයා පියවරෙන් පියවර පැහැදිලි කරයි. මෙය external fact check එකක් නොව title, description සහ transcript එක එකිනෙකට ගැළපෙනවාද කියලා බලන උදාහරණයක්. වැදගත්ම දෙය නම් claim එකට transcript එක තුළ ප්‍රමාණවත් support තියෙනවාද කියලා පරීක්ෂා කිරීමයි.",Entertainment,False,Inconsistent,description_transcript_mismatch,Description promises detailed evidence that the transcript does not contain.,true,SYN00123,SYN00133,0.158,0.118,0.217,synthetic-entertainment-synneg00462,new,,
SYN00149,SYN00149,https://synthetic.local/watch?v=SYN00149,Facebook account ගැන official update - security warning,Facebook account සම්බන්ධ security warning සහ password ආරක්ෂාව ගැන සිංහල පැහැදිලි කිරීමක්.,"ගොඩක් අය අහන ප්‍රශ්නයක් වන Facebook account ගැන මෙහි පැහැදිලි කරනවා. මෙහිදී source ලෙස සඳහන් කරන්නේ password ආරක්ෂාව යන්නයි. video එක පුරාම ප්‍රධාන අවධානය security warning මතම තියෙනවා. මෙය external fact check එකක් නොව title, description සහ transcript එක එකිනෙකට ගැළපෙනවාද කියලා බලන උදාහරණයක්. වැදගත්ම දෙය නම් claim එකට transcript එක තුළ ප්‍රමාණවත් support තියෙනවාද කියලා පරීක්ෂා කිරීමයි.",Technology,Not False,Consistent,consistent,"Title, description, and transcript discuss the same subject and supported detail.",false,SYN00149,SYN00149,0.097,0.161,0.375,synthetic-technology-syn00149,new,,
SYNNEG00476,SYNNEG00476,https://synthetic.local/watch?v=SYNNEG00476,Breaking! අමාත්‍ය මණ්ඩලය ගැන කවුරුත් නොකියන භයානක රහස,අමාත්‍ය මණ්ඩලය සම්බන්ධ නව තීරණ සහ මාධ්‍ය හමුවේ විස්තර ගැන සිංහල පැහැදිලි කිරීමක්.,"අද වීඩියෝවෙන් අපි කතා කරන්නේ අමාත්‍ය මණ්ඩලය ගැනයි. අවසානයේ viewers ලාට නිල update බලලා තීරණ ගන්න කියනවා. නව තීරණ ගැන කථිකයා පියවරෙන් පියවර පැහැදිලි කරයි. මෙය external fact check එකක් නොව title, description සහ transcript එක එකිනෙකට ගැළපෙනවාද කියලා බලන උදාහරණයක්. වැදගත්ම දෙය නම් claim එකට transcript එක තුළ ප්‍රමාණවත් support තියෙනවාද කියලා පරීක්ෂා කිරීමයි.",Politics,False,Inconsistent,title_transcript_mismatch,Title makes a stronger promise than the transcript supports.,true,SYN00267,SYN00277,0.050,0.115,0.167,synthetic-politics-synneg00476,new,,
SYN00080,SYN00080,https://synthetic.local/watch?v=SYN00080,උෂ්ණත්වය ගැන official update - අද දවසේ වෙනස්වීම්,උෂ්ණත්වය සම්බන්ධ අද දවසේ වෙනස්වීම් සහ සෞඛ්‍ය උපදෙස් ගැන සිංහල පැහැදිලි කිරීමක්.,"ගොඩක් අය අහන ප්‍රශ්නයක් වන උෂ්ණත්වය ගැන මෙහි පැහැදිලි කරනවා. අද දවසේ වෙනස්වීම් ගැන කථිකයා පියවරෙන් පියවර පැහැදිලි කරයි. මෙහිදී source ලෙස සඳහන් කරන්නේ සෞඛ්‍ය උපදෙස් යන්නයි. මෙය external fact check එකක් නොව title, description සහ transcript එක එකිනෙකට ගැළපෙනවාද කියලා බලන උදාහරණයක්. වැදගත්ම දෙය නම් claim එකට transcript එක තුළ ප්‍රමාණවත් support තියෙනවාද කියලා පරීක්ෂා කිරීමයි.",Weather,Not False,Consistent,consistent,"Title, description, and transcript discuss the same subject and supported detail.",false,SYN00080,SYN00080,0.085,0.153,0.333,synthetic-weather-syn00080,new,,
SYNNEG00276,SYNNEG00276,https://synthetic.local/watch?v=SYNNEG00276,Breaking! අමාත්‍ය මණ්ඩලය ගැන කවුරුත් නොකියන භයානක රහස,අමාත්‍ය මණ්ඩලය සම්බන්ධ නව තීරණ සහ මාධ්‍ය හමුවේ විස්තර ගැන සිංහල පැහැදිලි කිරීමක්.,"අද වීඩියෝවෙන් අපි කතා කරන්නේ අමාත්‍ය මණ්ඩලය ගැනයි. අවසානයේ viewers ලාට නිල update බලලා තීරණ ගන්න කියනවා. නව තීරණ ගැන කථිකයා පියවරෙන් පියවර පැහැදිලි කරයි. මෙය external fact check එකක් නොව title, description සහ transcript එක එකිනෙකට ගැළපෙනවාද කියලා බලන උදාහරණයක්. වැදගත්ම දෙය නම් claim එකට transcript එක තුළ ප්‍රමාණවත් support තියෙනවාද කියලා පරීක්ෂා කිරීමයි.",Politics,False,Inconsistent,title_transcript_mismatch,Title makes a stronger promise than the transcript supports.,true,SYN00267,SYN00277,0.050,0.115,0.167,synthetic-politics-synneg00276,new,,
SYN00303,SYN00303,https://synthetic.local/watch?v=SYN00303,ටෙලි නාට්‍යය ගැන official update - අලුත් episode,ටෙලි නාට්‍යය සම්බන්ධ අලුත් episode සහ කතාවේ ඉදිරි වෙනස්කම් ගැන සිංහල පැහැදිලි කිරීමක්.,"අද වීඩියෝවෙන් අපි කතා කරන්නේ ටෙලි නාට්‍යය ගැනයි. අවසානයේ viewers ලාට නිල update බලලා තීරණ ගන්න කියනවා. අලුත් episode ගැන කථිකයා පියවරෙන් පියවර පැහැදිලි කරයි. මෙය external fact check එකක් නොව title, description සහ transcript එක එකිනෙකට ගැළපෙනවාද කියලා බලන උදාහරණයක්. වැදගත්ම දෙය නම් claim එකට transcript එක තුළ ප්‍රමාණවත් support තියෙනවාද කියලා පරීක්ෂා කිරීමයි.",Entertainment,Not False,Consistent,consistent,"Title, description, and transcript discuss the same subject and supported detail.",false,SYN00303,SYN00303,0.158,0.127,0.353,synthetic-entertainment-syn00303,new,,
SYNNEG00496,SYNNEG00496,https://synthetic.local/watch?v=SYNNEG00496,Breaking! අමාත්‍ය මණ්ඩලය ගැන කවුරුත් නොකියන භයානක රහස,අමාත්‍ය මණ්ඩලය සම්බන්ධ නව තීරණ සහ මාධ්‍ය හමුවේ විස්තර ගැන සිංහල පැහැදිලි කිරීමක්.,"ගොඩක් අය අහන ප්‍රශ්නයක් වන අමාත්‍ය මණ්ඩලය ගැන මෙහි පැහැදිලි කරනවා. අවසානයේ viewers ලාට නිල update බලලා තීරණ ගන්න කියනවා. නව තීරණ ගැන කථිකයා පියවරෙන් පියවර පැහැදිලි කරයි. මෙය external fact check එකක් නොව title, description සහ transcript එක එකිනෙකට ගැළපෙනවාද කියලා බලන උදාහරණයක්. වැදගත්ම දෙය නම් claim එකට transcript එක තුළ ප්‍රමාණවත් support තියෙනවාද කියලා පරීක්ෂා කිරීමයි.",Politics,False,Inconsistent,title_transcript_mismatch,Title makes a stronger promise than the transcript supports.,true,SYN00467,SYN00477,0.049,0.113,0.167,synthetic-politics-synneg00496,new,,
SYNNEG00026,SYNNEG00026,https://synthetic.local/watch?v=SYNNEG00026,100% තහවුරුයි! අමාත්‍ය මණ්ඩලය ගැන official තීරණය එළියට,අමාත්‍ය මණ්ඩලය සම්බන්ධ නව තීරණ සහ මාධ්‍ය හමුවේ විස්තර ගැන සිංහල පැහැදිලි කිරීමක්.,"අද වීඩියෝවෙන් අපි කතා කරන්නේ අමාත්‍ය මණ්ඩලය ගැනයි. අවසානයේ viewers ලාට නිල update බලලා තීරණ ගන්න කියනවා. නව තීරණ ගැන කථිකයා පියවරෙන් පියවර පැහැදිලි කරයි. මෙය external fact check එකක් නොව title, description සහ transcript එක එකිනෙකට ගැළපෙනවාද කියලා බලන උදාහරණයක්. වැදගත්ම දෙය නම් claim එකට transcript එක තුළ ප්‍රමාණවත් support තියෙනවාද කියලා පරීක්ෂා කිරීමයි.",Politics,False,Inconsistent,title_transcript_mismatch,Title makes a stronger promise than the transcript supports.,true,SYN00267,SYN00277,0.068,0.115,0.167,synthetic-politics-synneg00026,new,,
SYNNEG00275,SYNNEG00275,https://synthetic.local/watch?v=SYNNEG00275,දියවැඩියාව ගැන official update - ආහාර පාලන ක්‍රම,දියවැඩියාව සම්බන්ධ ආහාර පාලන ක්‍රම සහ doctor පැහැදිලි කිරීම ගැන සිංහල පැහැදිලි කිරීමක්.,"ගොඩක් අය අහන ප්‍රශ්නයක් වන උණ රෝගය ගැන මෙහි පැහැදිලි කරනවා. video එක පුරාම ප්‍රධාන අවධානය ලක්ෂණ සහ ප්‍රතිකාර මතම තියෙනවා. අවසානයේ viewers ලාට නිල update බලලා තීරණ ගන්න කියනවා. මෙය external fact check එකක් නොව title, description සහ transcript එක එකිනෙකට ගැළපෙනවාද කියලා බලන උදාහරණයක්. වැදගත්ම දෙය නම් claim එකට transcript එක තුළ ප්‍රමාණවත් support තියෙනවාද කියලා පරීක්ෂා කිරීමයි.",Health,False,Inconsistent,same_topic_swap,Same-topic hard negative: metadata and transcript are from different synthetic videos.,true,SYN00256,SYN00266,0.062,0.058,0.438,synthetic-health-synneg00275,new,,
SYN00232,SYN00232,https://synthetic.local/watch?v=SYN00232,ශිෂ්‍යත්ව exam ගැන official update - අයදුම්පත් දිනය,ශිෂ්‍යත්ව exam සම්බන්ධ අයදුම්පත් දිනය සහ පාසල් මට්ටමේ දැනුම්දීම් ගැන සිංහල පැහැදිලි කිරීමක්.,"මේ update එකේ ප්‍රධාන කරුණ ශිෂ්‍යත්ව exam සම්බන්ධයෙන් ලැබුණු තොරතුරුයි. අයදුම්පත් දිනය ගැන කථිකයා පියවරෙන් පියවර පැහැදිලි කරයි. මෙහිදී source ලෙස සඳහන් කරන්නේ පාසල් මට්ටමේ දැනුම්දීම් යන්නයි. මෙය external fact check එකක් නොව title, description සහ transcript එක එකිනෙකට ගැළපෙනවාද කියලා බලන උදාහරණයක්. වැදගත්ම දෙය නම් claim එකට transcript එක තුළ ප්‍රමාණවත් support තියෙනවාද කියලා පරීක්ෂා කිරීමයි.",Education,Not False,Consistent,consistent,"Title, description, and transcript discuss the same subject and supported detail.",false,SYN00232,SYN00232,0.133,0.177,0.353,synthetic-education-syn00232,new,,
SYNNEG00126,SYNNEG00126,https://synthetic.local/watch?v=SYNNEG00126,100% තහවුරුයි! අමාත්‍ය මණ්ඩලය ගැන official තීරණය එළියට,අමාත්‍ය මණ්ඩලය සම්බන්ධ නව තීරණ සහ මාධ්‍ය හමුවේ විස්තර ගැන සිංහල පැහැදිලි කිරීමක්.,"අද වීඩියෝවෙන් අපි කතා කරන්නේ අමාත්‍ය මණ්ඩලය ගැනයි. අවසානයේ viewers ලාට නිල update බලලා තීරණ ගන්න කියනවා. නව තීරණ ගැන කථිකයා පියවරෙන් පියවර පැහැදිලි කරයි. මෙය external fact check එකක් නොව title, description සහ transcript එක එකිනෙකට ගැළපෙනවාද කියලා බලන උදාහරණයක්. වැදගත්ම දෙය නම් claim එකට transcript එක තුළ ප්‍රමාණවත් support තියෙනවාද කියලා පරීක්ෂා කිරීමයි.",Politics,False,Inconsistent,title_transcript_mismatch,Title makes a stronger promise than the transcript supports.,true,SYN00267,SYN00277,0.068,0.115,0.167,synthetic-politics-synneg00126,new,,
SYNNEG00301,SYNNEG00301,https://synthetic.local/watch?v=SYNNEG00301,දැන්ම බලන්න! පාසල් නිවාඩු නිසා ලංකාවම කම්පා වෙයි,පාසල් නිවාඩු සම්බන්ධ කාලසටහන් වෙනස්වීම සහ අධ්‍යාපන අමාත්‍යාංශ update ගැන සිංහල පැහැදිලි කිරීමක්.,"අද වීඩියෝවෙන් අපි කතා කරන්නේ පාසල් නිවාඩු ගැනයි. කාලසටහන් වෙනස්වීම ගැන කථිකයා පියවරෙන් පියවර පැහැදිලි කරයි. මෙහිදී source ලෙස සඳහන් කරන්නේ අධ්‍යාපන අමාත්‍යාංශ update යන්නයි. මෙය external fact check එකක් නොව title, description සහ transcript එක එකිනෙකට ගැළපෙනවාද කියලා බලන උදාහරණයක්. වැදගත්ම දෙය නම් claim එකට transcript එක තුළ ප්‍රමාණවත් support තියෙනවාද කියලා පරීක්ෂා කිරීමයි.",Education,False,Inconsistent,title_transcript_mismatch,Title makes a stronger promise than the transcript supports.,true,SYN00012,SYN00022,0.031,0.213,0.091,synthetic-education-synneg00301,new,,
SYNNEG00062,SYNNEG00062,https://synthetic.local/watch?v=SYNNEG00062,නව චිත්‍රපටය ගැන official update - release දිනය,"නව චිත්‍රපටය ගැන සියලු official ලේඛන, නම් ලැයිස්තු, දිනයන් සහ රහස් තොරතුරු transcript එකේ සම්පූර්ණයෙන් ඇති බව කියයි.","අද වීඩියෝවෙන් අපි කතා කරන්නේ නව චිත්‍රපටය ගැනයි. අවසානයේ viewers ලාට නිල update බලලා තීරණ ගන්න කියනවා. release දිනය ගැන කථිකයා පියවරෙන් පියවර පැහැදිලි කරයි. මෙය external fact check එකක් නොව title, description සහ transcript එක එකිනෙකට ගැළපෙනවාද කියලා බලන උදාහරණයක්. වැදගත්ම දෙය නම් claim එකට transcript එක තුළ ප්‍රමාණවත් support තියෙනවාද කියලා පරීක්ෂා කිරීමයි.",Entertainment,False,Inconsistent,description_transcript_mismatch,Description promises detailed evidence that the transcript does not contain.,true,SYN00123,SYN00133,0.158,0.118,0.217,synthetic-entertainment-synneg00062,new,,
SYNNEG00010,SYNNEG00010,https://synthetic.local/watch?v=SYNNEG00010,එළවළු මිල ගැන official update - වෙළඳපොළ update,එළවළු මිල සම්බන්ධ වෙළඳපොළ update සහ කොළඹ සහ දඹුල්ල මිල වෙනස්වීම් ගැන සිංහල පැහැදිලි කිරීමක්.,"අද වීඩියෝවෙන් අපි කතා කරන්නේ ජල සැපයුම ගැනයි. අවසානයේ viewers ලාට නිල update බලලා තීරණ ගන්න කියනවා. ගොවිබිම් සඳහා කාලසටහන ගැන කථිකයා පියවරෙන් පියවර පැහැදිලි කරයි. මෙය external fact check එකක් නොව title, description සහ transcript එක එකිනෙකට ගැළපෙනවාද කියලා බලන උදාහරණයක්. වැදගත්ම දෙය නම් claim එකට transcript එක තුළ ප්‍රමාණවත් support තියෙනවාද කියලා පරීක්ෂා කිරීමයි.",Agriculture,False,Inconsistent,same_topic_swap,Same-topic hard negative: metadata and transcript are from different synthetic videos.,true,SYN00101,SYN00111,0.067,0.076,0.400,synthetic-agriculture-synneg00010,new,,
SYNNEG00341,SYNNEG00341,https://synthetic.local/watch?v=SYNNEG00341,දැන්ම බලන්න! පාසල් නිවාඩු නිසා ලංකාවම කම්පා වෙයි,පාසල් නිවාඩු සම්බන්ධ කාලසටහන් වෙනස්වීම සහ අධ්‍යාපන අමාත්‍යාංශ update ගැන සිංහල පැහැදිලි කිරීමක්.,"මේ update එකේ ප්‍රධාන කරුණ පාසල් නිවාඩු සම්බන්ධයෙන් ලැබුණු තොරතුරුයි. කාලසටහන් වෙනස්වීම ගැන කථිකයා පියවරෙන් පියවර පැහැදිලි කරයි. මෙහිදී source ලෙස සඳහන් කරන්නේ අධ්‍යාපන අමාත්‍යාංශ update යන්නයි. මෙය external fact check එකක් නොව title, description සහ transcript එක එකිනෙකට ගැළපෙනවාද කියලා බලන උදාහරණයක්. වැදගත්ම දෙය නම් claim එකට transcript එක තුළ ප්‍රමාණවත් support තියෙනවාද කියලා පරීක්ෂා කිරීමයි.",Education,False,Inconsistent,title_transcript_mismatch,Title makes a stronger promise than the transcript supports.,true,SYN00412,SYN00422,0.031,0.210,0.091,synthetic-education-synneg00341,new,,
SYN00495,SYN00495,https://synthetic.local/watch?v=SYN00495,passport සේවාව ගැන official update - online booking update,passport සේවාව සම්බන්ධ online booking update සහ කාර්යාල වේලාවන් ගැන සිංහල පැහැදිලි කිරීමක්.,"අද වීඩියෝවෙන් අපි කතා කරන්නේ passport සේවාව ගැනයි. අවසානයේ viewers ලාට නිල update බලලා තීරණ ගන්න කියනවා. online booking update ගැන කථිකයා පියවරෙන් පියවර පැහැදිලි කරයි. මෙය external fact check එකක් නොව title, description සහ transcript එක එකිනෙකට ගැළපෙනවාද කියලා බලන උදාහරණයක්. වැදගත්ම දෙය නම් claim එකට transcript එක තුළ ප්‍රමාණවත් support තියෙනවාද කියලා පරීක්ෂා කිරීමයි.",Government,Not False,Consistent,consistent,"Title, description, and transcript discuss the same subject and supported detail.",false,SYN00495,SYN00495,0.143,0.148,0.467,synthetic-government-syn00495,new,,
SYN00120,SYN00120,https://synthetic.local/watch?v=SYN00120,උෂ්ණත්වය ගැන official update - අද දවසේ වෙනස්වීම්,උෂ්ණත්වය සම්බන්ධ අද දවසේ වෙනස්වීම් සහ සෞඛ්‍ය උපදෙස් ගැන සිංහල පැහැදිලි කිරීමක්.,"අද වීඩියෝවෙන් අපි කතා කරන්නේ උෂ්ණත්වය ගැනයි. අද දවසේ වෙනස්වීම් ගැන කථිකයා පියවරෙන් පියවර පැහැදිලි කරයි. මෙහිදී source ලෙස සඳහන් කරන්නේ සෞඛ්‍ය උපදෙස් යන්නයි. මෙය external fact check එකක් නොව title, description සහ transcript එක එකිනෙකට ගැළපෙනවාද කියලා බලන උදාහරණයක්. වැදගත්ම දෙය නම් claim එකට transcript එක තුළ ප්‍රමාණවත් support තියෙනවාද කියලා පරීක්ෂා කිරීමයි.",Weather,Not False,Consistent,consistent,"Title, description, and transcript discuss the same subject and supported detail.",false,SYN00120,SYN00120,0.089,0.161,0.333,synthetic-weather-syn00120,new,,
SYN00478,SYN00478,https://synthetic.local/watch?v=SYN00478,ආගමික උත්සවය ගැන official update - ගමනාගමන සැලැස්ම,ආගමික උත්සවය සම්බන්ධ ගමනාගමන සැලැස්ම සහ පොලීසියේ දැනුම්දීම ගැන සිංහල පැහැදිලි කිරීමක්.,"මේ update එකේ ප්‍රධාන කරුණ ආගමික උත්සවය සම්බන්ධයෙන් ලැබුණු තොරතුරුයි. video එක පුරාම ප්‍රධාන අවධානය ගමනාගමන සැලැස්ම මතම තියෙනවා. අවසානයේ viewers ලාට නිල update බලලා තීරණ ගන්න කියනවා. මෙය external fact check එකක් නොව title, description සහ transcript එක එකිනෙකට ගැළපෙනවාද කියලා බලන උදාහරණයක්. වැදගත්ම දෙය නම් claim එකට transcript එක තුළ ප්‍රමාණවත් support තියෙනවාද කියලා පරීක්ෂා කිරීමයි.",Religion,Not False,Consistent,consistent,"Title, description, and transcript discuss the same subject and supported detail.",false,SYN00478,SYN00478,0.125,0.081,0.333,synthetic-religion-syn00478,new,,
SYN00145,SYN00145,https://synthetic.local/watch?v=SYN00145,gazette නිවේදනය ගැන official update - නව නියමයන්,gazette නිවේදනය සම්බන්ධ නව නියමයන් සහ අදාළ දිනය සහ බලපෑම ගැන සිංහල පැහැදිලි කිරීමක්.,"මේ update එකේ ප්‍රධාන කරුණ gazette නිවේදනය සම්බන්ධයෙන් ලැබුණු තොරතුරුයි. මෙහිදී source ලෙස සඳහන් කරන්නේ අදාළ දිනය සහ බලපෑම යන්නයි. video එක පුරාම ප්‍රධාන අවධානය නව නියමයන් මතම තියෙනවා. මෙය external fact check එකක් නොව title, description සහ transcript එක එකිනෙකට ගැළපෙනවාද කියලා බලන උදාහරණයක්. වැදගත්ම දෙය නම් claim එකට transcript එක තුළ ප්‍රමාණවත් support තියෙනවාද කියලා පරීක්ෂා කිරීමයි.",Government,Not False,Consistent,consistent,"Title, description, and transcript discuss the same subject and supported detail.",false,SYN00145,SYN00145,0.102,0.129,0.312,synthetic-government-syn00145,new,,
SYN00030,SYN00030,https://synthetic.local/watch?v=SYN00030,ගංවතුර තත්ත්වය ගැන official update - ජල මට්ටම් update,ගංවතුර තත්ත්වය සම්බන්ධ ජල මට්ටම් update සහ ආපදා කළමනාකරණ උපදෙස් ගැන සිංහල පැහැදිලි කිරීමක්.,"අද වීඩියෝවෙන් අපි කතා කරන්නේ ගංවතුර තත්ත්වය ගැනයි. video එක පුරාම ප්‍රධාන අවධානය ජල මට්ටම් update මතම තියෙනවා. අවසානයේ viewers ලාට නිල update බලලා තීරණ ගන්න කියනවා. මෙය external fact check එකක් නොව title, description සහ transcript එක එකිනෙකට ගැළපෙනවාද කියලා බලන උදාහරණයක්. වැදගත්ම දෙය නම් claim එකට transcript එක තුළ ප්‍රමාණවත් support තියෙනවාද කියලා පරීක්ෂා කිරීමයි.",Weather,Not False,Consistent,consistent,"Title, description, and transcript discuss the same subject and supported detail.",false,SYN00030,SYN00030,0.123,0.109,0.438,synthetic-weather-syn00030,new,,
SYNNEG00411,SYNNEG00411,https://synthetic.local/watch?v=SYNNEG00411,ඔවුන් මේක සඟවනවා! ශිෂ්‍යත්ව exam ගැන සම්පූර්ණ ඇත්ත,ශිෂ්‍යත්ව exam සම්බන්ධ අයදුම්පත් දිනය සහ පාසල් මට්ටමේ දැනුම්දීම් ගැන සිංහල පැහැදිලි කිරීමක්.,"මේ update එකේ ප්‍රධාන කරුණ ශිෂ්‍යත්ව exam සම්බන්ධයෙන් ලැබුණු තොරතුරුයි. අයදුම්පත් දිනය ගැන කථිකයා පියවරෙන් පියවර පැහැදිලි කරයි. මෙහිදී source ලෙස සඳහන් කරන්නේ පාසල් මට්ටමේ දැනුම්දීම් යන්නයි. මෙය external fact check එකක් නොව title, description සහ transcript එක එකිනෙකට ගැළපෙනවාද කියලා බලන උදාහරණයක්. වැදගත්ම දෙය නම් claim එකට transcript එක තුළ ප්‍රමාණවත් support තියෙනවාද කියලා පරීක්ෂා කිරීමයි.",Education,False,Inconsistent,title_transcript_mismatch,Title makes a stronger promise than the transcript supports.,true,SYN00112,SYN00122,0.062,0.177,0.211,synthetic-education-synneg00411,new,,
SYN00122,SYN00122,https://synthetic.local/watch?v=SYN00122,O/L exam ගැන official update - ප්‍රතිඵල නිකුත් කිරීම,O/L exam සම්බන්ධ ප්‍රතිඵල නිකුත් කිරීම සහ විභාග දෙපාර්තමේන්තුවේ නිවේදනය ගැන සිංහල පැහැදිලි කිරීමක්.,"ගොඩක් අය අහන ප්‍රශ්නයක් වන O/L exam ගැන මෙහි පැහැදිලි කරනවා. video එක පුරාම ප්‍රධාන අවධානය ප්‍රතිඵල නිකුත් කිරීම මතම තියෙනවා. අවසානයේ viewers ලාට නිල update බලලා තීරණ ගන්න කියනවා. මෙය external fact check එකක් නොව title, description සහ transcript එක එකිනෙකට ගැළපෙනවාද කියලා බලන උදාහරණයක්. වැදගත්ම දෙය නම් claim එකට transcript එක තුළ ප්‍රමාණවත් support තියෙනවාද කියලා පරීක්ෂා කිරීමයි.",Education,Not False,Consistent,consistent,"Title, description, and transcript discuss the same subject and supported detail.",false,SYN00122,SYN00122,0.138,0.125,0.375,synthetic-education-syn00122,new,,
SYNNEG00106,SYNNEG00106,https://synthetic.local/watch?v=SYNNEG00106,100% තහවුරුයි! අමාත්‍ය මණ්ඩලය ගැන official තීරණය එළියට,අමාත්‍ය මණ්ඩලය සම්බන්ධ නව තීරණ සහ මාධ්‍ය හමුවේ විස්තර ගැන සිංහල පැහැදිලි කිරීමක්.,"මේ update එකේ ප්‍රධාන කරුණ අමාත්‍ය මණ්ඩලය සම්බන්ධයෙන් ලැබුණු තොරතුරුයි. අවසානයේ viewers ලාට නිල update බලලා තීරණ ගන්න කියනවා. නව තීරණ ගැන කථිකයා පියවරෙන් පියවර පැහැදිලි කරයි. මෙය external fact check එකක් නොව title, description සහ transcript එක එකිනෙකට ගැළපෙනවාද කියලා බලන උදාහරණයක්. වැදගත්ම දෙය නම් claim එකට transcript එක තුළ ප්‍රමාණවත් support තියෙනවාද කියලා පරීක්ෂා කිරීමයි.",Politics,False,Inconsistent,title_transcript_mismatch,Title makes a stronger promise than the transcript supports.,true,SYN00067,SYN00077,0.068,0.115,0.167,synthetic-politics-synneg00106,new,,
SYN00062,SYN00062,https://synthetic.local/watch?v=SYN00062,විශ්වවිද්‍යාල ප්‍රවේශය ගැන official update - නව cut-off ලකුණු,විශ්වවිද්‍යාල ප්‍රවේශය සම්බන්ධ නව cut-off ලකුණු සහ අයදුම්කරුවන්ට උපදෙස් ගැන සිංහල පැහැදිලි කිරීමක්.,"ගොඩක් අය අහන ප්‍රශ්නයක් වන විශ්වවිද්‍යාල ප්‍රවේශය ගැන මෙහි පැහැදිලි කරනවා. video එක පුරාම ප්‍රධාන අවධානය නව cut-off ලකුණු මතම තියෙනවා. අවසානයේ viewers ලාට නිල update බලලා තීරණ ගන්න කියනවා. මෙය external fact check එකක් නොව title, description සහ transcript එක එකිනෙකට ගැළපෙනවාද කියලා බලන උදාහරණයක්. වැදගත්ම දෙය නම් claim එකට transcript එක තුළ ප්‍රමාණවත් support තියෙනවාද කියලා පරීක්ෂා කිරීමයි.",Education,Not False,Consistent,consistent,"Title, description, and transcript discuss the same subject and supported detail.",false,SYN00062,SYN00062,0.194,0.164,0.474,synthetic-education-syn00062,new,,
SYNNEG00372,SYNNEG00372,https://synthetic.local/watch?v=SYNNEG00372,ටෙලි නාට්‍යය ගැන official update - අලුත් episode,"ටෙලි නාට්‍යය ගැන සියලු official ලේඛන, නම් ලැයිස්තු, දිනයන් සහ රහස් තොරතුරු transcript එකේ සම්පූර්ණයෙන් ඇති බව කියයි.","මේ update එකේ ප්‍රධාන කරුණ ටෙලි නාට්‍යය සම්බන්ධයෙන් ලැබුණු තොරතුරුයි. අවසානයේ viewers ලාට නිල update බලලා තීරණ ගන්න කියනවා. අලුත් episode ගැන කථිකයා පියවරෙන් පියවර පැහැදිලි කරයි. මෙය external fact check එකක් නොව title, description සහ transcript එක එකිනෙකට ගැළපෙනවාද කියලා බලන උදාහරණයක්. වැදගත්ම දෙය නම් claim එකට transcript එක තුළ ප්‍රමාණවත් support තියෙනවාද කියලා පරීක්ෂා කිරීමයි.",Entertainment,False,Inconsistent,description_transcript_mismatch,Description promises detailed evidence that the transcript does not contain.,true,SYN00223,SYN00233,0.158,0.134,0.217,synthetic-entertainment-synneg00372,new,,
SYNNEG00073,SYNNEG00073,https://synthetic.local/watch?v=SYNNEG00073,100% තහවුරුයි! විදුලි බිල් සහනය ගැන official තීරණය එළියට,මෙම video එක 100% තහවුරු වූ breaking news එකක් කියලා overclaim කරයි.,"අද වීඩියෝවෙන් අපි කතා කරන්නේ විදුලි බිල් සහනය ගැනයි. video එක පුරාම ප්‍රධාන අවධානය ගෙවීම් ක්‍රම මතම තියෙනවා. අවසානයේ viewers ලාට නිල update බලලා තීරණ ගන්න කියනවා. මෙය external fact check එකක් නොව title, description සහ transcript එක එකිනෙකට ගැළපෙනවාද කියලා බලන උදාහරණයක්. වැදගත්ම දෙය නම් claim එකට transcript එක තුළ ප්‍රමාණවත් support තියෙනවාද කියලා පරීක්ෂා කිරීමයි.",Finance,False,Inconsistent,clickbait_overclaim,Metadata overclaims certainty while transcript is only a general discussion.,true,SYN00234,SYN00244,0.063,0.061,0.050,synthetic-finance-synneg00073,new,,
SYN00006,SYN00006,https://synthetic.local/watch?v=SYN00006,vaccine update ගැන official update - රෝහල් ලබාදෙන දිනය,vaccine update සම්බන්ධ රෝහල් ලබාදෙන දිනය සහ වෛද්‍යවරයාගේ උපදෙස් ගැන සිංහල පැහැදිලි කිරීමක්.,"අද වීඩියෝවෙන් අපි කතා කරන්නේ vaccine update ගැනයි. video එක පුරාම ප්‍රධාන අවධානය රෝහල් ලබාදෙන දිනය මතම තියෙනවා. අවසානයේ viewers ලාට නිල update බලලා තීරණ ගන්න කියනවා. මෙය external fact check එකක් නොව title, description සහ transcript එක එකිනෙකට ගැළපෙනවාද කියලා බලන උදාහරණයක්. වැදගත්ම දෙය නම් claim එකට transcript එක තුළ ප්‍රමාණවත් support තියෙනවාද කියලා පරීක්ෂා කිරීමයි.",Health,Not False,Consistent,consistent,"Title, description, and transcript discuss the same subject and supported detail.",false,SYN00006,SYN00006,0.123,0.109,0.438,synthetic-health-syn00006,new,,
SYNNEG00427,SYNNEG00427,https://synthetic.local/watch?v=SYNNEG00427,ආගමික උත්සවය ගැන official update - ගමනාගමන සැලැස්ම,"ආගමික උත්සවය ගැන සියලු official ලේඛන, නම් ලැයිස්තු, දිනයන් සහ රහස් තොරතුරු transcript එකේ සම්පූර්ණයෙන් ඇති බව කියයි.","ගොඩක් අය අහන ප්‍රශ්නයක් වන ආගමික උත්සවය ගැන මෙහි පැහැදිලි කරනවා. video එක පුරාම ප්‍රධාන අවධානය ගමනාගමන සැලැස්ම මතම තියෙනවා. අවසානයේ viewers ලාට නිල update බලලා තීරණ ගන්න කියනවා. මෙය external fact check එකක් නොව title, description සහ transcript එක එකිනෙකට ගැළපෙනවාද කියලා බලන උදාහරණයක්. වැදගත්ම දෙය නම් claim එකට transcript එක තුළ ප්‍රමාණවත් support තියෙනවාද කියලා පරීක්ෂා කිරීමයි.",Religion,False,Inconsistent,description_transcript_mismatch,Description promises detailed evidence that the transcript does not contain.,true,SYN00278,SYN00288,0.136,0.100,0.182,synthetic-religion-synneg00427,new,,
SYNNEG00140,SYNNEG00140,https://synthetic.local/watch?v=SYNNEG00140,වී වගාව ගැන official update - පොහොර සහනාධාරය,වී වගාව සම්බන්ධ පොහොර සහනාධාරය සහ කෘෂිකර්ම නිලධාරීන්ගේ උපදෙස් ගැන සිංහල පැහැදිලි කිරීමක්.,"අද වීඩියෝවෙන් අපි කතා කරන්නේ තේ වගාව ගැනයි. අවසානයේ viewers ලාට නිල update බලලා තීරණ ගන්න කියනවා. නව රෝග පාලන ක්‍රම ගැන කථිකයා පියවරෙන් පියවර පැහැදිලි කරයි. මෙය external fact check එකක් නොව title, description සහ transcript එක එකිනෙකට ගැළපෙනවාද කියලා බලන උදාහරණයක්. වැදගත්ම දෙය නම් claim එකට transcript එක තුළ ප්‍රමාණවත් support තියෙනවාද කියලා පරීක්ෂා කිරීමයි.",Agriculture,False,Inconsistent,same_topic_swap,Same-topic hard negative: metadata and transcript are from different synthetic videos.,true,SYN00401,SYN00411,0.081,0.059,0.312,synthetic-agriculture-synneg00140,new,,
SYN00440,SYN00440,https://synthetic.local/watch?v=SYN00440,උෂ්ණත්වය ගැන official update - අද දවසේ වෙනස්වීම්,උෂ්ණත්වය සම්බන්ධ අද දවසේ වෙනස්වීම් සහ සෞඛ්‍ය උපදෙස් ගැන සිංහල පැහැදිලි කිරීමක්.,"ගොඩක් අය අහන ප්‍රශ්නයක් වන උෂ්ණත්වය ගැන මෙහි පැහැදිලි කරනවා. අද දවසේ වෙනස්වීම් ගැන කථිකයා පියවරෙන් පියවර පැහැදිලි කරයි. මෙහිදී source ලෙස සඳහන් කරන්නේ සෞඛ්‍ය උපදෙස් යන්නයි. මෙය external fact check එකක් නොව title, description සහ transcript එක එකිනෙකට ගැළපෙනවාද කියලා බලන උදාහරණයක්. වැදගත්ම දෙය නම් claim එකට transcript එක තුළ ප්‍රමාණවත් support තියෙනවාද කියලා පරීක්ෂා කිරීමයි.",Weather,Not False,Consistent,consistent,"Title, description, and transcript discuss the same subject and supported detail.",false,SYN00440,SYN00440,0.085,0.153,0.333,synthetic-weather-syn00440,new,,
SYNNEG00230,SYNNEG00230,https://synthetic.local/watch?v=SYNNEG00230,එළවළු මිල ගැන official update - වෙළඳපොළ update,එළවළු මිල සම්බන්ධ වෙළඳපොළ update සහ කොළඹ සහ දඹුල්ල මිල වෙනස්වීම් ගැන සිංහල පැහැදිලි කිරීමක්.,"ගොඩක් අය අහන ප්‍රශ්නයක් වන ජල සැපයුම ගැන මෙහි පැහැදිලි කරනවා. අවසානයේ viewers ලාට නිල update බලලා තීරණ ගන්න කියනවා. ගොවිබිම් සඳහා කාලසටහන ගැන කථිකයා පියවරෙන් පියවර පැහැදිලි කරයි. මෙය external fact check එකක් නොව title, description සහ transcript එක එකිනෙකට ගැළපෙනවාද කියලා බලන උදාහරණයක්. වැදගත්ම දෙය නම් claim එකට transcript එක තුළ ප්‍රමාණවත් support තියෙනවාද කියලා පරීක්ෂා කිරීමයි.",Agriculture,False,Inconsistent,same_topic_swap,Same-topic hard negative: metadata and transcript are from different synthetic videos.,true,SYN00301,SYN00311,0.066,0.075,0.400,synthetic-agriculture-synneg00230,new,,
SYN00194,SYN00194,https://synthetic.local/watch?v=SYN00194,විදුලි බිල් සහනය ගැන official update - ගෙවීම් ක්‍රම,විදුලි බිල් සහනය සම්බන්ධ ගෙවීම් ක්‍රම සහ පාරිභෝගිකයින්ට උපදෙස් ගැන සිංහල පැහැදිලි කිරීමක්.,"ගොඩක් අය අහන ප්‍රශ්නයක් වන විදුලි බිල් සහනය ගැන මෙහි පැහැදිලි කරනවා. video එක පුරාම ප්‍රධාන අවධානය ගෙවීම් ක්‍රම මතම තියෙනවා. අවසානයේ viewers ලාට නිල update බලලා තීරණ ගන්න කියනවා. මෙය external fact check එකක් නොව title, description සහ transcript එක එකිනෙකට ගැළපෙනවාද කියලා බලන උදාහරණයක්. වැදගත්ම දෙය නම් claim එකට transcript එක තුළ ප්‍රමාණවත් support තියෙනවාද කියලා පරීක්ෂා කිරීමයි.",Finance,Not False,Consistent,consistent,"Title, description, and transcript discuss the same subject and supported detail.",false,SYN00194,SYN00194,0.164,0.136,0.412,synthetic-finance-syn00194,new,,
SYNNEG00253,SYNNEG00253,https://synthetic.local/watch?v=SYNNEG00253,100% තහවුරුයි! විදුලි බිල් සහනය ගැන official තීරණය එළියට,මෙම video එක 100% තහවුරු වූ breaking news එකක් කියලා overclaim කරයි.,"මේ update එකේ ප්‍රධාන කරුණ විදුලි බිල් සහනය සම්බන්ධයෙන් ලැබුණු තොරතුරුයි. video එක පුරාම ප්‍රධාන අවධානය ගෙවීම් ක්‍රම මතම තියෙනවා. අවසානයේ viewers ලාට නිල update බලලා තීරණ ගන්න කියනවා. මෙය external fact check එකක් නොව title, description සහ transcript එක එකිනෙකට ගැළපෙනවාද කියලා බලන උදාහරණයක්. වැදගත්ම දෙය නම් claim එකට transcript එක තුළ ප්‍රමාණවත් support තියෙනවාද කියලා පරීක්ෂා කිරීමයි.",Finance,False,Inconsistent,clickbait_overclaim,Metadata overclaims certainty while transcript is only a general discussion.,true,SYN00034,SYN00044,0.065,0.062,0.050,synthetic-finance-synneg00253,new,,
SYNNEG00127,SYNNEG00127,https://synthetic.local/watch?v=SYNNEG00127,ආගමික උත්සවය ගැන official update - ගමනාගමන සැලැස්ම,"ආගමික උත්සවය ගැන සියලු official ලේඛන, නම් ලැයිස්තු, දිනයන් සහ රහස් තොරතුරු transcript එකේ සම්පූර්ණයෙන් ඇති බව කියයි.","ගොඩක් අය අහන ප්‍රශ්නයක් වන ආගමික උත්සවය ගැන මෙහි පැහැදිලි කරනවා. video එක පුරාම ප්‍රධාන අවධානය ගමනාගමන සැලැස්ම මතම තියෙනවා. අවසානයේ viewers ලාට නිල update බලලා තීරණ ගන්න කියනවා. මෙය external fact check එකක් නොව title, description සහ transcript එක එකිනෙකට ගැළපෙනවාද කියලා බලන උදාහරණයක්. වැදගත්ම දෙය නම් claim එකට transcript එක තුළ ප්‍රමාණවත් support තියෙනවාද කියලා පරීක්ෂා කිරීමයි.",Religion,False,Inconsistent,description_transcript_mismatch,Description promises detailed evidence that the transcript does not contain.,true,SYN00278,SYN00288,0.136,0.100,0.182,synthetic-religion-synneg00127,new,,
SYNNEG00072,SYNNEG00072,https://synthetic.local/watch?v=SYNNEG00072,ටෙලි නාට්‍යය ගැන official update - අලුත් episode,"ටෙලි නාට්‍යය ගැන සියලු official ලේඛන, නම් ලැයිස්තු, දිනයන් සහ රහස් තොරතුරු transcript එකේ සම්පූර්ණයෙන් ඇති බව කියයි.","මේ update එකේ ප්‍රධාන කරුණ ටෙලි නාට්‍යය සම්බන්ධයෙන් ලැබුණු තොරතුරුයි. අවසානයේ viewers ලාට නිල update බලලා තීරණ ගන්න කියනවා. අලුත් episode ගැන කථිකයා පියවරෙන් පියවර පැහැදිලි කරයි. මෙය external fact check එකක් නොව title, description සහ transcript එක එකිනෙකට ගැළපෙනවාද කියලා බලන උදාහරණයක්. වැදගත්ම දෙය නම් claim එකට transcript එක තුළ ප්‍රමාණවත් support තියෙනවාද කියලා පරීක්ෂා කිරීමයි.",Entertainment,False,Inconsistent,description_transcript_mismatch,Description promises detailed evidence that the transcript does not contain.,true,SYN00223,SYN00233,0.158,0.134,0.217,synthetic-entertainment-synneg00072,new,,
SYN00018,SYN00018,https://synthetic.local/watch?v=SYN00018,ධර්ම දේශනාව ගැන official update - සජීවී වැඩසටහන,ධර්ම දේශනාව සම්බන්ධ සජීවී වැඩසටහන සහ භික්ෂූන් වහන්සේගේ පැහැදිලි කිරීම ගැන සිංහල පැහැදිලි කිරීමක්.,"අද වීඩියෝවෙන් අපි කතා කරන්නේ ධර්ම දේශනාව ගැනයි. video එක පුරාම ප්‍රධාන අවධානය සජීවී වැඩසටහන මතම තියෙනවා. අවසානයේ viewers ලාට නිල update බලලා තීරණ ගන්න කියනවා. මෙය external fact check එකක් නොව title, description සහ transcript එක එකිනෙකට ගැළපෙනවාද කියලා බලන උදාහරණයක්. වැදගත්ම දෙය නම් claim එකට transcript එක තුළ ප්‍රමාණවත් support තියෙනවාද කියලා පරීක්ෂා කිරීමයි.",Religion,Not False,Consistent,consistent,"Title, description, and transcript discuss the same subject and supported detail.",false,SYN00018,SYN00018,0.123,0.095,0.400,synthetic-religion-syn00018,new,,
SYNNEG00243,SYNNEG00243,https://synthetic.local/watch?v=SYNNEG00243,Breaking! විදුලි බිල් සහනය ගැන කවුරුත් නොකියන භයානක රහස,මෙම video එක 100% තහවුරු වූ breaking news එකක් කියලා overclaim කරයි.,"ගොඩක් අය අහන ප්‍රශ්නයක් වන විදුලි බිල් සහනය ගැන මෙහි පැහැදිලි කරනවා. video එක පුරාම ප්‍රධාන අවධානය ගෙවීම් ක්‍රම මතම තියෙනවා. අවසානයේ viewers ලාට නිල update බලලා තීරණ ගන්න කියනවා. මෙය external fact check එකක් නොව title, description සහ transcript එක එකිනෙකට ගැළපෙනවාද කියලා බලන උදාහරණයක්. වැදගත්ම දෙය නම් claim එකට transcript එක තුළ ප්‍රමාණවත් support තියෙනවාද කියලා පරීක්ෂා කිරීමයි.",Finance,False,Inconsistent,clickbait_overclaim,Metadata overclaims certainty while transcript is only a general discussion.,true,SYN00434,SYN00444,0.061,0.058,0.000,synthetic-finance-synneg00243,new,,
SYNNEG00415,SYNNEG00415,https://synthetic.local/watch?v=SYNNEG00415,medicine shortage ගැන official update - රෝහල් තත්ත්වය,medicine shortage සම්බන්ධ රෝහල් තත්ත්වය සහ නිල සැපයුම් update ගැන සිංහල පැහැදිලි කිරීමක්.,"මේ update එකේ ප්‍රධාන කරුණ vaccine update සම්බන්ධයෙන් ලැබුණු තොරතුරුයි. video එක පුරාම ප්‍රධාන අවධානය රෝහල් ලබාදෙන දිනය මතම තියෙනවා. අවසානයේ viewers ලාට නිල update බලලා තීරණ ගන්න කියනවා. මෙය external fact check එකක් නොව title, description සහ transcript එක එකිනෙකට ගැළපෙනවාද කියලා බලන උදාහරණයක්. වැදගත්ම දෙය නම් claim එකට transcript එක තුළ ප්‍රමාණවත් support තියෙනවාද කියලා පරීක්ෂා කිරීමයි.",Health,False,Inconsistent,same_topic_swap,Same-topic hard negative: metadata and transcript are from different synthetic videos.,true,SYN00156,SYN00166,0.068,0.078,0.571,synthetic-health-synneg00415,new,,
SYNNEG00011,SYNNEG00011,https://synthetic.local/watch?v=SYNNEG00011,ඔවුන් මේක සඟවනවා! ශිෂ්‍යත්ව exam ගැන සම්පූර්ණ ඇත්ත,ශිෂ්‍යත්ව exam සම්බන්ධ අයදුම්පත් දිනය සහ පාසල් මට්ටමේ දැනුම්දීම් ගැන සිංහල පැහැදිලි කිරීමක්.,"මේ update එකේ ප්‍රධාන කරුණ ශිෂ්‍යත්ව exam සම්බන්ධයෙන් ලැබුණු තොරතුරුයි. අයදුම්පත් දිනය ගැන කථිකයා පියවරෙන් පියවර පැහැදිලි කරයි. මෙහිදී source ලෙස සඳහන් කරන්නේ පාසල් මට්ටමේ දැනුම්දීම් යන්නයි. මෙය external fact check එකක් නොව title, description සහ transcript එක එකිනෙකට ගැළපෙනවාද කියලා බලන උදාහරණයක්. වැදගත්ම දෙය නම් claim එකට transcript එක තුළ ප්‍රමාණවත් support තියෙනවාද කියලා පරීක්ෂා කිරීමයි.",Education,False,Inconsistent,title_transcript_mismatch,Title makes a stronger promise than the transcript supports.,true,SYN00112,SYN00122,0.062,0.177,0.211,synthetic-education-synneg00011,new,,
SYNNEG00074,SYNNEG00074,https://synthetic.local/watch?v=SYNNEG00074,රජයේ allowance ගැන හදිසි warning එකක්ද? අද තත්ත්වය,රජයේ allowance සම්බන්ධ official අයදුම් ක්‍රමය සහ ලැබිය යුතු පවුල් කාණ්ඩ ගැන සිංහල පැහැදිලි කිරීමක්.,"ගොඩක් අය අහන ප්‍රශ්නයක් වන රජයේ allowance ගැන මෙහි පැහැදිලි කරනවා. මෙහිදී source ලෙස සඳහන් කරන්නේ ලැබිය යුතු පවුල් කාණ්ඩ යන්නයි. video එක පුරාම ප්‍රධාන අවධානය official අයදුම් ක්‍රමය මතම තියෙනවා. මෙය external fact check එකක් නොව title, description සහ transcript එක එකිනෙකට ගැළපෙනවාද කියලා බලන උදාහරණයක්. වැදගත්ම දෙය නම් claim එකට transcript එක තුළ ප්‍රමාණවත් support තියෙනවාද කියලා පරීක්ෂා කිරීමයි.",Government,False,Inconsistent,weak_support,Transcript mentions the topic but does not support the main promised claim.,true,SYN00245,SYN00255,0.044,0.200,0.136,synthetic-government-synneg00074,new,,
SYN00139,SYN00139,https://synthetic.local/watch?v=SYN00139,AI tool ගැන official update - සිංහල භාවිතය,AI tool සම්බන්ධ සිංහල භාවිතය සහ නව feature සහ සීමා ගැන සිංහල පැහැදිලි කිරීමක්.,"මේ update එකේ ප්‍රධාන කරුණ AI tool සම්බන්ධයෙන් ලැබුණු තොරතුරුයි. අවසානයේ viewers ලාට නිල update බලලා තීරණ ගන්න කියනවා. සිංහල භාවිතය ගැන කථිකයා පියවරෙන් පියවර පැහැදිලි කරයි. මෙය external fact check එකක් නොව title, description සහ transcript එක එකිනෙකට ගැළපෙනවාද කියලා බලන උදාහරණයක්. වැදගත්ම දෙය නම් claim එකට transcript එක තුළ ප්‍රමාණවත් support තියෙනවාද කියලා පරීක්ෂා කිරීමයි.",Technology,Not False,Consistent,consistent,"Title, description, and transcript discuss the same subject and supported detail.",false,SYN00139,SYN00139,0.143,0.115,0.333,synthetic-technology-syn00139,new,,
SYN00192,SYN00192,https://synthetic.local/watch?v=SYN00192,ශිෂ්‍යත්ව exam ගැන official update - අයදුම්පත් දිනය,ශිෂ්‍යත්ව exam සම්බන්ධ අයදුම්පත් දිනය සහ පාසල් මට්ටමේ දැනුම්දීම් ගැන සිංහල පැහැදිලි කිරීමක්.,"අද වීඩියෝවෙන් අපි කතා කරන්නේ ශිෂ්‍යත්ව exam ගැනයි. අයදුම්පත් දිනය ගැන කථිකයා පියවරෙන් පියවර පැහැදිලි කරයි. මෙහිදී source ලෙස සඳහන් කරන්නේ පාසල් මට්ටමේ දැනුම්දීම් යන්නයි. මෙය external fact check එකක් නොව title, description සහ transcript එක එකිනෙකට ගැළපෙනවාද කියලා බලන උදාහරණයක්. වැදගත්ම දෙය නම් claim එකට transcript එක තුළ ප්‍රමාණවත් support තියෙනවාද කියලා පරීක්ෂා කිරීමයි.",Education,Not False,Consistent,consistent,"Title, description, and transcript discuss the same subject and supported detail.",false,SYN00192,SYN00192,0.102,0.186,0.353,synthetic-education-syn00192,new,,
SYN00005,SYN00005,https://synthetic.local/watch?v=SYN00005,රජයේ allowance ගැන official update - official අයදුම් ක්‍රමය,රජයේ allowance සම්බන්ධ official අයදුම් ක්‍රමය සහ ලැබිය යුතු පවුල් කාණ්ඩ ගැන සිංහල පැහැදිලි කිරීමක්.,"ගොඩක් අය අහන ප්‍රශ්නයක් වන රජයේ allowance ගැන මෙහි පැහැදිලි කරනවා. මෙහිදී source ලෙස සඳහන් කරන්නේ ලැබිය යුතු පවුල් කාණ්ඩ යන්නයි. video එක පුරාම ප්‍රධාන අවධානය official අයදුම් ක්‍රමය මතම තියෙනවා. මෙය external fact check එකක් නොව title, description සහ transcript එක එකිනෙකට ගැළපෙනවාද කියලා බලන උදාහරණයක්. වැදගත්ම දෙය නම් claim එකට transcript එක තුළ ප්‍රමාණවත් support තියෙනවාද කියලා පරීක්ෂා කිරීමයි.",Government,Not False,Consistent,consistent,"Title, description, and transcript discuss the same subject and supported detail.",false,SYN00005,SYN00005,0.109,0.200,0.389,synthetic-government-syn00005,new,,
SYN00444,SYN00444,https://synthetic.local/watch?v=SYN00444,බැංකු loan ගැන official update - පොලී අනුපාත update,බැංකු loan සම්බන්ධ පොලී අනුපාත update සහ අයදුම් කිරීමේ කොන්දේසි ගැන සිංහල පැහැදිලි කිරීමක්.,"අද වීඩියෝවෙන් අපි කතා කරන්නේ බැංකු loan ගැනයි. පොලී අනුපාත update ගැන කථිකයා පියවරෙන් පියවර පැහැදිලි කරයි. මෙහිදී source ලෙස සඳහන් කරන්නේ අයදුම් කිරීමේ කොන්දේසි යන්නයි. මෙය external fact check එකක් නොව title, description සහ transcript එක එකිනෙකට ගැළපෙනවාද කියලා බලන උදාහරණයක්. වැදගත්ම දෙය නම් claim එකට transcript එක තුළ ප්‍රමාණවත් support තියෙනවාද කියලා පරීක්ෂා කිරීමයි.",Finance,Not False,Consistent,consistent,"Title, description, and transcript discuss the same subject and supported detail.",false,SYN00444,SYN00444,0.121,0.200,0.438,synthetic-finance-syn00444,new,,
SYN00021,SYN00021,https://synthetic.local/watch?v=SYN00021,එළවළු මිල ගැන official update - වෙළඳපොළ update,එළවළු මිල සම්බන්ධ වෙළඳපොළ update සහ කොළඹ සහ දඹුල්ල මිල වෙනස්වීම් ගැන සිංහල පැහැදිලි කිරීමක්.,"අද වීඩියෝවෙන් අපි කතා කරන්නේ එළවළු මිල ගැනයි. මෙහිදී source ලෙස සඳහන් කරන්නේ කොළඹ සහ දඹුල්ල මිල වෙනස්වීම් යන්නයි. video එක පුරාම ප්‍රධාන අවධානය වෙළඳපොළ update මතම තියෙනවා. මෙය external fact check එකක් නොව title, description සහ transcript එක එකිනෙකට ගැළපෙනවාද කියලා බලන උදාහරණයක්. වැදගත්ම දෙය නම් claim එකට transcript එක තුළ ප්‍රමාණවත් support තියෙනවාද කියලා පරීක්ෂා කිරීමයි.",Agriculture,Not False,Consistent,consistent,"Title, description, and transcript discuss the same subject and supported detail.",false,SYN00021,SYN00021,0.086,0.148,0.400,synthetic-agriculture-syn00021,new,,
SYN00214,SYN00214,https://synthetic.local/watch?v=SYN00214,රන් මිල ගැන official update - අද වෙළඳපොළ තත්ත්වය,රන් මිල සම්බන්ධ අද වෙළඳපොළ තත්ත්වය සහ මිල වෙනස්වීමට හේතු ගැන සිංහල පැහැදිලි කිරීමක්.,"මේ update එකේ ප්‍රධාන කරුණ රන් මිල සම්බන්ධයෙන් ලැබුණු තොරතුරුයි. video එක පුරාම ප්‍රධාන අවධානය අද වෙළඳපොළ තත්ත්වය මතම තියෙනවා. අවසානයේ viewers ලාට නිල update බලලා තීරණ ගන්න කියනවා. මෙය external fact check එකක් නොව title, description සහ transcript එක එකිනෙකට ගැළපෙනවාද කියලා බලන උදාහරණයක්. වැදගත්ම දෙය නම් claim එකට transcript එක තුළ ප්‍රමාණවත් support තියෙනවාද කියලා පරීක්ෂා කිරීමයි.",Finance,Not False,Consistent,consistent,"Title, description, and transcript discuss the same subject and supported detail.",false,SYN00214,SYN00214,0.140,0.095,0.375,synthetic-finance-syn00214,new,,
SYN00065,SYN00065,https://synthetic.local/watch?v=SYN00065,gazette නිවේදනය ගැන official update - නව නියමයන්,gazette නිවේදනය සම්බන්ධ නව නියමයන් සහ අදාළ දිනය සහ බලපෑම ගැන සිංහල පැහැදිලි කිරීමක්.,"ගොඩක් අය අහන ප්‍රශ්නයක් වන gazette නිවේදනය ගැන මෙහි පැහැදිලි කරනවා. මෙහිදී source ලෙස සඳහන් කරන්නේ අදාළ දිනය සහ බලපෑම යන්නයි. video එක පුරාම ප්‍රධාන අවධානය නව නියමයන් මතම තියෙනවා. මෙය external fact check එකක් නොව title, description සහ transcript එක එකිනෙකට ගැළපෙනවාද කියලා බලන උදාහරණයක්. වැදගත්ම දෙය නම් claim එකට transcript එක තුළ ප්‍රමාණවත් support තියෙනවාද කියලා පරීක්ෂා කිරීමයි.",Government,Not False,Consistent,consistent,"Title, description, and transcript discuss the same subject and supported detail.",false,SYN00065,SYN00065,0.081,0.161,0.312,synthetic-government-syn00065,new,,
SYN00412,SYN00412,https://synthetic.local/watch?v=SYN00412,පාසල් නිවාඩු ගැන official update - කාලසටහන් වෙනස්වීම,පාසල් නිවාඩු සම්බන්ධ කාලසටහන් වෙනස්වීම සහ අධ්‍යාපන අමාත්‍යාංශ update ගැන සිංහල පැහැදිලි කිරීමක්.,"මේ update එකේ ප්‍රධාන කරුණ පාසල් නිවාඩු සම්බන්ධයෙන් ලැබුණු තොරතුරුයි. කාලසටහන් වෙනස්වීම ගැන කථිකයා පියවරෙන් පියවර පැහැදිලි කරයි. මෙහිදී source ලෙස සඳහන් කරන්නේ අධ්‍යාපන අමාත්‍යාංශ update යන්නයි. මෙය external fact check එකක් නොව title, description සහ transcript එක එකිනෙකට ගැළපෙනවාද කියලා බලන උදාහරණයක්. වැදගත්ම දෙය නම් claim එකට transcript එක තුළ ප්‍රමාණවත් support තියෙනවාද කියලා පරීක්ෂා කිරීමයි.",Education,Not False,Consistent,consistent,"Title, description, and transcript discuss the same subject and supported detail.",false,SYN00412,SYN00412,0.117,0.210,0.412,synthetic-education-syn00412,new,,
SYN00302,SYN00302,https://synthetic.local/watch?v=SYN00302,විශ්වවිද්‍යාල ප්‍රවේශය ගැන official update - නව cut-off ලකුණු,විශ්වවිද්‍යාල ප්‍රවේශය සම්බන්ධ නව cut-off ලකුණු සහ අයදුම්කරුවන්ට උපදෙස් ගැන සිංහල පැහැදිලි කිරීමක්.,"ගොඩක් අය අහන ප්‍රශ්නයක් වන විශ්වවිද්‍යාල ප්‍රවේශය ගැන මෙහි පැහැදිලි කරනවා. video එක පුරාම ප්‍රධාන අවධානය නව cut-off ලකුණු මතම තියෙනවා. අවසානයේ viewers ලාට නිල update බලලා තීරණ ගන්න කියනවා. මෙය external fact check එකක් නොව title, description සහ transcript එක එකිනෙකට ගැළපෙනවාද කියලා බලන උදාහරණයක්. වැදගත්ම දෙය නම් claim එකට transcript එක තුළ ප්‍රමාණවත් support තියෙනවාද කියලා පරීක්ෂා කිරීමයි.",Education,Not False,Consistent,consistent,"Title, description, and transcript discuss the same subject and supported detail.",false,SYN00302,SYN00302,0.194,0.164,0.474,synthetic-education-syn00302,new,,
SYN00334,SYN00334,https://synthetic.local/watch?v=SYN00334,රන් මිල ගැන official update - අද වෙළඳපොළ තත්ත්වය,රන් මිල සම්බන්ධ අද වෙළඳපොළ තත්ත්වය සහ මිල වෙනස්වීමට හේතු ගැන සිංහල පැහැදිලි කිරීමක්.,"මේ update එකේ ප්‍රධාන කරුණ රන් මිල සම්බන්ධයෙන් ලැබුණු තොරතුරුයි. video එක පුරාම ප්‍රධාන අවධානය අද වෙළඳපොළ තත්ත්වය මතම තියෙනවා. අවසානයේ viewers ලාට නිල update බලලා තීරණ ගන්න කියනවා. මෙය external fact check එකක් නොව title, description සහ transcript එක එකිනෙකට ගැළපෙනවාද කියලා බලන උදාහරණයක්. වැදගත්ම දෙය නම් claim එකට transcript එක තුළ ප්‍රමාණවත් support තියෙනවාද කියලා පරීක්ෂා කිරීමයි.",Finance,Not False,Consistent,consistent,"Title, description, and transcript discuss the same subject and supported detail.",false,SYN00334,SYN00334,0.140,0.095,0.375,synthetic-finance-syn00334,new,,
SYN00193,SYN00193,https://synthetic.local/watch?v=SYN00193,viral වීඩියෝව ගැන official update - සමාජ මාධ්‍ය ප්‍රතිචාර,viral වීඩියෝව සම්බන්ධ සමාජ මාධ්‍ය ප්‍රතිචාර සහ කලාකරුවන්ගේ අදහස් ගැන සිංහල පැහැදිලි කිරීමක්.,"මේ update එකේ ප්‍රධාන කරුණ viral වීඩියෝව සම්බන්ධයෙන් ලැබුණු තොරතුරුයි. මෙහිදී source ලෙස සඳහන් කරන්නේ කලාකරුවන්ගේ අදහස් යන්නයි. video එක පුරාම ප්‍රධාන අවධානය සමාජ මාධ්‍ය ප්‍රතිචාර මතම තියෙනවා. මෙය external fact check එකක් නොව title, description සහ transcript එක එකිනෙකට ගැළපෙනවාද කියලා බලන උදාහරණයක්. වැදගත්ම දෙය නම් claim එකට transcript එක තුළ ප්‍රමාණවත් support තියෙනවාද කියලා පරීක්ෂා කිරීමයි.",Entertainment,Not False,Consistent,consistent,"Title, description, and transcript discuss the same subject and supported detail.",false,SYN00193,SYN00193,0.136,0.145,0.412,synthetic-entertainment-syn00193,new,,
SYNNEG00165,SYNNEG00165,https://synthetic.local/watch?v=SYNNEG00165,medicine shortage ගැන official update - රෝහල් තත්ත්වය,medicine shortage සම්බන්ධ රෝහල් තත්ත්වය සහ නිල සැපයුම් update ගැන සිංහල පැහැදිලි කිරීමක්.,"මේ update එකේ ප්‍රධාන කරුණ vaccine update සම්බන්ධයෙන් ලැබුණු තොරතුරුයි. video එක පුරාම ප්‍රධාන අවධානය රෝහල් ලබාදෙන දිනය මතම තියෙනවා. අවසානයේ viewers ලාට නිල update බලලා තීරණ ගන්න කියනවා. මෙය external fact check එකක් නොව title, description සහ transcript එක එකිනෙකට ගැළපෙනවාද කියලා බලන උදාහරණයක්. වැදගත්ම දෙය නම් claim එකට transcript එක තුළ ප්‍රමාණවත් support තියෙනවාද කියලා පරීක්ෂා කිරීමයි.",Health,False,Inconsistent,same_topic_swap,Same-topic hard negative: metadata and transcript are from different synthetic videos.,true,SYN00156,SYN00166,0.068,0.078,0.571,synthetic-health-synneg00165,new,,
SYN00263,SYN00263,https://synthetic.local/watch?v=SYN00263,ටෙලි නාට්‍යය ගැන official update - අලුත් episode,ටෙලි නාට්‍යය සම්බන්ධ අලුත් episode සහ කතාවේ ඉදිරි වෙනස්කම් ගැන සිංහල පැහැදිලි කිරීමක්.,"ගොඩක් අය අහන ප්‍රශ්නයක් වන ටෙලි නාට්‍යය ගැන මෙහි පැහැදිලි කරනවා. අවසානයේ viewers ලාට නිල update බලලා තීරණ ගන්න කියනවා. අලුත් episode ගැන කථිකයා පියවරෙන් පියවර පැහැදිලි කරයි. මෙය external fact check එකක් නොව title, description සහ transcript එක එකිනෙකට ගැළපෙනවාද කියලා බලන උදාහරණයක්. වැදගත්ම දෙය නම් claim එකට transcript එක තුළ ප්‍රමාණවත් support තියෙනවාද කියලා පරීක්ෂා කිරීමයි.",Entertainment,Not False,Consistent,consistent,"Title, description, and transcript discuss the same subject and supported detail.",false,SYN00263,SYN00263,0.155,0.125,0.353,synthetic-entertainment-syn00263,new,,
SYNNEG00148,SYNNEG00148,https://synthetic.local/watch?v=SYNNEG00148,දැන්ම බලන්න! mobile app නිසා ලංකාවම කම්පා වෙයි,මෙම video එක 100% තහවුරු වූ breaking news එකක් කියලා overclaim කරයි.,"අද වීඩියෝවෙන් අපි කතා කරන්නේ mobile app ගැනයි. මෙහිදී source ලෙස සඳහන් කරන්නේ දත්ත ආරක්ෂාව ගැන පැහැදිලි කිරීම යන්නයි. video එක පුරාම ප්‍රධාන අවධානය privacy update මතම තියෙනවා. මෙය external fact check එකක් නොව title, description සහ transcript එක එකිනෙකට ගැළපෙනවාද කියලා බලන උදාහරණයක්. වැදගත්ම දෙය නම් claim එකට transcript එක තුළ ප්‍රමාණවත් support තියෙනවාද කියලා පරීක්ෂා කිරීමයි.",Technology,False,Inconsistent,clickbait_overclaim,Metadata overclaims certainty while transcript is only a general discussion.,true,SYN00489,SYN00499,0.032,0.062,0.000,synthetic-technology-synneg00148,new,,
SYNNEG00311,SYNNEG00311,https://synthetic.local/watch?v=SYNNEG00311,ඔවුන් මේක සඟවනවා! ශිෂ්‍යත්ව exam ගැන සම්පූර්ණ ඇත්ත,ශිෂ්‍යත්ව exam සම්බන්ධ අයදුම්පත් දිනය සහ පාසල් මට්ටමේ දැනුම්දීම් ගැන සිංහල පැහැදිලි කිරීමක්.,"මේ update එකේ ප්‍රධාන කරුණ ශිෂ්‍යත්ව exam සම්බන්ධයෙන් ලැබුණු තොරතුරුයි. අයදුම්පත් දිනය ගැන කථිකයා පියවරෙන් පියවර පැහැදිලි කරයි. මෙහිදී source ලෙස සඳහන් කරන්නේ පාසල් මට්ටමේ දැනුම්දීම් යන්නයි. මෙය external fact check එකක් නොව title, description සහ transcript එක එකිනෙකට ගැළපෙනවාද කියලා බලන උදාහරණයක්. වැදගත්ම දෙය නම් claim එකට transcript එක තුළ ප්‍රමාණවත් support තියෙනවාද කියලා පරීක්ෂා කිරීමයි.",Education,False,Inconsistent,title_transcript_mismatch,Title makes a stronger promise than the transcript supports.,true,SYN00112,SYN00122,0.062,0.177,0.211,synthetic-education-synneg00311,new,,
SYN00233,SYN00233,https://synthetic.local/watch?v=SYN00233,viral වීඩියෝව ගැන official update - සමාජ මාධ්‍ය ප්‍රතිචාර,viral වීඩියෝව සම්බන්ධ සමාජ මාධ්‍ය ප්‍රතිචාර සහ කලාකරුවන්ගේ අදහස් ගැන සිංහල පැහැදිලි කිරීමක්.,"ගොඩක් අය අහන ප්‍රශ්නයක් වන viral වීඩියෝව ගැන මෙහි පැහැදිලි කරනවා. මෙහිදී source ලෙස සඳහන් කරන්නේ කලාකරුවන්ගේ අදහස් යන්නයි. video එක පුරාම ප්‍රධාන අවධානය සමාජ මාධ්‍ය ප්‍රතිචාර මතම තියෙනවා. මෙය external fact check එකක් නොව title, description සහ transcript එක එකිනෙකට ගැළපෙනවාද කියලා බලන උදාහරණයක්. වැදගත්ම දෙය නම් claim එකට transcript එක තුළ ප්‍රමාණවත් support තියෙනවාද කියලා පරීක්ෂා කිරීමයි.",Entertainment,Not False,Consistent,consistent,"Title, description, and transcript discuss the same subject and supported detail.",false,SYN00233,SYN00233,0.113,0.177,0.412,synthetic-entertainment-syn00233,new,,
SYNNEG00296,SYNNEG00296,https://synthetic.local/watch?v=SYNNEG00296,Breaking! අමාත්‍ය මණ්ඩලය ගැන කවුරුත් නොකියන භයානක රහස,අමාත්‍ය මණ්ඩලය සම්බන්ධ නව තීරණ සහ මාධ්‍ය හමුවේ විස්තර ගැන සිංහල පැහැදිලි කිරීමක්.,"ගොඩක් අය අහන ප්‍රශ්නයක් වන අමාත්‍ය මණ්ඩලය ගැන මෙහි පැහැදිලි කරනවා. අවසානයේ viewers ලාට නිල update බලලා තීරණ ගන්න කියනවා. නව තීරණ ගැන කථිකයා පියවරෙන් පියවර පැහැදිලි කරයි. මෙය external fact check එකක් නොව title, description සහ transcript එක එකිනෙකට ගැළපෙනවාද කියලා බලන උදාහරණයක්. වැදගත්ම දෙය නම් claim එකට transcript එක තුළ ප්‍රමාණවත් support තියෙනවාද කියලා පරීක්ෂා කිරීමයි.",Politics,False,Inconsistent,title_transcript_mismatch,Title makes a stronger promise than the transcript supports.,true,SYN00467,SYN00477,0.049,0.113,0.167,synthetic-politics-synneg00296,new,,
SYNNEG00182,SYNNEG00182,https://synthetic.local/watch?v=SYNNEG00182,නව චිත්‍රපටය ගැන official update - release දිනය,"නව චිත්‍රපටය ගැන සියලු official ලේඛන, නම් ලැයිස්තු, දිනයන් සහ රහස් තොරතුරු transcript එකේ සම්පූර්ණයෙන් ඇති බව කියයි.","ගොඩක් අය අහන ප්‍රශ්නයක් වන නව චිත්‍රපටය ගැන මෙහි පැහැදිලි කරනවා. අවසානයේ viewers ලාට නිල update බලලා තීරණ ගන්න කියනවා. release දිනය ගැන කථිකයා පියවරෙන් පියවර පැහැදිලි කරයි. මෙය external fact check එකක් නොව title, description සහ transcript එක එකිනෙකට ගැළපෙනවාද කියලා බලන උදාහරණයක්. වැදගත්ම දෙය නම් claim එකට transcript එක තුළ ප්‍රමාණවත් support තියෙනවාද කියලා පරීක්ෂා කිරීමයි.",Entertainment,False,Inconsistent,description_transcript_mismatch,Description promises detailed evidence that the transcript does not contain.,true,SYN00323,SYN00333,0.155,0.116,0.217,synthetic-entertainment-synneg00182,new,,
SYNNEG00305,SYNNEG00305,https://synthetic.local/watch?v=SYNNEG00305,දියවැඩියාව ගැන official update - ආහාර පාලන ක්‍රම,දියවැඩියාව සම්බන්ධ ආහාර පාලන ක්‍රම සහ doctor පැහැදිලි කිරීම ගැන සිංහල පැහැදිලි කිරීමක්.,"අද වීඩියෝවෙන් අපි කතා කරන්නේ උණ රෝගය ගැනයි. video එක පුරාම ප්‍රධාන අවධානය ලක්ෂණ සහ ප්‍රතිකාර මතම තියෙනවා. අවසානයේ viewers ලාට නිල update බලලා තීරණ ගන්න කියනවා. මෙය external fact check එකක් නොව title, description සහ transcript එක එකිනෙකට ගැළපෙනවාද කියලා බලන උදාහරණයක්. වැදගත්ම දෙය නම් claim එකට transcript එක තුළ ප්‍රමාණවත් support තියෙනවාද කියලා පරීක්ෂා කිරීමයි.",Health,False,Inconsistent,same_topic_swap,Same-topic hard negative: metadata and transcript are from different synthetic videos.,true,SYN00056,SYN00066,0.048,0.029,0.438,synthetic-health-synneg00305,new,,
SYN00483,SYN00483,https://synthetic.local/watch?v=SYN00483,නව චිත්‍රපටය ගැන official update - release දිනය,නව චිත්‍රපටය සම්බන්ධ release දිනය සහ අධ්‍යක්ෂවරයාගේ පැහැදිලි කිරීම ගැන සිංහල පැහැදිලි කිරීමක්.,"අද වීඩියෝවෙන් අපි කතා කරන්නේ නව චිත්‍රපටය ගැනයි. අවසානයේ viewers ලාට නිල update බලලා තීරණ ගන්න කියනවා. release දිනය ගැන කථිකයා පියවරෙන් පියවර පැහැදිලි කරයි. මෙය external fact check එකක් නොව title, description සහ transcript එක එකිනෙකට ගැළපෙනවාද කියලා බලන උදාහරණයක්. වැදගත්ම දෙය නම් claim එකට transcript එක තුළ ප්‍රමාණවත් support තියෙනවාද කියලා පරීක්ෂා කිරීමයි.",Entertainment,Not False,Consistent,consistent,"Title, description, and transcript discuss the same subject and supported detail.",false,SYN00483,SYN00483,0.158,0.145,0.438,synthetic-entertainment-syn00483,new,,
SYN00361,SYN00361,https://synthetic.local/watch?v=SYN00361,වී වගාව ගැන official update - පොහොර සහනාධාරය,වී වගාව සම්බන්ධ පොහොර සහනාධාරය සහ කෘෂිකර්ම නිලධාරීන්ගේ උපදෙස් ගැන සිංහල පැහැදිලි කිරීමක්.,"මේ update එකේ ප්‍රධාන කරුණ වී වගාව සම්බන්ධයෙන් ලැබුණු තොරතුරුයි. මෙහිදී source ලෙස සඳහන් කරන්නේ කෘෂිකර්ම නිලධාරීන්ගේ උපදෙස් යන්නයි. video එක පුරාම ප්‍රධාන අවධානය පොහොර සහනාධාරය මතම තියෙනවා. මෙය external fact check එකක් නොව title, description සහ transcript එක එකිනෙකට ගැළපෙනවාද කියලා බලන උදාහරණයක්. වැදගත්ම දෙය නම් claim එකට transcript එක තුළ ප්‍රමාණවත් support තියෙනවාද කියලා පරීක්ෂා කිරීමයි.",Agriculture,Not False,Consistent,consistent,"Title, description, and transcript discuss the same subject and supported detail.",false,SYN00361,SYN00361,0.102,0.129,0.312,synthetic-agriculture-syn00361,new,,
SYNNEG00339,SYNNEG00339,https://synthetic.local/watch?v=SYNNEG00339,උෂ්ණත්වය ගැන ලොකු වෙනසක්? සම්පූර්ණ update මෙන්න,උෂ්ණත්වය සම්බන්ධ අද දවසේ වෙනස්වීම් සහ සෞඛ්‍ය උපදෙස් ගැන සිංහල පැහැදිලි කිරීමක්.,"මේ update එකේ ප්‍රධාන කරුණ උෂ්ණත්වය සම්බන්ධයෙන් ලැබුණු තොරතුරුයි. අද දවසේ වෙනස්වීම් ගැන කථිකයා පියවරෙන් පියවර පැහැදිලි කරයි. මෙහිදී source ලෙස සඳහන් කරන්නේ සෞඛ්‍ය උපදෙස් යන්නයි. මෙය external fact check එකක් නොව title, description සහ transcript එක එකිනෙකට ගැළපෙනවාද කියලා බලන උදාහරණයක්. වැදගත්ම දෙය නම් claim එකට transcript එක තුළ ප්‍රමාණවත් support තියෙනවාද කියලා පරීක්ෂා කිරීමයි.",Weather,False,Inconsistent,weak_support,Transcript mentions the topic but does not support the main promised claim.,true,SYN00400,SYN00410,0.066,0.150,0.111,synthetic-weather-synneg00339,new,,
SYN00237,SYN00237,https://synthetic.local/watch?v=SYN00237,පක්ෂ රැස්වීම ගැන official update - ප්‍රතිපත්ති ප්‍රකාශය,පක්ෂ රැස්වීම සම්බන්ධ ප්‍රතිපත්ති ප්‍රකාශය සහ නායකත්වයේ අදහස් ගැන සිංහල පැහැදිලි කිරීමක්.,"අද වීඩියෝවෙන් අපි කතා කරන්නේ පක්ෂ රැස්වීම ගැනයි. මෙහිදී source ලෙස සඳහන් කරන්නේ නායකත්වයේ අදහස් යන්නයි. video එක පුරාම ප්‍රධාන අවධානය ප්‍රතිපත්ති ප්‍රකාශය මතම තියෙනවා. මෙය external fact check එකක් නොව title, description සහ transcript එක එකිනෙකට ගැළපෙනවාද කියලා බලන උදාහරණයක්. වැදගත්ම දෙය නම් claim එකට transcript එක තුළ ප්‍රමාණවත් support තියෙනවාද කියලා පරීක්ෂා කිරීමයි.",Politics,Not False,Consistent,consistent,"Title, description, and transcript discuss the same subject and supported detail.",false,SYN00237,SYN00237,0.086,0.136,0.375,synthetic-politics-syn00237,new,,
SYNNEG00128,SYNNEG00128,https://synthetic.local/watch?v=SYNNEG00128,දැන්ම බලන්න! mobile app නිසා ලංකාවම කම්පා වෙයි,මෙම video එක 100% තහවුරු වූ breaking news එකක් කියලා overclaim කරයි.,"මේ update එකේ ප්‍රධාන කරුණ mobile app සම්බන්ධයෙන් ලැබුණු තොරතුරුයි. මෙහිදී source ලෙස සඳහන් කරන්නේ දත්ත ආරක්ෂාව ගැන පැහැදිලි කිරීම යන්නයි. video එක පුරාම ප්‍රධාන අවධානය privacy update මතම තියෙනවා. මෙය external fact check එකක් නොව title, description සහ transcript එක එකිනෙකට ගැළපෙනවාද කියලා බලන උදාහරණයක්. වැදගත්ම දෙය නම් claim එකට transcript එක තුළ ප්‍රමාණවත් support තියෙනවාද කියලා පරීක්ෂා කිරීමයි.",Technology,False,Inconsistent,clickbait_overclaim,Metadata overclaims certainty while transcript is only a general discussion.,true,SYN00289,SYN00299,0.032,0.062,0.000,synthetic-technology-synneg00128,new,,
SYNNEG00458,SYNNEG00458,https://synthetic.local/watch?v=SYNNEG00458,ඔවුන් මේක සඟවනවා! mobile app ගැන සම්පූර්ණ ඇත්ත,මෙම video එක 100% තහවුරු වූ breaking news එකක් කියලා overclaim කරයි.,"ගොඩක් අය අහන ප්‍රශ්නයක් වන mobile app ගැන මෙහි පැහැදිලි කරනවා. මෙහිදී source ලෙස සඳහන් කරන්නේ දත්ත ආරක්ෂාව ගැන පැහැදිලි කිරීම යන්නයි. video එක පුරාම ප්‍රධාන අවධානය privacy update මතම තියෙනවා. මෙය external fact check එකක් නොව title, description සහ transcript එක එකිනෙකට ගැළපෙනවාද කියලා බලන උදාහරණයක්. වැදගත්ම දෙය නම් claim එකට transcript එක තුළ ප්‍රමාණවත් support තියෙනවාද කියලා පරීක්ෂා කිරීමයි.",Technology,False,Inconsistent,clickbait_overclaim,Metadata overclaims certainty while transcript is only a general discussion.,true,SYN00089,SYN00099,0.047,0.060,0.000,synthetic-technology-synneg00458,new,,
SYNNEG00083,SYNNEG00083,https://synthetic.local/watch?v=SYNNEG00083,Breaking! රන් මිල ගැන කවුරුත් නොකියන භයානක රහස,මෙම video එක 100% තහවුරු වූ breaking news එකක් කියලා overclaim කරයි.,"මේ update එකේ ප්‍රධාන කරුණ රන් මිල සම්බන්ධයෙන් ලැබුණු තොරතුරුයි. video එක පුරාම ප්‍රධාන අවධානය අද වෙළඳපොළ තත්ත්වය මතම තියෙනවා. අවසානයේ viewers ලාට නිල update බලලා තීරණ ගන්න කියනවා. මෙය external fact check එකක් නොව title, description සහ transcript එක එකිනෙකට ගැළපෙනවාද කියලා බලන උදාහරණයක්. වැදගත්ම දෙය නම් claim එකට transcript එක තුළ ප්‍රමාණවත් support තියෙනවාද කියලා පරීක්ෂා කිරීමයි.",Finance,False,Inconsistent,clickbait_overclaim,Metadata overclaims certainty while transcript is only a general discussion.,true,SYN00334,SYN00344,0.032,0.062,0.000,synthetic-finance-synneg00083,new,,
SYN00273,SYN00273,https://synthetic.local/watch?v=SYN00273,viral වීඩියෝව ගැන official update - සමාජ මාධ්‍ය ප්‍රතිචාර,viral වීඩියෝව සම්බන්ධ සමාජ මාධ්‍ය ප්‍රතිචාර සහ කලාකරුවන්ගේ අදහස් ගැන සිංහල පැහැදිලි කිරීමක්.,"අද වීඩියෝවෙන් අපි කතා කරන්නේ viral වීඩියෝව ගැනයි. මෙහිදී source ලෙස සඳහන් කරන්නේ කලාකරුවන්ගේ අදහස් යන්නයි. video එක පුරාම ප්‍රධාන අවධානය සමාජ මාධ්‍ය ප්‍රතිචාර මතම තියෙනවා. මෙය external fact check එකක් නොව title, description සහ transcript එක එකිනෙකට ගැළපෙනවාද කියලා බලන උදාහරණයක්. වැදගත්ම දෙය නම් claim එකට transcript එක තුළ ප්‍රමාණවත් support තියෙනවාද කියලා පරීක්ෂා කිරීමයි.",Entertainment,Not False,Consistent,consistent,"Title, description, and transcript discuss the same subject and supported detail.",false,SYN00273,SYN00273,0.102,0.150,0.412,synthetic-entertainment-syn00273,new,,
SYN00202,SYN00202,https://synthetic.local/watch?v=SYN00202,O/L exam ගැන official update - ප්‍රතිඵල නිකුත් කිරීම,O/L exam සම්බන්ධ ප්‍රතිඵල නිකුත් කිරීම සහ විභාග දෙපාර්තමේන්තුවේ නිවේදනය ගැන සිංහල පැහැදිලි කිරීමක්.,"මේ update එකේ ප්‍රධාන කරුණ O/L exam සම්බන්ධයෙන් ලැබුණු තොරතුරුයි. video එක පුරාම ප්‍රධාන අවධානය ප්‍රතිඵල නිකුත් කිරීම මතම තියෙනවා. අවසානයේ viewers ලාට නිල update බලලා තීරණ ගන්න කියනවා. මෙය external fact check එකක් නොව title, description සහ transcript එක එකිනෙකට ගැළපෙනවාද කියලා බලන උදාහරණයක්. වැදගත්ම දෙය නම් claim එකට transcript එක තුළ ප්‍රමාණවත් support තියෙනවාද කියලා පරීක්ෂා කිරීමයි.",Education,Not False,Consistent,consistent,"Title, description, and transcript discuss the same subject and supported detail.",false,SYN00202,SYN00202,0.127,0.097,0.375,synthetic-education-syn00202,new,,
SYN00014,SYN00014,https://synthetic.local/watch?v=SYN00014,රන් මිල ගැන official update - අද වෙළඳපොළ තත්ත්වය,රන් මිල සම්බන්ධ අද වෙළඳපොළ තත්ත්වය සහ මිල වෙනස්වීමට හේතු ගැන සිංහල පැහැදිලි කිරීමක්.,"ගොඩක් අය අහන ප්‍රශ්නයක් වන රන් මිල ගැන මෙහි පැහැදිලි කරනවා. video එක පුරාම ප්‍රධාන අවධානය අද වෙළඳපොළ තත්ත්වය මතම තියෙනවා. අවසානයේ viewers ලාට නිල update බලලා තීරණ ගන්න කියනවා. මෙය external fact check එකක් නොව title, description සහ transcript එක එකිනෙකට ගැළපෙනවාද කියලා බලන උදාහරණයක්. වැදගත්ම දෙය නම් claim එකට transcript එක තුළ ප්‍රමාණවත් support තියෙනවාද කියලා පරීක්ෂා කිරීමයි.",Finance,Not False,Consistent,consistent,"Title, description, and transcript discuss the same subject and supported detail.",false,SYN00014,SYN00014,0.150,0.123,0.375,synthetic-finance-syn00014,new,,
SYN00428,SYN00428,https://synthetic.local/watch?v=SYN00428,පුණ්‍ය කටයුතු ගැන official update - උත්සව සංවිධානය,පුණ්‍ය කටයුතු සම්බන්ධ උත්සව සංවිධානය සහ ප්‍රදේශවාසීන්ට උපදෙස් ගැන සිංහල පැහැදිලි කිරීමක්.,"ගොඩක් අය අහන ප්‍රශ්නයක් වන පුණ්‍ය කටයුතු ගැන මෙහි පැහැදිලි කරනවා. උත්සව සංවිධානය ගැන කථිකයා පියවරෙන් පියවර පැහැදිලි කරයි. මෙහිදී source ලෙස සඳහන් කරන්නේ ප්‍රදේශවාසීන්ට උපදෙස් යන්නයි. මෙය external fact check එකක් නොව title, description සහ transcript එක එකිනෙකට ගැළපෙනවාද කියලා බලන උදාහරණයක්. වැදගත්ම දෙය නම් claim එකට transcript එක තුළ ප්‍රමාණවත් support තියෙනවාද කියලා පරීක්ෂා කිරීමයි.",Religion,Not False,Consistent,consistent,"Title, description, and transcript discuss the same subject and supported detail.",false,SYN00428,SYN00428,0.085,0.169,0.312,synthetic-religion-syn00428,new,,
SYN00240,SYN00240,https://synthetic.local/watch?v=SYN00240,උෂ්ණත්වය ගැන official update - අද දවසේ වෙනස්වීම්,උෂ්ණත්වය සම්බන්ධ අද දවසේ වෙනස්වීම් සහ සෞඛ්‍ය උපදෙස් ගැන සිංහල පැහැදිලි කිරීමක්.,"අද වීඩියෝවෙන් අපි කතා කරන්නේ උෂ්ණත්වය ගැනයි. අද දවසේ වෙනස්වීම් ගැන කථිකයා පියවරෙන් පියවර පැහැදිලි කරයි. මෙහිදී source ලෙස සඳහන් කරන්නේ සෞඛ්‍ය උපදෙස් යන්නයි. මෙය external fact check එකක් නොව title, description සහ transcript එක එකිනෙකට ගැළපෙනවාද කියලා බලන උදාහරණයක්. වැදගත්ම දෙය නම් claim එකට transcript එක තුළ ප්‍රමාණවත් support තියෙනවාද කියලා පරීක්ෂා කිරීමයි.",Weather,Not False,Consistent,consistent,"Title, description, and transcript discuss the same subject and supported detail.",false,SYN00240,SYN00240,0.089,0.161,0.333,synthetic-weather-syn00240,new,,
SYN00085,SYN00085,https://synthetic.local/watch?v=SYN00085,රජයේ allowance ගැන official update - official අයදුම් ක්‍රමය,රජයේ allowance සම්බන්ධ official අයදුම් ක්‍රමය සහ ලැබිය යුතු පවුල් කාණ්ඩ ගැන සිංහල පැහැදිලි කිරීමක්.,"මේ update එකේ ප්‍රධාන කරුණ රජයේ allowance සම්බන්ධයෙන් ලැබුණු තොරතුරුයි. මෙහිදී source ලෙස සඳහන් කරන්නේ ලැබිය යුතු පවුල් කාණ්ඩ යන්නයි. video එක පුරාම ප්‍රධාන අවධානය official අයදුම් ක්‍රමය මතම තියෙනවා. මෙය external fact check එකක් නොව title, description සහ transcript එක එකිනෙකට ගැළපෙනවාද කියලා බලන උදාහරණයක්. වැදගත්ම දෙය නම් claim එකට transcript එක තුළ ප්‍රමාණවත් support තියෙනවාද කියලා පරීක්ෂා කිරීමයි.",Government,Not False,Consistent,consistent,"Title, description, and transcript discuss the same subject and supported detail.",false,SYN00085,SYN00085,0.131,0.169,0.389,synthetic-government-syn00085,new,,
SYNNEG00033,SYNNEG00033,https://synthetic.local/watch?v=SYNNEG00033,100% තහවුරුයි! රන් මිල ගැන official තීරණය එළියට,මෙම video එක 100% තහවුරු වූ breaking news එකක් කියලා overclaim කරයි.,"මේ update එකේ ප්‍රධාන කරුණ රන් මිල සම්බන්ධයෙන් ලැබුණු තොරතුරුයි. video එක පුරාම ප්‍රධාන අවධානය අද වෙළඳපොළ තත්ත්වය මතම තියෙනවා. අවසානයේ viewers ලාට නිල update බලලා තීරණ ගන්න කියනවා. මෙය external fact check එකක් නොව title, description සහ transcript එක එකිනෙකට ගැළපෙනවාද කියලා බලන උදාහරණයක්. වැදගත්ම දෙය නම් claim එකට transcript එක තුළ ප්‍රමාණවත් support තියෙනවාද කියලා පරීක්ෂා කිරීමයි.",Finance,False,Inconsistent,clickbait_overclaim,Metadata overclaims certainty while transcript is only a general discussion.,true,SYN00334,SYN00344,0.049,0.062,0.053,synthetic-finance-synneg00033,new,,
SYN00173,SYN00173,https://synthetic.local/watch?v=SYN00173,ජනප්‍රිය ගායකයා ගැන official update - concert update,ජනප්‍රිය ගායකයා සම්බන්ධ concert update සහ ප්‍රවේශපත්‍ර සහ ස්ථානය ගැන සිංහල පැහැදිලි කිරීමක්.,"ගොඩක් අය අහන ප්‍රශ්නයක් වන ජනප්‍රිය ගායකයා ගැන මෙහි පැහැදිලි කරනවා. මෙහිදී source ලෙස සඳහන් කරන්නේ ප්‍රවේශපත්‍ර සහ ස්ථානය යන්නයි. video එක පුරාම ප්‍රධාන අවධානය concert update මතම තියෙනවා. මෙය external fact check එකක් නොව title, description සහ transcript එක එකිනෙකට ගැළපෙනවාද කියලා බලන උදාහරණයක්. වැදගත්ම දෙය නම් claim එකට transcript එක තුළ ප්‍රමාණවත් support තියෙනවාද කියලා පරීක්ෂා කිරීමයි.",Entertainment,Not False,Consistent,consistent,"Title, description, and transcript discuss the same subject and supported detail.",false,SYN00173,SYN00173,0.115,0.190,0.438,synthetic-entertainment-syn00173,new,,
SYN00290,SYN00290,https://synthetic.local/watch?v=SYN00290,වැසි තත්ත්වය ගැන official update - කාලගුණ warning,වැසි තත්ත්වය සම්බන්ධ කාලගුණ warning සහ දිස්ත්‍රික්ක අනුව අනාවැකි ගැන සිංහල පැහැදිලි කිරීමක්.,"ගොඩක් අය අහන ප්‍රශ්නයක් වන වැසි තත්ත්වය ගැන මෙහි පැහැදිලි කරනවා. video එක පුරාම ප්‍රධාන අවධානය කාලගුණ warning මතම තියෙනවා. අවසානයේ viewers ලාට නිල update බලලා තීරණ ගන්න කියනවා. මෙය external fact check එකක් නොව title, description සහ transcript එක එකිනෙකට ගැළපෙනවාද කියලා බලන උදාහරණයක්. වැදගත්ම දෙය නම් claim එකට transcript එක තුළ ප්‍රමාණවත් support තියෙනවාද කියලා පරීක්ෂා කිරීමයි.",Weather,Not False,Consistent,consistent,"Title, description, and transcript discuss the same subject and supported detail.",false,SYN00290,SYN00290,0.150,0.119,0.333,synthetic-weather-syn00290,new,,
SYN00486,SYN00486,https://synthetic.local/watch?v=SYN00486,vaccine update ගැන official update - රෝහල් ලබාදෙන දිනය,vaccine update සම්බන්ධ රෝහල් ලබාදෙන දිනය සහ වෛද්‍යවරයාගේ උපදෙස් ගැන සිංහල පැහැදිලි කිරීමක්.,"අද වීඩියෝවෙන් අපි කතා කරන්නේ vaccine update ගැනයි. video එක පුරාම ප්‍රධාන අවධානය රෝහල් ලබාදෙන දිනය මතම තියෙනවා. අවසානයේ viewers ලාට නිල update බලලා තීරණ ගන්න කියනවා. මෙය external fact check එකක් නොව title, description සහ transcript එක එකිනෙකට ගැළපෙනවාද කියලා බලන උදාහරණයක්. වැදගත්ම දෙය නම් claim එකට transcript එක තුළ ප්‍රමාණවත් support තියෙනවාද කියලා පරීක්ෂා කිරීමයි.",Health,Not False,Consistent,consistent,"Title, description, and transcript discuss the same subject and supported detail.",false,SYN00486,SYN00486,0.123,0.109,0.438,synthetic-health-syn00486,new,,
SYN00330,SYN00330,https://synthetic.local/watch?v=SYN00330,වැසි තත්ත්වය ගැන official update - කාලගුණ warning,වැසි තත්ත්වය සම්බන්ධ කාලගුණ warning සහ දිස්ත්‍රික්ක අනුව අනාවැකි ගැන සිංහල පැහැදිලි කිරීමක්.,"අද වීඩියෝවෙන් අපි කතා කරන්නේ වැසි තත්ත්වය ගැනයි. video එක පුරාම ප්‍රධාන අවධානය කාලගුණ warning මතම තියෙනවා. අවසානයේ viewers ලාට නිල update බලලා තීරණ ගන්න කියනවා. මෙය external fact check එකක් නොව title, description සහ transcript එක එකිනෙකට ගැළපෙනවාද කියලා බලන උදාහරණයක්. වැදගත්ම දෙය නම් claim එකට transcript එක තුළ ප්‍රමාණවත් support තියෙනවාද කියලා පරීක්ෂා කිරීමයි.",Weather,Not False,Consistent,consistent,"Title, description, and transcript discuss the same subject and supported detail.",false,SYN00330,SYN00330,0.138,0.091,0.333,synthetic-weather-syn00330,new,,
SYNNEG00184,SYNNEG00184,https://synthetic.local/watch?v=SYNNEG00184,gazette නිවේදනය සම්බන්ධ නව තීරණයක්ද? ජනතාව අහන ප්‍රශ්න,gazette නිවේදනය සම්බන්ධ නව නියමයන් සහ අදාළ දිනය සහ බලපෑම ගැන සිංහල පැහැදිලි කිරීමක්.,"අද වීඩියෝවෙන් අපි කතා කරන්නේ gazette නිවේදනය ගැනයි. මෙහිදී source ලෙස සඳහන් කරන්නේ අදාළ දිනය සහ බලපෑම යන්නයි. video එක පුරාම ප්‍රධාන අවධානය නව නියමයන් මතම තියෙනවා. මෙය external fact check එකක් නොව title, description සහ transcript එක එකිනෙකට ගැළපෙනවාද කියලා බලන උදාහරණයක්. වැදගත්ම දෙය නම් claim එකට transcript එක තුළ ප්‍රමාණවත් support තියෙනවාද කියලා පරීක්ෂා කිරීමයි.",Government,False,Inconsistent,weak_support,Transcript mentions the topic but does not support the main promised claim.,true,SYN00345,SYN00355,0.067,0.133,0.222,synthetic-government-synneg00184,new,,
SYN00319,SYN00319,https://synthetic.local/watch?v=SYN00319,data package ගැන official update - නව මිල,data package සම්බන්ධ නව මිල සහ telecom company update ගැන සිංහල පැහැදිලි කිරීමක්.,"මේ update එකේ ප්‍රධාන කරුණ data package සම්බන්ධයෙන් ලැබුණු තොරතුරුයි. අවසානයේ viewers ලාට නිල update බලලා තීරණ ගන්න කියනවා. නව මිල ගැන කථිකයා පියවරෙන් පියවර පැහැදිලි කරයි. මෙය external fact check එකක් නොව title, description සහ transcript එක එකිනෙකට ගැළපෙනවාද කියලා බලන උදාහරණයක්. වැදගත්ම දෙය නම් claim එකට transcript එක තුළ ප්‍රමාණවත් support තියෙනවාද කියලා පරීක්ෂා කිරීමයි.",Technology,Not False,Consistent,consistent,"Title, description, and transcript discuss the same subject and supported detail.",false,SYN00319,SYN00319,0.143,0.148,0.467,synthetic-technology-syn00319,new,,
SYN00455,SYN00455,https://synthetic.local/watch?v=SYN00455,passport සේවාව ගැන official update - online booking update,passport සේවාව සම්බන්ධ online booking update සහ කාර්යාල වේලාවන් ගැන සිංහල පැහැදිලි කිරීමක්.,"ගොඩක් අය අහන ප්‍රශ්නයක් වන passport සේවාව ගැන මෙහි පැහැදිලි කරනවා. අවසානයේ viewers ලාට නිල update බලලා තීරණ ගන්න කියනවා. online booking update ගැන කථිකයා පියවරෙන් පියවර පැහැදිලි කරයි. මෙය external fact check එකක් නොව title, description සහ transcript එක එකිනෙකට ගැළපෙනවාද කියලා බලන උදාහරණයක්. වැදගත්ම දෙය නම් claim එකට transcript එක තුළ ප්‍රමාණවත් support තියෙනවාද කියලා පරීක්ෂා කිරීමයි.",Government,Not False,Consistent,consistent,"Title, description, and transcript discuss the same subject and supported detail.",false,SYN00455,SYN00455,0.140,0.145,0.467,synthetic-government-syn00455,new,,
SYN00250,SYN00250,https://synthetic.local/watch?v=SYN00250,වැසි තත්ත්වය ගැන official update - කාලගුණ warning,වැසි තත්ත්වය සම්බන්ධ කාලගුණ warning සහ දිස්ත්‍රික්ක අනුව අනාවැකි ගැන සිංහල පැහැදිලි කිරීමක්.,"මේ update එකේ ප්‍රධාන කරුණ වැසි තත්ත්වය සම්බන්ධයෙන් ලැබුණු තොරතුරුයි. video එක පුරාම ප්‍රධාන අවධානය කාලගුණ warning මතම තියෙනවා. අවසානයේ viewers ලාට නිල update බලලා තීරණ ගන්න කියනවා. මෙය external fact check එකක් නොව title, description සහ transcript එක එකිනෙකට ගැළපෙනවාද කියලා බලන උදාහරණයක්. වැදගත්ම දෙය නම් claim එකට transcript එක තුළ ප්‍රමාණවත් support තියෙනවාද කියලා පරීක්ෂා කිරීමයි.",Weather,Not False,Consistent,consistent,"Title, description, and transcript discuss the same subject and supported detail.",false,SYN00250,SYN00250,0.140,0.092,0.333,synthetic-weather-syn00250,new,,
SYNNEG00347,SYNNEG00347,https://synthetic.local/watch?v=SYNNEG00347,ආගමික උත්සවය ගැන official update - ගමනාගමන සැලැස්ම,"ආගමික උත්සවය ගැන සියලු official ලේඛන, නම් ලැයිස්තු, දිනයන් සහ රහස් තොරතුරු transcript එකේ සම්පූර්ණයෙන් ඇති බව කියයි.","මේ update එකේ ප්‍රධාන කරුණ ආගමික උත්සවය සම්බන්ධයෙන් ලැබුණු තොරතුරුයි. video එක පුරාම ප්‍රධාන අවධානය ගමනාගමන සැලැස්ම මතම තියෙනවා. අවසානයේ viewers ලාට නිල update බලලා තීරණ ගන්න කියනවා. මෙය external fact check එකක් නොව title, description සහ transcript එක එකිනෙකට ගැළපෙනවාද කියලා බලන උදාහරණයක්. වැදගත්ම දෙය නම් claim එකට transcript එක තුළ ප්‍රමාණවත් support තියෙනවාද කියලා පරීක්ෂා කිරීමයි.",Religion,False,Inconsistent,description_transcript_mismatch,Description promises detailed evidence that the transcript does not contain.,true,SYN00478,SYN00488,0.125,0.106,0.182,synthetic-religion-synneg00347,new,,
SYN00280,SYN00280,https://synthetic.local/watch?v=SYN00280,උෂ්ණත්වය ගැන official update - අද දවසේ වෙනස්වීම්,උෂ්ණත්වය සම්බන්ධ අද දවසේ වෙනස්වීම් සහ සෞඛ්‍ය උපදෙස් ගැන සිංහල පැහැදිලි කිරීමක්.,"මේ update එකේ ප්‍රධාන කරුණ උෂ්ණත්වය සම්බන්ධයෙන් ලැබුණු තොරතුරුයි. අද දවසේ වෙනස්වීම් ගැන කථිකයා පියවරෙන් පියවර පැහැදිලි කරයි. මෙහිදී source ලෙස සඳහන් කරන්නේ සෞඛ්‍ය උපදෙස් යන්නයි. මෙය external fact check එකක් නොව title, description සහ transcript එක එකිනෙකට ගැළපෙනවාද කියලා බලන උදාහරණයක්. වැදගත්ම දෙය නම් claim එකට transcript එක තුළ ප්‍රමාණවත් support තියෙනවාද කියලා පරීක්ෂා කිරීමයි.",Weather,Not False,Consistent,consistent,"Title, description, and transcript discuss the same subject and supported detail.",false,SYN00280,SYN00280,0.121,0.150,0.333,synthetic-weather-syn00280,new,,
SYN00456,SYN00456,https://synthetic.local/watch?v=SYN00456,දියවැඩියාව ගැන official update - ආහාර පාලන ක්‍රම,දියවැඩියාව සම්බන්ධ ආහාර පාලන ක්‍රම සහ doctor පැහැදිලි කිරීම ගැන සිංහල පැහැදිලි කිරීමක්.,"අද වීඩියෝවෙන් අපි කතා කරන්නේ දියවැඩියාව ගැනයි. ආහාර පාලන ක්‍රම ගැන කථිකයා පියවරෙන් පියවර පැහැදිලි කරයි. මෙහිදී source ලෙස සඳහන් කරන්නේ doctor පැහැදිලි කිරීම යන්නයි. මෙය external fact check එකක් නොව title, description සහ transcript එක එකිනෙකට ගැළපෙනවාද කියලා බලන උදාහරණයක්. වැදගත්ම දෙය නම් claim එකට transcript එක තුළ ප්‍රමාණවත් support තියෙනවාද කියලා පරීක්ෂා කිරීමයි.",Health,Not False,Consistent,consistent,"Title, description, and transcript discuss the same subject and supported detail.",false,SYN00456,SYN00456,0.121,0.186,0.438,synthetic-health-syn00456,new,,
SYNNEG00402,SYNNEG00402,https://synthetic.local/watch?v=SYNNEG00402,ටෙලි නාට්‍යය ගැන official update - අලුත් episode,"ටෙලි නාට්‍යය ගැන සියලු official ලේඛන, නම් ලැයිස්තු, දිනයන් සහ රහස් තොරතුරු transcript එකේ සම්පූර්ණයෙන් ඇති බව කියයි.","ගොඩක් අය අහන ප්‍රශ්නයක් වන ටෙලි නාට්‍යය ගැන මෙහි පැහැදිලි කරනවා. අවසානයේ viewers ලාට නිල update බලලා තීරණ ගන්න කියනවා. අලුත් episode ගැන කථිකයා පියවරෙන් පියවර පැහැදිලි කරයි. මෙය external fact check එකක් නොව title, description සහ transcript එක එකිනෙකට ගැළපෙනවාද කියලා බලන උදාහරණයක්. වැදගත්ම දෙය නම් claim එකට transcript එක තුළ ප්‍රමාණවත් support තියෙනවාද කියලා පරීක්ෂා කිරීමයි.",Entertainment,False,Inconsistent,description_transcript_mismatch,Description promises detailed evidence that the transcript does not contain.,true,SYN00023,SYN00033,0.155,0.116,0.217,synthetic-entertainment-synneg00402,new,,
SYNNEG00262,SYNNEG00262,https://synthetic.local/watch?v=SYNNEG00262,නව චිත්‍රපටය ගැන official update - release දිනය,"නව චිත්‍රපටය ගැන සියලු official ලේඛන, නම් ලැයිස්තු, දිනයන් සහ රහස් තොරතුරු transcript එකේ සම්පූර්ණයෙන් ඇති බව කියයි.","අද වීඩියෝවෙන් අපි කතා කරන්නේ නව චිත්‍රපටය ගැනයි. අවසානයේ viewers ලාට නිල update බලලා තීරණ ගන්න කියනවා. release දිනය ගැන කථිකයා පියවරෙන් පියවර පැහැදිලි කරයි. මෙය external fact check එකක් නොව title, description සහ transcript එක එකිනෙකට ගැළපෙනවාද කියලා බලන උදාහරණයක්. වැදගත්ම දෙය නම් claim එකට transcript එක තුළ ප්‍රමාණවත් support තියෙනවාද කියලා පරීක්ෂා කිරීමයි.",Entertainment,False,Inconsistent,description_transcript_mismatch,Description promises detailed evidence that the transcript does not contain.,true,SYN00123,SYN00133,0.158,0.118,0.217,synthetic-entertainment-synneg00262,new,,
SYNNEG00048,SYNNEG00048,https://synthetic.local/watch?v=SYNNEG00048,දැන්ම බලන්න! mobile app නිසා ලංකාවම කම්පා වෙයි,මෙම video එක 100% තහවුරු වූ breaking news එකක් කියලා overclaim කරයි.,"අද වීඩියෝවෙන් අපි කතා කරන්නේ mobile app ගැනයි. මෙහිදී source ලෙස සඳහන් කරන්නේ දත්ත ආරක්ෂාව ගැන පැහැදිලි කිරීම යන්නයි. video එක පුරාම ප්‍රධාන අවධානය privacy update මතම තියෙනවා. මෙය external fact check එකක් නොව title, description සහ transcript එක එකිනෙකට ගැළපෙනවාද කියලා බලන උදාහරණයක්. වැදගත්ම දෙය නම් claim එකට transcript එක තුළ ප්‍රමාණවත් support තියෙනවාද කියලා පරීක්ෂා කිරීමයි.",Technology,False,Inconsistent,clickbait_overclaim,Metadata overclaims certainty while transcript is only a general discussion.,true,SYN00489,SYN00499,0.032,0.062,0.000,synthetic-technology-synneg00048,new,,
SYN00181,SYN00181,https://synthetic.local/watch?v=SYN00181,එළවළු මිල ගැන official update - වෙළඳපොළ update,එළවළු මිල සම්බන්ධ වෙළඳපොළ update සහ කොළඹ සහ දඹුල්ල මිල වෙනස්වීම් ගැන සිංහල පැහැදිලි කිරීමක්.,"මේ update එකේ ප්‍රධාන කරුණ එළවළු මිල සම්බන්ධයෙන් ලැබුණු තොරතුරුයි. මෙහිදී source ලෙස සඳහන් කරන්නේ කොළඹ සහ දඹුල්ල මිල වෙනස්වීම් යන්නයි. video එක පුරාම ප්‍රධාන අවධානය වෙළඳපොළ update මතම තියෙනවා. මෙය external fact check එකක් නොව title, description සහ transcript එක එකිනෙකට ගැළපෙනවාද කියලා බලන උදාහරණයක්. වැදගත්ම දෙය නම් claim එකට transcript එක තුළ ප්‍රමාණවත් support තියෙනවාද කියලා පරීක්ෂා කිරීමයි.",Agriculture,Not False,Consistent,consistent,"Title, description, and transcript discuss the same subject and supported detail.",false,SYN00181,SYN00181,0.086,0.148,0.400,synthetic-agriculture-syn00181,new,,
SYNNEG00058,SYNNEG00058,https://synthetic.local/watch?v=SYNNEG00058,ඔවුන් මේක සඟවනවා! mobile app ගැන සම්පූර්ණ ඇත්ත,මෙම video එක 100% තහවුරු වූ breaking news එකක් කියලා overclaim කරයි.,"ගොඩක් අය අහන ප්‍රශ්නයක් වන mobile app ගැන මෙහි පැහැදිලි කරනවා. මෙහිදී source ලෙස සඳහන් කරන්නේ දත්ත ආරක්ෂාව ගැන පැහැදිලි කිරීම යන්නයි. video එක පුරාම ප්‍රධාන අවධානය privacy update මතම තියෙනවා. මෙය external fact check එකක් නොව title, description සහ transcript එක එකිනෙකට ගැළපෙනවාද කියලා බලන උදාහරණයක්. වැදගත්ම දෙය නම් claim එකට transcript එක තුළ ප්‍රමාණවත් support තියෙනවාද කියලා පරීක්ෂා කිරීමයි.",Technology,False,Inconsistent,clickbait_overclaim,Metadata overclaims certainty while transcript is only a general discussion.,true,SYN00089,SYN00099,0.047,0.060,0.000,synthetic-technology-synneg00058,new,,
SYNNEG00129,SYNNEG00129,https://synthetic.local/watch?v=SYNNEG00129,සුළි කුණාටු අවදානම ගැන ලොකු වෙනසක්? සම්පූර්ණ update මෙන්න,සුළි කුණාටු අවදානම සම්බන්ධ official forecast සහ මුහුදු ප්‍රදේශ අනතුරු ඇඟවීම ගැන සිංහල පැහැදිලි කිරීමක්.,"අද වීඩියෝවෙන් අපි කතා කරන්නේ සුළි කුණාටු අවදානම ගැනයි. official forecast ගැන කථිකයා පියවරෙන් පියවර පැහැදිලි කරයි. මෙහිදී source ලෙස සඳහන් කරන්නේ මුහුදු ප්‍රදේශ අනතුරු ඇඟවීම යන්නයි. මෙය external fact check එකක් නොව title, description සහ transcript එක එකිනෙකට ගැළපෙනවාද කියලා බලන උදාහරණයක්. වැදගත්ම දෙය නම් claim එකට transcript එක තුළ ප්‍රමාණවත් support තියෙනවාද කියලා පරීක්ෂා කිරීමයි.",Weather,False,Inconsistent,weak_support,Transcript mentions the topic but does not support the main promised claim.,true,SYN00300,SYN00310,0.063,0.217,0.182,synthetic-weather-synneg00129,new,,
SYN00424,SYN00424,https://synthetic.local/watch?v=SYN00424,crypto investment ගැන official update - අවදානම් සහ වාසි,crypto investment සම්බන්ධ අවදානම් සහ වාසි සහ මුදල් උපදේශකගේ පැහැදිලි කිරීම ගැන සිංහල පැහැදිලි කිරීමක්.,"මේ update එකේ ප්‍රධාන කරුණ crypto investment සම්බන්ධයෙන් ලැබුණු තොරතුරුයි. අවදානම් සහ වාසි ගැන කථිකයා පියවරෙන් පියවර පැහැදිලි කරයි. මෙහිදී source ලෙස සඳහන් කරන්නේ මුදල් උපදේශකගේ පැහැදිලි කිරීම යන්නයි. මෙය external fact check එකක් නොව title, description සහ transcript එක එකිනෙකට ගැළපෙනවාද කියලා බලන උදාහරණයක්. වැදගත්ම දෙය නම් claim එකට transcript එක තුළ ප්‍රමාණවත් support තියෙනවාද කියලා පරීක්ෂා කිරීමයි.",Finance,Not False,Consistent,consistent,"Title, description, and transcript discuss the same subject and supported detail.",false,SYN00424,SYN00424,0.153,0.180,0.500,synthetic-finance-syn00424,new,,
SYNNEG00344,SYNNEG00344,https://synthetic.local/watch?v=SYNNEG00344,රජයේ allowance ගැන හදිසි warning එකක්ද? අද තත්ත්වය,රජයේ allowance සම්බන්ධ official අයදුම් ක්‍රමය සහ ලැබිය යුතු පවුල් කාණ්ඩ ගැන සිංහල පැහැදිලි කිරීමක්.,"මේ update එකේ ප්‍රධාන කරුණ රජයේ allowance සම්බන්ධයෙන් ලැබුණු තොරතුරුයි. මෙහිදී source ලෙස සඳහන් කරන්නේ ලැබිය යුතු පවුල් කාණ්ඩ යන්නයි. video එක පුරාම ප්‍රධාන අවධානය official අයදුම් ක්‍රමය මතම තියෙනවා. මෙය external fact check එකක් නොව title, description සහ transcript එක එකිනෙකට ගැළපෙනවාද කියලා බලන උදාහරණයක්. වැදගත්ම දෙය නම් claim එකට transcript එක තුළ ප්‍රමාණවත් support තියෙනවාද කියලා පරීක්ෂා කිරීමයි.",Government,False,Inconsistent,weak_support,Transcript mentions the topic but does not support the main promised claim.,true,SYN00445,SYN00455,0.030,0.169,0.136,synthetic-government-synneg00344,new,,
SYN00011,SYN00011,https://synthetic.local/watch?v=SYN00011,තේ වගාව ගැන official update - නව රෝග පාලන ක්‍රම,තේ වගාව සම්බන්ධ නව රෝග පාලන ක්‍රම සහ ගොවීන්ට ලබාදෙන උපදෙස් ගැන සිංහල පැහැදිලි කිරීමක්.,"ගොඩක් අය අහන ප්‍රශ්නයක් වන තේ වගාව ගැන මෙහි පැහැදිලි කරනවා. අවසානයේ viewers ලාට නිල update බලලා තීරණ ගන්න කියනවා. නව රෝග පාලන ක්‍රම ගැන කථිකයා පියවරෙන් පියවර පැහැදිලි කරයි. මෙය external fact check එකක් නොව title, description සහ transcript එක එකිනෙකට ගැළපෙනවාද කියලා බලන උදාහරණයක්. වැදගත්ම දෙය නම් claim එකට transcript එක තුළ ප්‍රමාණවත් support තියෙනවාද කියලා පරීක්ෂා කිරීමයි.",Agriculture,Not False,Consistent,consistent,"Title, description, and transcript discuss the same subject and supported detail.",false,SYN00011,SYN00011,0.183,0.152,0.421,synthetic-agriculture-syn00011,new,,
SYN00200,SYN00200,https://synthetic.local/watch?v=SYN00200,උෂ්ණත්වය ගැන official update - අද දවසේ වෙනස්වීම්,උෂ්ණත්වය සම්බන්ධ අද දවසේ වෙනස්වීම් සහ සෞඛ්‍ය උපදෙස් ගැන සිංහල පැහැදිලි කිරීමක්.,"ගොඩක් අය අහන ප්‍රශ්නයක් වන උෂ්ණත්වය ගැන මෙහි පැහැදිලි කරනවා. අද දවසේ වෙනස්වීම් ගැන කථිකයා පියවරෙන් පියවර පැහැදිලි කරයි. මෙහිදී source ලෙස සඳහන් කරන්නේ සෞඛ්‍ය උපදෙස් යන්නයි. මෙය external fact check එකක් නොව title, description සහ transcript එක එකිනෙකට ගැළපෙනවාද කියලා බලන උදාහරණයක්. වැදගත්ම දෙය නම් claim එකට transcript එක තුළ ප්‍රමාණවත් support තියෙනවාද කියලා පරීක්ෂා කිරීමයි.",Weather,Not False,Consistent,consistent,"Title, description, and transcript discuss the same subject and supported detail.",false,SYN00200,SYN00200,0.085,0.153,0.333,synthetic-weather-syn00200,new,,
SYN00426,SYN00426,https://synthetic.local/watch?v=SYN00426,උණ රෝගය ගැන official update - ලක්ෂණ සහ ප්‍රතිකාර,උණ රෝගය සම්බන්ධ ලක්ෂණ සහ ප්‍රතිකාර සහ සෞඛ්‍ය අංශ අනතුරු ඇඟවීම ගැන සිංහල පැහැදිලි කිරීමක්.,"අද වීඩියෝවෙන් අපි කතා කරන්නේ උණ රෝගය ගැනයි. video එක පුරාම ප්‍රධාන අවධානය ලක්ෂණ සහ ප්‍රතිකාර මතම තියෙනවා. අවසානයේ viewers ලාට නිල update බලලා තීරණ ගන්න කියනවා. මෙය external fact check එකක් නොව title, description සහ transcript එක එකිනෙකට ගැළපෙනවාද කියලා බලන උදාහරණයක්. වැදගත්ම දෙය නම් claim එකට transcript එක තුළ ප්‍රමාණවත් support තියෙනවාද කියලා පරීක්ෂා කිරීමයි.",Health,Not False,Consistent,consistent,"Title, description, and transcript discuss the same subject and supported detail.",false,SYN00426,SYN00426,0.158,0.092,0.389,synthetic-health-syn00426,new,,
SYNNEG00035,SYNNEG00035,https://synthetic.local/watch?v=SYNNEG00035,medicine shortage ගැන official update - රෝහල් තත්ත්වය,medicine shortage සම්බන්ධ රෝහල් තත්ත්වය සහ නිල සැපයුම් update ගැන සිංහල පැහැදිලි කිරීමක්.,"අද වීඩියෝවෙන් අපි කතා කරන්නේ vaccine update ගැනයි. video එක පුරාම ප්‍රධාන අවධානය රෝහල් ලබාදෙන දිනය මතම තියෙනවා. අවසානයේ viewers ලාට නිල update බලලා තීරණ ගන්න කියනවා. මෙය external fact check එකක් නොව title, description සහ transcript එක එකිනෙකට ගැළපෙනවාද කියලා බලන උදාහරණයක්. වැදගත්ම දෙය නම් claim එකට transcript එක තුළ ප්‍රමාණවත් support තියෙනවාද කියලා පරීක්ෂා කිරීමයි.",Health,False,Inconsistent,same_topic_swap,Same-topic hard negative: metadata and transcript are from different synthetic videos.,true,SYN00356,SYN00366,0.067,0.077,0.571,synthetic-health-synneg00035,new,,
SYN00032,SYN00032,https://synthetic.local/watch?v=SYN00032,ශිෂ්‍යත්ව exam ගැන official update - අයදුම්පත් දිනය,ශිෂ්‍යත්ව exam සම්බන්ධ අයදුම්පත් දිනය සහ පාසල් මට්ටමේ දැනුම්දීම් ගැන සිංහල පැහැදිලි කිරීමක්.,"ගොඩක් අය අහන ප්‍රශ්නයක් වන ශිෂ්‍යත්ව exam ගැන මෙහි පැහැදිලි කරනවා. අයදුම්පත් දිනය ගැන කථිකයා පියවරෙන් පියවර පැහැදිලි කරයි. මෙහිදී source ලෙස සඳහන් කරන්නේ පාසල් මට්ටමේ දැනුම්දීම් යන්නයි. මෙය external fact check එකක් නොව title, description සහ transcript එක එකිනෙකට ගැළපෙනවාද කියලා බලන උදාහරණයක්. වැදගත්ම දෙය නම් claim එකට transcript එක තුළ ප්‍රමාණවත් support තියෙනවාද කියලා පරීක්ෂා කිරීමයි.",Education,Not False,Consistent,consistent,"Title, description, and transcript discuss the same subject and supported detail.",false,SYN00032,SYN00032,0.098,0.180,0.353,synthetic-education-syn00032,new,,
SYNNEG00080,SYNNEG00080,https://synthetic.local/watch?v=SYNNEG00080,එළවළු මිල ගැන official update - වෙළඳපොළ update,එළවළු මිල සම්බන්ධ වෙළඳපොළ update සහ කොළඹ සහ දඹුල්ල මිල වෙනස්වීම් ගැන සිංහල පැහැදිලි කිරීමක්.,"ගොඩක් අය අහන ප්‍රශ්නයක් වන ජල සැපයුම ගැන මෙහි පැහැදිලි කරනවා. අවසානයේ viewers ලාට නිල update බලලා තීරණ ගන්න කියනවා. ගොවිබිම් සඳහා කාලසටහන ගැන කථිකයා පියවරෙන් පියවර පැහැදිලි කරයි. මෙය external fact check එකක් නොව title, description සහ transcript එක එකිනෙකට ගැළපෙනවාද කියලා බලන උදාහරණයක්. වැදගත්ම දෙය නම් claim එකට transcript එක තුළ ප්‍රමාණවත් support තියෙනවාද කියලා පරීක්ෂා කිරීමයි.",Agriculture,False,Inconsistent,same_topic_swap,Same-topic hard negative: metadata and transcript are from different synthetic videos.,true,SYN00301,SYN00311,0.066,0.075,0.400,synthetic-agriculture-synneg00080,new,,
SYN00405,SYN00405,https://synthetic.local/watch?v=SYN00405,රජයේ allowance ගැන official update - official අයදුම් ක්‍රමය,රජයේ allowance සම්බන්ධ official අයදුම් ක්‍රමය සහ ලැබිය යුතු පවුල් කාණ්ඩ ගැන සිංහල පැහැදිලි කිරීමක්.,"අද වීඩියෝවෙන් අපි කතා කරන්නේ රජයේ allowance ගැනයි. මෙහිදී source ලෙස සඳහන් කරන්නේ ලැබිය යුතු පවුල් කාණ්ඩ යන්නයි. video එක පුරාම ප්‍රධාන අවධානය official අයදුම් ක්‍රමය මතම තියෙනවා. මෙය external fact check එකක් නොව title, description සහ transcript එක එකිනෙකට ගැළපෙනවාද කියලා බලන උදාහරණයක්. වැදගත්ම දෙය නම් claim එකට transcript එක තුළ ප්‍රමාණවත් support තියෙනවාද කියලා පරීක්ෂා කිරීමයි.",Government,Not False,Consistent,consistent,"Title, description, and transcript discuss the same subject and supported detail.",false,SYN00405,SYN00405,0.098,0.175,0.389,synthetic-government-syn00405,new,,
SYN00278,SYN00278,https://synthetic.local/watch?v=SYN00278,ආගමික උත්සවය ගැන official update - ගමනාගමන සැලැස්ම,ආගමික උත්සවය සම්බන්ධ ගමනාගමන සැලැස්ම සහ පොලීසියේ දැනුම්දීම ගැන සිංහල පැහැදිලි කිරීමක්.,"ගොඩක් අය අහන ප්‍රශ්නයක් වන ආගමික උත්සවය ගැන මෙහි පැහැදිලි කරනවා. video එක පුරාම ප්‍රධාන අවධානය ගමනාගමන සැලැස්ම මතම තියෙනවා. අවසානයේ viewers ලාට නිල update බලලා තීරණ ගන්න කියනවා. මෙය external fact check එකක් නොව title, description සහ transcript එක එකිනෙකට ගැළපෙනවාද කියලා බලන උදාහරණයක්. වැදගත්ම දෙය නම් claim එකට transcript එක තුළ ප්‍රමාණවත් support තියෙනවාද කියලා පරීක්ෂා කිරීමයි.",Religion,Not False,Consistent,consistent,"Title, description, and transcript discuss the same subject and supported detail.",false,SYN00278,SYN00278,0.136,0.109,0.333,synthetic-religion-syn00278,new,,
SYN00445,SYN00445,https://synthetic.local/watch?v=SYN00445,රජයේ allowance ගැන official update - official අයදුම් ක්‍රමය,රජයේ allowance සම්බන්ධ official අයදුම් ක්‍රමය සහ ලැබිය යුතු පවුල් කාණ්ඩ ගැන සිංහල පැහැදිලි කිරීමක්.,"මේ update එකේ ප්‍රධාන කරුණ රජයේ allowance සම්බන්ධයෙන් ලැබුණු තොරතුරුයි. මෙහිදී source ලෙස සඳහන් කරන්නේ ලැබිය යුතු පවුල් කාණ්ඩ යන්නයි. video එක පුරාම ප්‍රධාන අවධානය official අයදුම් ක්‍රමය මතම තියෙනවා. මෙය external fact check එකක් නොව title, description සහ transcript එක එකිනෙකට ගැළපෙනවාද කියලා බලන උදාහරණයක්. වැදගත්ම දෙය නම් claim එකට transcript එක තුළ ප්‍රමාණවත් support තියෙනවාද කියලා පරීක්ෂා කිරීමයි.",Government,Not False,Consistent,consistent,"Title, description, and transcript discuss the same subject and supported detail.",false,SYN00445,SYN00445,0.131,0.169,0.389,synthetic-government-syn00445,new,,
SYNNEG00272,SYNNEG00272,https://synthetic.local/watch?v=SYNNEG00272,ටෙලි නාට්‍යය ගැන official update - අලුත් episode,"ටෙලි නාට්‍යය ගැන සියලු official ලේඛන, නම් ලැයිස්තු, දිනයන් සහ රහස් තොරතුරු transcript එකේ සම්පූර්ණයෙන් ඇති බව කියයි.","මේ update එකේ ප්‍රධාන කරුණ ටෙලි නාට්‍යය සම්බන්ධයෙන් ලැබුණු තොරතුරුයි. අවසානයේ viewers ලාට නිල update බලලා තීරණ ගන්න කියනවා. අලුත් episode ගැන කථිකයා පියවරෙන් පියවර පැහැදිලි කරයි. මෙය external fact check එකක් නොව title, description සහ transcript එක එකිනෙකට ගැළපෙනවාද කියලා බලන උදාහරණයක්. වැදගත්ම දෙය නම් claim එකට transcript එක තුළ ප්‍රමාණවත් support තියෙනවාද කියලා පරීක්ෂා කිරීමයි.",Entertainment,False,Inconsistent,description_transcript_mismatch,Description promises detailed evidence that the transcript does not contain.,true,SYN00223,SYN00233,0.158,0.134,0.217,synthetic-entertainment-synneg00272,new,,
SYN00373,SYN00373,https://synthetic.local/watch?v=SYN00373,ජනප්‍රිය ගායකයා ගැන official update - concert update,ජනප්‍රිය ගායකයා සම්බන්ධ concert update සහ ප්‍රවේශපත්‍ර සහ ස්ථානය ගැන සිංහල පැහැදිලි කිරීමක්.,"මේ update එකේ ප්‍රධාන කරුණ ජනප්‍රිය ගායකයා සම්බන්ධයෙන් ලැබුණු තොරතුරුයි. මෙහිදී source ලෙස සඳහන් කරන්නේ ප්‍රවේශපත්‍ර සහ ස්ථානය යන්නයි. video එක පුරාම ප්‍රධාන අවධානය concert update මතම තියෙනවා. මෙය external fact check එකක් නොව title, description සහ transcript එක එකිනෙකට ගැළපෙනවාද කියලා බලන උදාහරණයක්. වැදගත්ම දෙය නම් claim එකට transcript එක තුළ ප්‍රමාණවත් support තියෙනවාද කියලා පරීක්ෂා කිරීමයි.",Entertainment,Not False,Consistent,consistent,"Title, description, and transcript discuss the same subject and supported detail.",false,SYN00373,SYN00373,0.103,0.164,0.438,synthetic-entertainment-syn00373,new,,
SYNNEG00223,SYNNEG00223,https://synthetic.local/watch?v=SYNNEG00223,Breaking! විදුලි බිල් සහනය ගැන කවුරුත් නොකියන භයානක රහස,මෙම video එක 100% තහවුරු වූ breaking news එකක් කියලා overclaim කරයි.,"අද වීඩියෝවෙන් අපි කතා කරන්නේ විදුලි බිල් සහනය ගැනයි. video එක පුරාම ප්‍රධාන අවධානය ගෙවීම් ක්‍රම මතම තියෙනවා. අවසානයේ viewers ලාට නිල update බලලා තීරණ ගන්න කියනවා. මෙය external fact check එකක් නොව title, description සහ transcript එක එකිනෙකට ගැළපෙනවාද කියලා බලන උදාහරණයක්. වැදගත්ම දෙය නම් claim එකට transcript එක තුළ ප්‍රමාණවත් support තියෙනවාද කියලා පරීක්ෂා කිරීමයි.",Finance,False,Inconsistent,clickbait_overclaim,Metadata overclaims certainty while transcript is only a general discussion.,true,SYN00234,SYN00244,0.047,0.061,0.000,synthetic-finance-synneg00223,new,,
SYN00401,SYN00401,https://synthetic.local/watch?v=SYN00401,වී වගාව ගැන official update - පොහොර සහනාධාරය,වී වගාව සම්බන්ධ පොහොර සහනාධාරය සහ කෘෂිකර්ම නිලධාරීන්ගේ උපදෙස් ගැන සිංහල පැහැදිලි කිරීමක්.,"ගොඩක් අය අහන ප්‍රශ්නයක් වන වී වගාව ගැන මෙහි පැහැදිලි කරනවා. මෙහිදී source ලෙස සඳහන් කරන්නේ කෘෂිකර්ම නිලධාරීන්ගේ උපදෙස් යන්නයි. video එක පුරාම ප්‍රධාන අවධානය පොහොර සහනාධාරය මතම තියෙනවා. මෙය external fact check එකක් නොව title, description සහ transcript එක එකිනෙකට ගැළපෙනවාද කියලා බලන උදාහරණයක්. වැදගත්ම දෙය නම් claim එකට transcript එක තුළ ප්‍රමාණවත් support තියෙනවාද කියලා පරීක්ෂා කිරීමයි.",Agriculture,Not False,Consistent,consistent,"Title, description, and transcript discuss the same subject and supported detail.",false,SYN00401,SYN00401,0.081,0.161,0.312,synthetic-agriculture-syn00401,new,,
SYN00079,SYN00079,https://synthetic.local/watch?v=SYN00079,data package ගැන official update - නව මිල,data package සම්බන්ධ නව මිල සහ telecom company update ගැන සිංහල පැහැදිලි කිරීමක්.,"මේ update එකේ ප්‍රධාන කරුණ data package සම්බන්ධයෙන් ලැබුණු තොරතුරුයි. අවසානයේ viewers ලාට නිල update බලලා තීරණ ගන්න කියනවා. නව මිල ගැන කථිකයා පියවරෙන් පියවර පැහැදිලි කරයි. මෙය external fact check එකක් නොව title, description සහ transcript එක එකිනෙකට ගැළපෙනවාද කියලා බලන උදාහරණයක්. වැදගත්ම දෙය නම් claim එකට transcript එක තුළ ප්‍රමාණවත් support තියෙනවාද කියලා පරීක්ෂා කිරීමයි.",Technology,Not False,Consistent,consistent,"Title, description, and transcript discuss the same subject and supported detail.",false,SYN00079,SYN00079,0.143,0.148,0.467,synthetic-technology-syn00079,new,,
SYNNEG00038,SYNNEG00038,https://synthetic.local/watch?v=SYNNEG00038,ඔවුන් මේක සඟවනවා! Facebook account ගැන සම්පූර්ණ ඇත්ත,මෙම video එක 100% තහවුරු වූ breaking news එකක් කියලා overclaim කරයි.,"ගොඩක් අය අහන ප්‍රශ්නයක් වන Facebook account ගැන මෙහි පැහැදිලි කරනවා. මෙහිදී source ලෙස සඳහන් කරන්නේ password ආරක්ෂාව යන්නයි. video එක පුරාම ප්‍රධාන අවධානය security warning මතම තියෙනවා. මෙය external fact check එකක් නොව title, description සහ transcript එක එකිනෙකට ගැළපෙනවාද කියලා බලන උදාහරණයක්. වැදගත්ම දෙය නම් claim එකට transcript එක තුළ ප්‍රමාණවත් support තියෙනවාද කියලා පරීක්ෂා කිරීමයි.",Technology,False,Inconsistent,clickbait_overclaim,Metadata overclaims certainty while transcript is only a general discussion.,true,SYN00389,SYN00399,0.047,0.060,0.000,synthetic-technology-synneg00038,new,,
SYNNEG00076,SYNNEG00076,https://synthetic.local/watch?v=SYNNEG00076,Breaking! අමාත්‍ය මණ්ඩලය ගැන කවුරුත් නොකියන භයානක රහස,අමාත්‍ය මණ්ඩලය සම්බන්ධ නව තීරණ සහ මාධ්‍ය හමුවේ විස්තර ගැන සිංහල පැහැදිලි කිරීමක්.,"අද වීඩියෝවෙන් අපි කතා කරන්නේ අමාත්‍ය මණ්ඩලය ගැනයි. අවසානයේ viewers ලාට නිල update බලලා තීරණ ගන්න කියනවා. නව තීරණ ගැන කථිකයා පියවරෙන් පියවර පැහැදිලි කරයි. මෙය external fact check එකක් නොව title, description සහ transcript එක එකිනෙකට ගැළපෙනවාද කියලා බලන උදාහරණයක්. වැදගත්ම දෙය නම් claim එකට transcript එක තුළ ප්‍රමාණවත් support තියෙනවාද කියලා පරීක්ෂා කිරීමයි.",Politics,False,Inconsistent,title_transcript_mismatch,Title makes a stronger promise than the transcript supports.,true,SYN00267,SYN00277,0.050,0.115,0.167,synthetic-politics-synneg00076,new,,
SYNNEG00049,SYNNEG00049,https://synthetic.local/watch?v=SYNNEG00049,සුළි කුණාටු අවදානම සම්බන්ධ නව තීරණයක්ද? ජනතාව අහන ප්‍රශ්න,සුළි කුණාටු අවදානම සම්බන්ධ official forecast සහ මුහුදු ප්‍රදේශ අනතුරු ඇඟවීම ගැන සිංහල පැහැදිලි කිරීමක්.,"ගොඩක් අය අහන ප්‍රශ්නයක් වන සුළි කුණාටු අවදානම ගැන මෙහි පැහැදිලි කරනවා. official forecast ගැන කථිකයා පියවරෙන් පියවර පැහැදිලි කරයි. මෙහිදී source ලෙස සඳහන් කරන්නේ මුහුදු ප්‍රදේශ අනතුරු ඇඟවීම යන්නයි. මෙය external fact check එකක් නොව title, description සහ transcript එක එකිනෙකට ගැළපෙනවාද කියලා බලන උදාහරණයක්. වැදගත්ම දෙය නම් claim එකට transcript එක තුළ ප්‍රමාණවත් support තියෙනවාද කියලා පරීක්ෂා කිරීමයි.",Weather,False,Inconsistent,weak_support,Transcript mentions the topic but does not support the main promised claim.,true,SYN00500,SYN00010,0.078,0.210,0.238,synthetic-weather-synneg00049,new,,
SYNNEG00211,SYNNEG00211,https://synthetic.local/watch?v=SYNNEG00211,ඔවුන් මේක සඟවනවා! ශිෂ්‍යත්ව exam ගැන සම්පූර්ණ ඇත්ත,ශිෂ්‍යත්ව exam සම්බන්ධ අයදුම්පත් දිනය සහ පාසල් මට්ටමේ දැනුම්දීම් ගැන සිංහල පැහැදිලි කිරීමක්.,"මේ update එකේ ප්‍රධාන කරුණ ශිෂ්‍යත්ව exam සම්බන්ධයෙන් ලැබුණු තොරතුරුයි. අයදුම්පත් දිනය ගැන කථිකයා පියවරෙන් පියවර පැහැදිලි කරයි. මෙහිදී source ලෙස සඳහන් කරන්නේ පාසල් මට්ටමේ දැනුම්දීම් යන්නයි. මෙය external fact check එකක් නොව title, description සහ transcript එක එකිනෙකට ගැළපෙනවාද කියලා බලන උදාහරණයක්. වැදගත්ම දෙය නම් claim එකට transcript එක තුළ ප්‍රමාණවත් support තියෙනවාද කියලා පරීක්ෂා කිරීමයි.",Education,False,Inconsistent,title_transcript_mismatch,Title makes a stronger promise than the transcript supports.,true,SYN00112,SYN00122,0.062,0.177,0.211,synthetic-education-synneg00211,new,,
SYN00042,SYN00042,https://synthetic.local/watch?v=SYN00042,O/L exam ගැන official update - ප්‍රතිඵල නිකුත් කිරීම,O/L exam සම්බන්ධ ප්‍රතිඵල නිකුත් කිරීම සහ විභාග දෙපාර්තමේන්තුවේ නිවේදනය ගැන සිංහල පැහැදිලි කිරීමක්.,"අද වීඩියෝවෙන් අපි කතා කරන්නේ O/L exam ගැනයි. video එක පුරාම ප්‍රධාන අවධානය ප්‍රතිඵල නිකුත් කිරීම මතම තියෙනවා. අවසානයේ viewers ලාට නිල update බලලා තීරණ ගන්න කියනවා. මෙය external fact check එකක් නොව title, description සහ transcript එක එකිනෙකට ගැළපෙනවාද කියලා බලන උදාහරණයක්. වැදගත්ම දෙය නම් claim එකට transcript එක තුළ ප්‍රමාණවත් support තියෙනවාද කියලා පරීක්ෂා කිරීමයි.",Education,Not False,Consistent,consistent,"Title, description, and transcript discuss the same subject and supported detail.",false,SYN00042,SYN00042,0.125,0.095,0.375,synthetic-education-syn00042,new,,
SYNNEG00386,SYNNEG00386,https://synthetic.local/watch?v=SYNNEG00386,100% තහවුරුයි! පාර්ලිමේන්තු විවාදය ගැන official තීරණය එළියට,පාර්ලිමේන්තු විවාදය සම්බන්ධ අද තීරණය සහ මන්ත්‍රීවරුන්ගේ අදහස් ගැන සිංහල පැහැදිලි කිරීමක්.,"මේ update එකේ ප්‍රධාන කරුණ පාර්ලිමේන්තු විවාදය සම්බන්ධයෙන් ලැබුණු තොරතුරුයි. අවසානයේ viewers ලාට නිල update බලලා තීරණ ගන්න කියනවා. අද තීරණය ගැන කථිකයා පියවරෙන් පියවර පැහැදිලි කරයි. මෙය external fact check එකක් නොව title, description සහ transcript එක එකිනෙකට ගැළපෙනවාද කියලා බලන උදාහරණයක්. වැදගත්ම දෙය නම් claim එකට transcript එක තුළ ප්‍රමාණවත් support තියෙනවාද කියලා පරීක්ෂා කිරීමයි.",Politics,False,Inconsistent,title_transcript_mismatch,Title makes a stronger promise than the transcript supports.,true,SYN00367,SYN00377,0.085,0.113,0.235,synthetic-politics-synneg00386,new,,
SYNNEG00133,SYNNEG00133,https://synthetic.local/watch?v=SYNNEG00133,100% තහවුරුයි! රන් මිල ගැන official තීරණය එළියට,මෙම video එක 100% තහවුරු වූ breaking news එකක් කියලා overclaim කරයි.,"මේ update එකේ ප්‍රධාන කරුණ රන් මිල සම්බන්ධයෙන් ලැබුණු තොරතුරුයි. video එක පුරාම ප්‍රධාන අවධානය අද වෙළඳපොළ තත්ත්වය මතම තියෙනවා. අවසානයේ viewers ලාට නිල update බලලා තීරණ ගන්න කියනවා. මෙය external fact check එකක් නොව title, description සහ transcript එක එකිනෙකට ගැළපෙනවාද කියලා බලන උදාහරණයක්. වැදගත්ම දෙය නම් claim එකට transcript එක තුළ ප්‍රමාණවත් support තියෙනවාද කියලා පරීක්ෂා කිරීමයි.",Finance,False,Inconsistent,clickbait_overclaim,Metadata overclaims certainty while transcript is only a general discussion.,true,SYN00334,SYN00344,0.049,0.062,0.053,synthetic-finance-synneg00133,new,,
SYNNEG00359,SYNNEG00359,https://synthetic.local/watch?v=SYNNEG00359,සුළි කුණාටු අවදානම ගැන හදිසි warning එකක්ද? අද තත්ත්වය,සුළි කුණාටු අවදානම සම්බන්ධ official forecast සහ මුහුදු ප්‍රදේශ අනතුරු ඇඟවීම ගැන සිංහල පැහැදිලි කිරීමක්.,"මේ update එකේ ප්‍රධාන කරුණ සුළි කුණාටු අවදානම සම්බන්ධයෙන් ලැබුණු තොරතුරුයි. official forecast ගැන කථිකයා පියවරෙන් පියවර පැහැදිලි කරයි. මෙහිදී source ලෙස සඳහන් කරන්නේ මුහුදු ප්‍රදේශ අනතුරු ඇඟවීම යන්නයි. මෙය external fact check එකක් නොව title, description සහ transcript එක එකිනෙකට ගැළපෙනවාද කියලා බලන උදාහරණයක්. වැදගත්ම දෙය නම් claim එකට transcript එක තුළ ප්‍රමාණවත් support තියෙනවාද කියලා පරීක්ෂා කිරීමයි.",Weather,False,Inconsistent,weak_support,Transcript mentions the topic but does not support the main promised claim.,true,SYN00100,SYN00110,0.094,0.206,0.300,synthetic-weather-synneg00359,new,,
SYN00140,SYN00140,https://synthetic.local/watch?v=SYN00140,සුළි කුණාටු අවදානම ගැන official update - official forecast,සුළි කුණාටු අවදානම සම්බන්ධ official forecast සහ මුහුදු ප්‍රදේශ අනතුරු ඇඟවීම ගැන සිංහල පැහැදිලි කිරීමක්.,"ගොඩක් අය අහන ප්‍රශ්නයක් වන සුළි කුණාටු අවදානම ගැන මෙහි පැහැදිලි කරනවා. official forecast ගැන කථිකයා පියවරෙන් පියවර පැහැදිලි කරයි. මෙහිදී source ලෙස සඳහන් කරන්නේ මුහුදු ප්‍රදේශ අනතුරු ඇඟවීම යන්නයි. මෙය external fact check එකක් නොව title, description සහ transcript එක එකිනෙකට ගැළපෙනවාද කියලා බලන උදාහරණයක්. වැදගත්ම දෙය නම් claim එකට transcript එක තුළ ප්‍රමාණවත් support තියෙනවාද කියලා පරීක්ෂා කිරීමයි.",Weather,Not False,Consistent,consistent,"Title, description, and transcript discuss the same subject and supported detail.",false,SYN00140,SYN00140,0.098,0.210,0.333,synthetic-weather-syn00140,new,,
SYN00386,SYN00386,https://synthetic.local/watch?v=SYN00386,උණ රෝගය ගැන official update - ලක්ෂණ සහ ප්‍රතිකාර,උණ රෝගය සම්බන්ධ ලක්ෂණ සහ ප්‍රතිකාර සහ සෞඛ්‍ය අංශ අනතුරු ඇඟවීම ගැන සිංහල පැහැදිලි කිරීමක්.,"ගොඩක් අය අහන ප්‍රශ්නයක් වන උණ රෝගය ගැන මෙහි පැහැදිලි කරනවා. video එක පුරාම ප්‍රධාන අවධානය ලක්ෂණ සහ ප්‍රතිකාර මතම තියෙනවා. අවසානයේ viewers ලාට නිල update බලලා තීරණ ගන්න කියනවා. මෙය external fact check එකක් නොව title, description සහ transcript එක එකිනෙකට ගැළපෙනවාද කියලා බලන උදාහරණයක්. වැදගත්ම දෙය නම් claim එකට transcript එක තුළ ප්‍රමාණවත් support තියෙනවාද කියලා පරීක්ෂා කිරීමයි.",Health,Not False,Consistent,consistent,"Title, description, and transcript discuss the same subject and supported detail.",false,SYN00386,SYN00386,0.169,0.121,0.389,synthetic-health-syn00386,new,,
SYN00457,SYN00457,https://synthetic.local/watch?v=SYN00457,election update ගැන official update - ඡන්ද දිනය ගැන පැහැදිලි කිරීම,election update සම්බන්ධ ඡන්ද දිනය ගැන පැහැදිලි කිරීම සහ කොමිසමේ නිවේදනය ගැන සිංහල පැහැදිලි කිරීමක්.,"මේ update එකේ ප්‍රධාන කරුණ election update සම්බන්ධයෙන් ලැබුණු තොරතුරුයි. මෙහිදී source ලෙස සඳහන් කරන්නේ කොමිසමේ නිවේදනය යන්නයි. video එක පුරාම ප්‍රධාන අවධානය ඡන්ද දිනය ගැන පැහැදිලි කිරීම මතම තියෙනවා. මෙය external fact check එකක් නොව title, description සහ transcript එක එකිනෙකට ගැළපෙනවාද කියලා බලන උදාහරණයක්. වැදගත්ම දෙය නම් claim එකට transcript එක තුළ ප්‍රමාණවත් support තියෙනවාද කියලා පරීක්ෂා කිරීමයි.",Politics,Not False,Consistent,consistent,"Title, description, and transcript discuss the same subject and supported detail.",false,SYN00457,SYN00457,0.121,0.167,0.500,synthetic-politics-syn00457,new,,
SYNNEG00433,SYNNEG00433,https://synthetic.local/watch?v=SYNNEG00433,100% තහවුරුයි! රන් මිල ගැන official තීරණය එළියට,මෙම video එක 100% තහවුරු වූ breaking news එකක් කියලා overclaim කරයි.,"මේ update එකේ ප්‍රධාන කරුණ රන් මිල සම්බන්ධයෙන් ලැබුණු තොරතුරුයි. video එක පුරාම ප්‍රධාන අවධානය අද වෙළඳපොළ තත්ත්වය මතම තියෙනවා. අවසානයේ viewers ලාට නිල update බලලා තීරණ ගන්න කියනවා. මෙය external fact check එකක් නොව title, description සහ transcript එක එකිනෙකට ගැළපෙනවාද කියලා බලන උදාහරණයක්. වැදගත්ම දෙය නම් claim එකට transcript එක තුළ ප්‍රමාණවත් support තියෙනවාද කියලා පරීක්ෂා කිරීමයි.",Finance,False,Inconsistent,clickbait_overclaim,Metadata overclaims certainty while transcript is only a general discussion.,true,SYN00334,SYN00344,0.049,0.062,0.053,synthetic-finance-synneg00433,new,,
SYNNEG00314,SYNNEG00314,https://synthetic.local/watch?v=SYNNEG00314,gazette නිවේදනය ගැන හදිසි warning එකක්ද? අද තත්ත්වය,gazette නිවේදනය සම්බන්ධ නව නියමයන් සහ අදාළ දිනය සහ බලපෑම ගැන සිංහල පැහැදිලි කිරීමක්.,"මේ update එකේ ප්‍රධාන කරුණ gazette නිවේදනය සම්බන්ධයෙන් ලැබුණු තොරතුරුයි. මෙහිදී source ලෙස සඳහන් කරන්නේ අදාළ දිනය සහ බලපෑම යන්නයි. video එක පුරාම ප්‍රධාන අවධානය නව නියමයන් මතම තියෙනවා. මෙය external fact check එකක් නොව title, description සහ transcript එක එකිනෙකට ගැළපෙනවාද කියලා බලන උදාහරණයක්. වැදගත්ම දෙය නම් claim එකට transcript එක තුළ ප්‍රමාණවත් support තියෙනවාද කියලා පරීක්ෂා කිරීමයි.",Government,False,Inconsistent,weak_support,Transcript mentions the topic but does not support the main promised claim.,true,SYN00145,SYN00155,0.031,0.129,0.158,synthetic-government-synneg00314,new,,
SYN00141,SYN00141,https://synthetic.local/watch?v=SYN00141,එළවළු මිල ගැන official update - වෙළඳපොළ update,එළවළු මිල සම්බන්ධ වෙළඳපොළ update සහ කොළඹ සහ දඹුල්ල මිල වෙනස්වීම් ගැන සිංහල පැහැදිලි කිරීමක්.,"අද වීඩියෝවෙන් අපි කතා කරන්නේ එළවළු මිල ගැනයි. මෙහිදී source ලෙස සඳහන් කරන්නේ කොළඹ සහ දඹුල්ල මිල වෙනස්වීම් යන්නයි. video එක පුරාම ප්‍රධාන අවධානය වෙළඳපොළ update මතම තියෙනවා. මෙය external fact check එකක් නොව title, description සහ transcript එක එකිනෙකට ගැළපෙනවාද කියලා බලන උදාහරණයක්. වැදගත්ම දෙය නම් claim එකට transcript එක තුළ ප්‍රමාණවත් support තියෙනවාද කියලා පරීක්ෂා කිරීමයි.",Agriculture,Not False,Consistent,consistent,"Title, description, and transcript discuss the same subject and supported detail.",false,SYN00141,SYN00141,0.086,0.148,0.400,synthetic-agriculture-syn00141,new,,
SYNNEG00125,SYNNEG00125,https://synthetic.local/watch?v=SYNNEG00125,දියවැඩියාව ගැන official update - ආහාර පාලන ක්‍රම,දියවැඩියාව සම්බන්ධ ආහාර පාලන ක්‍රම සහ doctor පැහැදිලි කිරීම ගැන සිංහල පැහැදිලි කිරීමක්.,"ගොඩක් අය අහන ප්‍රශ්නයක් වන උණ රෝගය ගැන මෙහි පැහැදිලි කරනවා. video එක පුරාම ප්‍රධාන අවධානය ලක්ෂණ සහ ප්‍රතිකාර මතම තියෙනවා. අවසානයේ viewers ලාට නිල update බලලා තීරණ ගන්න කියනවා. මෙය external fact check එකක් නොව title, description සහ transcript එක එකිනෙකට ගැළපෙනවාද කියලා බලන උදාහරණයක්. වැදගත්ම දෙය නම් claim එකට transcript එක තුළ ප්‍රමාණවත් support තියෙනවාද කියලා පරීක්ෂා කිරීමයි.",Health,False,Inconsistent,same_topic_swap,Same-topic hard negative: metadata and transcript are from different synthetic videos.,true,SYN00256,SYN00266,0.062,0.058,0.438,synthetic-health-synneg00125,new,,
SYN00321,SYN00321,https://synthetic.local/watch?v=SYN00321,වී වගාව ගැන official update - පොහොර සහනාධාරය,වී වගාව සම්බන්ධ පොහොර සහනාධාරය සහ කෘෂිකර්ම නිලධාරීන්ගේ උපදෙස් ගැන සිංහල පැහැදිලි කිරීමක්.,"අද වීඩියෝවෙන් අපි කතා කරන්නේ වී වගාව ගැනයි. මෙහිදී source ලෙස සඳහන් කරන්නේ කෘෂිකර්ම නිලධාරීන්ගේ උපදෙස් යන්නයි. video එක පුරාම ප්‍රධාන අවධානය පොහොර සහනාධාරය මතම තියෙනවා. මෙය external fact check එකක් නොව title, description සහ transcript එක එකිනෙකට ගැළපෙනවාද කියලා බලන උදාහරණයක්. වැදගත්ම දෙය නම් claim එකට transcript එක තුළ ප්‍රමාණවත් support තියෙනවාද කියලා පරීක්ෂා කිරීමයි.",Agriculture,Not False,Consistent,consistent,"Title, description, and transcript discuss the same subject and supported detail.",false,SYN00321,SYN00321,0.068,0.133,0.312,synthetic-agriculture-syn00321,new,,
SYNNEG00209,SYNNEG00209,https://synthetic.local/watch?v=SYNNEG00209,සුළි කුණාටු අවදානම ගැන හදිසි warning එකක්ද? අද තත්ත්වය,සුළි කුණාටු අවදානම සම්බන්ධ official forecast සහ මුහුදු ප්‍රදේශ අනතුරු ඇඟවීම ගැන සිංහල පැහැදිලි කිරීමක්.,"මේ update එකේ ප්‍රධාන කරුණ සුළි කුණාටු අවදානම සම්බන්ධයෙන් ලැබුණු තොරතුරුයි. official forecast ගැන කථිකයා පියවරෙන් පියවර පැහැදිලි කරයි. මෙහිදී source ලෙස සඳහන් කරන්නේ මුහුදු ප්‍රදේශ අනතුරු ඇඟවීම යන්නයි. මෙය external fact check එකක් නොව title, description සහ transcript එක එකිනෙකට ගැළපෙනවාද කියලා බලන උදාහරණයක්. වැදගත්ම දෙය නම් claim එකට transcript එක තුළ ප්‍රමාණවත් support තියෙනවාද කියලා පරීක්ෂා කිරීමයි.",Weather,False,Inconsistent,weak_support,Transcript mentions the topic but does not support the main promised claim.,true,SYN00100,SYN00110,0.094,0.206,0.300,synthetic-weather-synneg00209,new,,
SYN00458,SYN00458,https://synthetic.local/watch?v=SYN00458,ධර්ම දේශනාව ගැන official update - සජීවී වැඩසටහන,ධර්ම දේශනාව සම්බන්ධ සජීවී වැඩසටහන සහ භික්ෂූන් වහන්සේගේ පැහැදිලි කිරීම ගැන සිංහල පැහැදිලි කිරීමක්.,"ගොඩක් අය අහන ප්‍රශ්නයක් වන ධර්ම දේශනාව ගැන මෙහි පැහැදිලි කරනවා. video එක පුරාම ප්‍රධාන අවධානය සජීවී වැඩසටහන මතම තියෙනවා. අවසානයේ viewers ලාට නිල update බලලා තීරණ ගන්න කියනවා. මෙය external fact check එකක් නොව title, description සහ transcript එක එකිනෙකට ගැළපෙනවාද කියලා බලන උදාහරණයක්. වැදගත්ම දෙය නම් claim එකට transcript එක තුළ ප්‍රමාණවත් support තියෙනවාද කියලා පරීක්ෂා කිරීමයි.",Religion,Not False,Consistent,consistent,"Title, description, and transcript discuss the same subject and supported detail.",false,SYN00458,SYN00458,0.136,0.125,0.400,synthetic-religion-syn00458,new,,
SYNNEG00374,SYNNEG00374,https://synthetic.local/watch?v=SYNNEG00374,රජයේ allowance ගැන හදිසි warning එකක්ද? අද තත්ත්වය,රජයේ allowance සම්බන්ධ official අයදුම් ක්‍රමය සහ ලැබිය යුතු පවුල් කාණ්ඩ ගැන සිංහල පැහැදිලි කිරීමක්.,"ගොඩක් අය අහන ප්‍රශ්නයක් වන රජයේ allowance ගැන මෙහි පැහැදිලි කරනවා. මෙහිදී source ලෙස සඳහන් කරන්නේ ලැබිය යුතු පවුල් කාණ්ඩ යන්නයි. video එක පුරාම ප්‍රධාන අවධානය official අයදුම් ක්‍රමය මතම තියෙනවා. මෙය external fact check එකක් නොව title, description සහ transcript එක එකිනෙකට ගැළපෙනවාද කියලා බලන උදාහරණයක්. වැදගත්ම දෙය නම් claim එකට transcript එක තුළ ප්‍රමාණවත් support තියෙනවාද කියලා පරීක්ෂා කිරීමයි.",Government,False,Inconsistent,weak_support,Transcript mentions the topic but does not support the main promised claim.,true,SYN00245,SYN00255,0.044,0.200,0.136,synthetic-government-synneg00374,new,,
SYN00327,SYN00327,https://synthetic.local/watch?v=SYN00327,පාර්ලිමේන්තු විවාදය ගැන official update - අද තීරණය,පාර්ලිමේන්තු විවාදය සම්බන්ධ අද තීරණය සහ මන්ත්‍රීවරුන්ගේ අදහස් ගැන සිංහල පැහැදිලි කිරීමක්.,"අද වීඩියෝවෙන් අපි කතා කරන්නේ පාර්ලිමේන්තු විවාදය ගැනයි. අවසානයේ viewers ලාට නිල update බලලා තීරණ ගන්න කියනවා. අද තීරණය ගැන කථිකයා පියවරෙන් පියවර පැහැදිලි කරයි. මෙය external fact check එකක් නොව title, description සහ transcript එක එකිනෙකට ගැළපෙනවාද කියලා බලන උදාහරණයක්. වැදගත්ම දෙය නම් claim එකට transcript එක තුළ ප්‍රමාණවත් support තියෙනවාද කියලා පරීක්ෂා කිරීමයි.",Politics,Not False,Consistent,consistent,"Title, description, and transcript discuss the same subject and supported detail.",false,SYN00327,SYN00327,0.145,0.115,0.312,synthetic-politics-syn00327,new,,
SYN00127,SYN00127,https://synthetic.local/watch?v=SYN00127,පාර්ලිමේන්තු විවාදය ගැන official update - අද තීරණය,පාර්ලිමේන්තු විවාදය සම්බන්ධ අද තීරණය සහ මන්ත්‍රීවරුන්ගේ අදහස් ගැන සිංහල පැහැදිලි කිරීමක්.,"මේ update එකේ ප්‍රධාන කරුණ පාර්ලිමේන්තු විවාදය සම්බන්ධයෙන් ලැබුණු තොරතුරුයි. අවසානයේ viewers ලාට නිල update බලලා තීරණ ගන්න කියනවා. අද තීරණය ගැන කථිකයා පියවරෙන් පියවර පැහැදිලි කරයි. මෙය external fact check එකක් නොව title, description සහ transcript එක එකිනෙකට ගැළපෙනවාද කියලා බලන උදාහරණයක්. වැදගත්ම දෙය නම් claim එකට transcript එක තුළ ප්‍රමාණවත් support තියෙනවාද කියලා පරීක්ෂා කිරීමයි.",Politics,Not False,Consistent,consistent,"Title, description, and transcript discuss the same subject and supported detail.",false,SYN00127,SYN00127,0.143,0.113,0.312,synthetic-politics-syn00127,new,,
SYN00133,SYN00133,https://synthetic.local/watch?v=SYN00133,ජනප්‍රිය ගායකයා ගැන official update - concert update,ජනප්‍රිය ගායකයා සම්බන්ධ concert update සහ ප්‍රවේශපත්‍ර සහ ස්ථානය ගැන සිංහල පැහැදිලි කිරීමක්.,"මේ update එකේ ප්‍රධාන කරුණ ජනප්‍රිය ගායකයා සම්බන්ධයෙන් ලැබුණු තොරතුරුයි. මෙහිදී source ලෙස සඳහන් කරන්නේ ප්‍රවේශපත්‍ර සහ ස්ථානය යන්නයි. video එක පුරාම ප්‍රධාන අවධානය concert update මතම තියෙනවා. මෙය external fact check එකක් නොව title, description සහ transcript එක එකිනෙකට ගැළපෙනවාද කියලා බලන උදාහරණයක්. වැදගත්ම දෙය නම් claim එකට transcript එක තුළ ප්‍රමාණවත් support තියෙනවාද කියලා පරීක්ෂා කිරීමයි.",Entertainment,Not False,Consistent,consistent,"Title, description, and transcript discuss the same subject and supported detail.",false,SYN00133,SYN00133,0.103,0.164,0.438,synthetic-entertainment-syn00133,new,,
SYNNEG00318,SYNNEG00318,https://synthetic.local/watch?v=SYNNEG00318,ඔවුන් මේක සඟවනවා! Facebook account ගැන සම්පූර්ණ ඇත්ත,මෙම video එක 100% තහවුරු වූ breaking news එකක් කියලා overclaim කරයි.,"අද වීඩියෝවෙන් අපි කතා කරන්නේ Facebook account ගැනයි. මෙහිදී source ලෙස සඳහන් කරන්නේ password ආරක්ෂාව යන්නයි. video එක පුරාම ප්‍රධාන අවධානය security warning මතම තියෙනවා. මෙය external fact check එකක් නොව title, description සහ transcript එක එකිනෙකට ගැළපෙනවාද කියලා බලන උදාහරණයක්. වැදගත්ම දෙය නම් claim එකට transcript එක තුළ ප්‍රමාණවත් support තියෙනවාද කියලා පරීක්ෂා කිරීමයි.",Technology,False,Inconsistent,clickbait_overclaim,Metadata overclaims certainty while transcript is only a general discussion.,true,SYN00189,SYN00199,0.033,0.063,0.000,synthetic-technology-synneg00318,new,,
SYN00398,SYN00398,https://synthetic.local/watch?v=SYN00398,ආගමික උත්සවය ගැන official update - ගමනාගමන සැලැස්ම,ආගමික උත්සවය සම්බන්ධ ගමනාගමන සැලැස්ම සහ පොලීසියේ දැනුම්දීම ගැන සිංහල පැහැදිලි කිරීමක්.,"ගොඩක් අය අහන ප්‍රශ්නයක් වන ආගමික උත්සවය ගැන මෙහි පැහැදිලි කරනවා. video එක පුරාම ප්‍රධාන අවධානය ගමනාගමන සැලැස්ම මතම තියෙනවා. අවසානයේ viewers ලාට නිල update බලලා තීරණ ගන්න කියනවා. මෙය external fact check එකක් නොව title, description සහ transcript එක එකිනෙකට ගැළපෙනවාද කියලා බලන උදාහරණයක්. වැදගත්ම දෙය නම් claim එකට transcript එක තුළ ප්‍රමාණවත් support තියෙනවාද කියලා පරීක්ෂා කිරීමයි.",Religion,Not False,Consistent,consistent,"Title, description, and transcript discuss the same subject and supported detail.",false,SYN00398,SYN00398,0.136,0.109,0.333,synthetic-religion-syn00398,new,,
SYNNEG00416,SYNNEG00416,https://synthetic.local/watch?v=SYNNEG00416,Breaking! පාර්ලිමේන්තු විවාදය ගැන කවුරුත් නොකියන භයානක රහස,පාර්ලිමේන්තු විවාදය සම්බන්ධ අද තීරණය සහ මන්ත්‍රීවරුන්ගේ අදහස් ගැන සිංහල පැහැදිලි කිරීමක්.,"ගොඩක් අය අහන ප්‍රශ්නයක් වන පාර්ලිමේන්තු විවාදය ගැන මෙහි පැහැදිලි කරනවා. අවසානයේ viewers ලාට නිල update බලලා තීරණ ගන්න කියනවා. අද තීරණය ගැන කථිකයා පියවරෙන් පියවර පැහැදිලි කරයි. මෙය external fact check එකක් නොව title, description සහ transcript එක එකිනෙකට ගැළපෙනවාද කියලා බලන උදාහරණයක්. වැදගත්ම දෙය නම් claim එකට transcript එක තුළ ප්‍රමාණවත් support තියෙනවාද කියලා පරීක්ෂා කිරීමයි.",Politics,False,Inconsistent,title_transcript_mismatch,Title makes a stronger promise than the transcript supports.,true,SYN00167,SYN00177,0.048,0.111,0.167,synthetic-politics-synneg00416,new,,
SYNNEG00494,SYNNEG00494,https://synthetic.local/watch?v=SYNNEG00494,රජයේ allowance ගැන හදිසි warning එකක්ද? අද තත්ත්වය,රජයේ allowance සම්බන්ධ official අයදුම් ක්‍රමය සහ ලැබිය යුතු පවුල් කාණ්ඩ ගැන සිංහල පැහැදිලි කිරීමක්.,"මේ update එකේ ප්‍රධාන කරුණ රජයේ allowance සම්බන්ධයෙන් ලැබුණු තොරතුරුයි. මෙහිදී source ලෙස සඳහන් කරන්නේ ලැබිය යුතු පවුල් කාණ්ඩ යන්නයි. video එක පුරාම ප්‍රධාන අවධානය official අයදුම් ක්‍රමය මතම තියෙනවා. මෙය external fact check එකක් නොව title, description සහ transcript එක එකිනෙකට ගැළපෙනවාද කියලා බලන උදාහරණයක්. වැදගත්ම දෙය නම් claim එකට transcript එක තුළ ප්‍රමාණවත් support තියෙනවාද කියලා පරීක්ෂා කිරීමයි.",Government,False,Inconsistent,weak_support,Transcript mentions the topic but does not support the main promised claim.,true,SYN00445,SYN00455,0.030,0.169,0.136,synthetic-government-synneg00494,new,,
SYN00416,SYN00416,https://synthetic.local/watch?v=SYN00416,දියවැඩියාව ගැන official update - ආහාර පාලන ක්‍රම,දියවැඩියාව සම්බන්ධ ආහාර පාලන ක්‍රම සහ doctor පැහැදිලි කිරීම ගැන සිංහල පැහැදිලි කිරීමක්.,"ගොඩක් අය අහන ප්‍රශ්නයක් වන දියවැඩියාව ගැන මෙහි පැහැදිලි කරනවා. ආහාර පාලන ක්‍රම ගැන කථිකයා පියවරෙන් පියවර පැහැදිලි කරයි. මෙහිදී source ලෙස සඳහන් කරන්නේ doctor පැහැදිලි කිරීම යන්නයි. මෙය external fact check එකක් නොව title, description සහ transcript එක එකිනෙකට ගැළපෙනවාද කියලා බලන උදාහරණයක්. වැදගත්ම දෙය නම් claim එකට transcript එක තුළ ප්‍රමාණවත් support තියෙනවාද කියලා පරීක්ෂා කිරීමයි.",Health,Not False,Consistent,consistent,"Title, description, and transcript discuss the same subject and supported detail.",false,SYN00416,SYN00416,0.117,0.180,0.438,synthetic-health-syn00416,new,,
SYNNEG00096,SYNNEG00096,https://synthetic.local/watch?v=SYNNEG00096,Breaking! අමාත්‍ය මණ්ඩලය ගැන කවුරුත් නොකියන භයානක රහස,අමාත්‍ය මණ්ඩලය සම්බන්ධ නව තීරණ සහ මාධ්‍ය හමුවේ විස්තර ගැන සිංහල පැහැදිලි කිරීමක්.,"ගොඩක් අය අහන ප්‍රශ්නයක් වන අමාත්‍ය මණ්ඩලය ගැන මෙහි පැහැදිලි කරනවා. අවසානයේ viewers ලාට නිල update බලලා තීරණ ගන්න කියනවා. නව තීරණ ගැන කථිකයා පියවරෙන් පියවර පැහැදිලි කරයි. මෙය external fact check එකක් නොව title, description සහ transcript එක එකිනෙකට ගැළපෙනවාද කියලා බලන උදාහරණයක්. වැදගත්ම දෙය නම් claim එකට transcript එක තුළ ප්‍රමාණවත් support තියෙනවාද කියලා පරීක්ෂා කිරීමයි.",Politics,False,Inconsistent,title_transcript_mismatch,Title makes a stronger promise than the transcript supports.,true,SYN00467,SYN00477,0.049,0.113,0.167,synthetic-politics-synneg00096,new,,
SYN00259,SYN00259,https://synthetic.local/watch?v=SYN00259,AI tool ගැන official update - සිංහල භාවිතය,AI tool සම්බන්ධ සිංහල භාවිතය සහ නව feature සහ සීමා ගැන සිංහල පැහැදිලි කිරීමක්.,"මේ update එකේ ප්‍රධාන කරුණ AI tool සම්බන්ධයෙන් ලැබුණු තොරතුරුයි. අවසානයේ viewers ලාට නිල update බලලා තීරණ ගන්න කියනවා. සිංහල භාවිතය ගැන කථිකයා පියවරෙන් පියවර පැහැදිලි කරයි. මෙය external fact check එකක් නොව title, description සහ transcript එක එකිනෙකට ගැළපෙනවාද කියලා බලන උදාහරණයක්. වැදගත්ම දෙය නම් claim එකට transcript එක තුළ ප්‍රමාණවත් support තියෙනවාද කියලා පරීක්ෂා කිරීමයි.",Technology,Not False,Consistent,consistent,"Title, description, and transcript discuss the same subject and supported detail.",false,SYN00259,SYN00259,0.143,0.115,0.333,synthetic-technology-syn00259,new,,
SYN00314,SYN00314,https://synthetic.local/watch?v=SYN00314,විදුලි බිල් සහනය ගැන official update - ගෙවීම් ක්‍රම,විදුලි බිල් සහනය සම්බන්ධ ගෙවීම් ක්‍රම සහ පාරිභෝගිකයින්ට උපදෙස් ගැන සිංහල පැහැදිලි කිරීමක්.,"ගොඩක් අය අහන ප්‍රශ්නයක් වන විදුලි බිල් සහනය ගැන මෙහි පැහැදිලි කරනවා. video එක පුරාම ප්‍රධාන අවධානය ගෙවීම් ක්‍රම මතම තියෙනවා. අවසානයේ viewers ලාට නිල update බලලා තීරණ ගන්න කියනවා. මෙය external fact check එකක් නොව title, description සහ transcript එක එකිනෙකට ගැළපෙනවාද කියලා බලන උදාහරණයක්. වැදගත්ම දෙය නම් claim එකට transcript එක තුළ ප්‍රමාණවත් support තියෙනවාද කියලා පරීක්ෂා කිරීමයි.",Finance,Not False,Consistent,consistent,"Title, description, and transcript discuss the same subject and supported detail.",false,SYN00314,SYN00314,0.164,0.136,0.412,synthetic-finance-syn00314,new,,
SYN00410,SYN00410,https://synthetic.local/watch?v=SYN00410,වැසි තත්ත්වය ගැන official update - කාලගුණ warning,වැසි තත්ත්වය සම්බන්ධ කාලගුණ warning සහ දිස්ත්‍රික්ක අනුව අනාවැකි ගැන සිංහල පැහැදිලි කිරීමක්.,"ගොඩක් අය අහන ප්‍රශ්නයක් වන වැසි තත්ත්වය ගැන මෙහි පැහැදිලි කරනවා. video එක පුරාම ප්‍රධාන අවධානය කාලගුණ warning මතම තියෙනවා. අවසානයේ viewers ලාට නිල update බලලා තීරණ ගන්න කියනවා. මෙය external fact check එකක් නොව title, description සහ transcript එක එකිනෙකට ගැළපෙනවාද කියලා බලන උදාහරණයක්. වැදගත්ම දෙය නම් claim එකට transcript එක තුළ ප්‍රමාණවත් support තියෙනවාද කියලා පරීක්ෂා කිරීමයි.",Weather,Not False,Consistent,consistent,"Title, description, and transcript discuss the same subject and supported detail.",false,SYN00410,SYN00410,0.150,0.119,0.333,synthetic-weather-syn00410,new,,
SYN00163,SYN00163,https://synthetic.local/watch?v=SYN00163,නව චිත්‍රපටය ගැන official update - release දිනය,නව චිත්‍රපටය සම්බන්ධ release දිනය සහ අධ්‍යක්ෂවරයාගේ පැහැදිලි කිරීම ගැන සිංහල පැහැදිලි කිරීමක්.,"මේ update එකේ ප්‍රධාන කරුණ නව චිත්‍රපටය සම්බන්ධයෙන් ලැබුණු තොරතුරුයි. අවසානයේ viewers ලාට නිල update බලලා තීරණ ගන්න කියනවා. release දිනය ගැන කථිකයා පියවරෙන් පියවර පැහැදිලි කරයි. මෙය external fact check එකක් නොව title, description සහ transcript එක එකිනෙකට ගැළපෙනවාද කියලා බලන උදාහරණයක්. වැදගත්ම දෙය නම් claim එකට transcript එක තුළ ප්‍රමාණවත් support තියෙනවාද කියලා පරීක්ෂා කිරීමයි.",Entertainment,Not False,Consistent,consistent,"Title, description, and transcript discuss the same subject and supported detail.",false,SYN00163,SYN00163,0.158,0.145,0.438,synthetic-entertainment-syn00163,new,,
SYN00305,SYN00305,https://synthetic.local/watch?v=SYN00305,gazette නිවේදනය ගැන official update - නව නියමයන්,gazette නිවේදනය සම්බන්ධ නව නියමයන් සහ අදාළ දිනය සහ බලපෑම ගැන සිංහල පැහැදිලි කිරීමක්.,"ගොඩක් අය අහන ප්‍රශ්නයක් වන gazette නිවේදනය ගැන මෙහි පැහැදිලි කරනවා. මෙහිදී source ලෙස සඳහන් කරන්නේ අදාළ දිනය සහ බලපෑම යන්නයි. video එක පුරාම ප්‍රධාන අවධානය නව නියමයන් මතම තියෙනවා. මෙය external fact check එකක් නොව title, description සහ transcript එක එකිනෙකට ගැළපෙනවාද කියලා බලන උදාහරණයක්. වැදගත්ම දෙය නම් claim එකට transcript එක තුළ ප්‍රමාණවත් support තියෙනවාද කියලා පරීක්ෂා කිරීමයි.",Government,Not False,Consistent,consistent,"Title, description, and transcript discuss the same subject and supported detail.",false,SYN00305,SYN00305,0.081,0.161,0.312,synthetic-government-syn00305,new,,
SYN00287,SYN00287,https://synthetic.local/watch?v=SYN00287,පාර්ලිමේන්තු විවාදය ගැන official update - අද තීරණය,පාර්ලිමේන්තු විවාදය සම්බන්ධ අද තීරණය සහ මන්ත්‍රීවරුන්ගේ අදහස් ගැන සිංහල පැහැදිලි කිරීමක්.,"ගොඩක් අය අහන ප්‍රශ්නයක් වන පාර්ලිමේන්තු විවාදය ගැන මෙහි පැහැදිලි කරනවා. අවසානයේ viewers ලාට නිල update බලලා තීරණ ගන්න කියනවා. අද තීරණය ගැන කථිකයා පියවරෙන් පියවර පැහැදිලි කරයි. මෙය external fact check එකක් නොව title, description සහ transcript එක එකිනෙකට ගැළපෙනවාද කියලා බලන උදාහරණයක්. වැදගත්ම දෙය නම් claim එකට transcript එක තුළ ප්‍රමාණවත් support තියෙනවාද කියලා පරීක්ෂා කිරීමයි.",Politics,Not False,Consistent,consistent,"Title, description, and transcript discuss the same subject and supported detail.",false,SYN00287,SYN00287,0.140,0.111,0.312,synthetic-politics-syn00287,new,,
SYNNEG00145,SYNNEG00145,https://synthetic.local/watch?v=SYNNEG00145,දියවැඩියාව ගැන official update - ආහාර පාලන ක්‍රම,දියවැඩියාව සම්බන්ධ ආහාර පාලන ක්‍රම සහ doctor පැහැදිලි කිරීම ගැන සිංහල පැහැදිලි කිරීමක්.,"මේ update එකේ ප්‍රධාන කරුණ උණ රෝගය සම්බන්ධයෙන් ලැබුණු තොරතුරුයි. video එක පුරාම ප්‍රධාන අවධානය ලක්ෂණ සහ ප්‍රතිකාර මතම තියෙනවා. අවසානයේ viewers ලාට නිල update බලලා තීරණ ගන්න කියනවා. මෙය external fact check එකක් නොව title, description සහ transcript එක එකිනෙකට ගැළපෙනවාද කියලා බලන උදාහරණයක්. වැදගත්ම දෙය නම් claim එකට transcript එක තුළ ප්‍රමාණවත් support තියෙනවාද කියලා පරීක්ෂා කිරීමයි.",Health,False,Inconsistent,same_topic_swap,Same-topic hard negative: metadata and transcript are from different synthetic videos.,true,SYN00456,SYN00466,0.049,0.030,0.438,synthetic-health-synneg00145,new,,
SYNNEG00136,SYNNEG00136,https://synthetic.local/watch?v=SYNNEG00136,Breaking! පාර්ලිමේන්තු විවාදය ගැන කවුරුත් නොකියන භයානක රහස,පාර්ලිමේන්තු විවාදය සම්බන්ධ අද තීරණය සහ මන්ත්‍රීවරුන්ගේ අදහස් ගැන සිංහල පැහැදිලි කිරීමක්.,"මේ update එකේ ප්‍රධාන කරුණ පාර්ලිමේන්තු විවාදය සම්බන්ධයෙන් ලැබුණු තොරතුරුයි. අවසානයේ viewers ලාට නිල update බලලා තීරණ ගන්න කියනවා. අද තීරණය ගැන කථිකයා පියවරෙන් පියවර පැහැදිලි කරයි. මෙය external fact check එකක් නොව title, description සහ transcript එක එකිනෙකට ගැළපෙනවාද කියලා බලන උදාහරණයක්. වැදගත්ම දෙය නම් claim එකට transcript එක තුළ ප්‍රමාණවත් support තියෙනවාද කියලා පරීක්ෂා කිරීමයි.",Politics,False,Inconsistent,title_transcript_mismatch,Title makes a stronger promise than the transcript supports.,true,SYN00367,SYN00377,0.049,0.113,0.167,synthetic-politics-synneg00136,new,,
SYN00354,SYN00354,https://synthetic.local/watch?v=SYN00354,විදුලි බිල් සහනය ගැන official update - ගෙවීම් ක්‍රම,විදුලි බිල් සහනය සම්බන්ධ ගෙවීම් ක්‍රම සහ පාරිභෝගිකයින්ට උපදෙස් ගැන සිංහල පැහැදිලි කිරීමක්.,"අද වීඩියෝවෙන් අපි කතා කරන්නේ විදුලි බිල් සහනය ගැනයි. video එක පුරාම ප්‍රධාන අවධානය ගෙවීම් ක්‍රම මතම තියෙනවා. අවසානයේ viewers ලාට නිල update බලලා තීරණ ගන්න කියනවා. මෙය external fact check එකක් නොව title, description සහ transcript එක එකිනෙකට ගැළපෙනවාද කියලා බලන උදාහරණයක්. වැදගත්ම දෙය නම් claim එකට transcript එක තුළ ප්‍රමාණවත් support තියෙනවාද කියලා පරීක්ෂා කිරීමයි.",Finance,Not False,Consistent,consistent,"Title, description, and transcript discuss the same subject and supported detail.",false,SYN00354,SYN00354,0.153,0.108,0.412,synthetic-finance-syn00354,new,,
SYN00069,SYN00069,https://synthetic.local/watch?v=SYN00069,Facebook account ගැන official update - security warning,Facebook account සම්බන්ධ security warning සහ password ආරක්ෂාව ගැන සිංහල පැහැදිලි කිරීමක්.,"අද වීඩියෝවෙන් අපි කතා කරන්නේ Facebook account ගැනයි. මෙහිදී source ලෙස සඳහන් කරන්නේ password ආරක්ෂාව යන්නයි. video එක පුරාම ප්‍රධාන අවධානය security warning මතම තියෙනවා. මෙය external fact check එකක් නොව title, description සහ transcript එක එකිනෙකට ගැළපෙනවාද කියලා බලන උදාහරණයක්. වැදගත්ම දෙය නම් claim එකට transcript එක තුළ ප්‍රමාණවත් support තියෙනවාද කියලා පරීක්ෂා කිරීමයි.",Technology,Not False,Consistent,consistent,"Title, description, and transcript discuss the same subject and supported detail.",false,SYN00069,SYN00069,0.085,0.133,0.375,synthetic-technology-syn00069,new,,
SYNNEG00179,SYNNEG00179,https://synthetic.local/watch?v=SYNNEG00179,සුළි කුණාටු අවදානම ගැන හදිසි warning එකක්ද? අද තත්ත්වය,සුළි කුණාටු අවදානම සම්බන්ධ official forecast සහ මුහුදු ප්‍රදේශ අනතුරු ඇඟවීම ගැන සිංහල පැහැදිලි කිරීමක්.,"අද වීඩියෝවෙන් අපි කතා කරන්නේ සුළි කුණාටු අවදානම ගැනයි. official forecast ගැන කථිකයා පියවරෙන් පියවර පැහැදිලි කරයි. මෙහිදී source ලෙස සඳහන් කරන්නේ මුහුදු ප්‍රදේශ අනතුරු ඇඟවීම යන්නයි. මෙය external fact check එකක් නොව title, description සහ transcript එක එකිනෙකට ගැළපෙනවාද කියලා බලන උදාහරණයක්. වැදගත්ම දෙය නම් claim එකට transcript එක තුළ ප්‍රමාණවත් support තියෙනවාද කියලා පරීක්ෂා කිරීමයි.",Weather,False,Inconsistent,weak_support,Transcript mentions the topic but does not support the main promised claim.,true,SYN00300,SYN00310,0.117,0.217,0.300,synthetic-weather-synneg00179,new,,
SYNNEG00334,SYNNEG00334,https://synthetic.local/watch?v=SYNNEG00334,gazette නිවේදනය සම්බන්ධ නව තීරණයක්ද? ජනතාව අහන ප්‍රශ්න,gazette නිවේදනය සම්බන්ධ නව නියමයන් සහ අදාළ දිනය සහ බලපෑම ගැන සිංහල පැහැදිලි කිරීමක්.,"අද වීඩියෝවෙන් අපි කතා කරන්නේ gazette නිවේදනය ගැනයි. මෙහිදී source ලෙස සඳහන් කරන්නේ අදාළ දිනය සහ බලපෑම යන්නයි. video එක පුරාම ප්‍රධාන අවධානය නව නියමයන් මතම තියෙනවා. මෙය external fact check එකක් නොව title, description සහ transcript එක එකිනෙකට ගැළපෙනවාද කියලා බලන උදාහරණයක්. වැදගත්ම දෙය නම් claim එකට transcript එක තුළ ප්‍රමාණවත් support තියෙනවාද කියලා පරීක්ෂා කිරීමයි.",Government,False,Inconsistent,weak_support,Transcript mentions the topic but does not support the main promised claim.,true,SYN00345,SYN00355,0.067,0.133,0.222,synthetic-government-synneg00334,new,,
SYNNEG00436,SYNNEG00436,https://synthetic.local/watch?v=SYNNEG00436,Breaking! පාර්ලිමේන්තු විවාදය ගැන කවුරුත් නොකියන භයානක රහස,පාර්ලිමේන්තු විවාදය සම්බන්ධ අද තීරණය සහ මන්ත්‍රීවරුන්ගේ අදහස් ගැන සිංහල පැහැදිලි කිරීමක්.,"මේ update එකේ ප්‍රධාන කරුණ පාර්ලිමේන්තු විවාදය සම්බන්ධයෙන් ලැබුණු තොරතුරුයි. අවසානයේ viewers ලාට නිල update බලලා තීරණ ගන්න කියනවා. අද තීරණය ගැන කථිකයා පියවරෙන් පියවර පැහැදිලි කරයි. මෙය external fact check එකක් නොව title, description සහ transcript එක එකිනෙකට ගැළපෙනවාද කියලා බලන උදාහරණයක්. වැදගත්ම දෙය නම් claim එකට transcript එක තුළ ප්‍රමාණවත් support තියෙනවාද කියලා පරීක්ෂා කිරීමයි.",Politics,False,Inconsistent,title_transcript_mismatch,Title makes a stronger promise than the transcript supports.,true,SYN00367,SYN00377,0.049,0.113,0.167,synthetic-politics-synneg00436,new,,
SYNNEG00180,SYNNEG00180,https://synthetic.local/watch?v=SYNNEG00180,එළවළු මිල ගැන official update - වෙළඳපොළ update,එළවළු මිල සම්බන්ධ වෙළඳපොළ update සහ කොළඹ සහ දඹුල්ල මිල වෙනස්වීම් ගැන සිංහල පැහැදිලි කිරීමක්.,"ගොඩක් අය අහන ප්‍රශ්නයක් වන ජල සැපයුම ගැන මෙහි පැහැදිලි කරනවා. අවසානයේ viewers ලාට නිල update බලලා තීරණ ගන්න කියනවා. ගොවිබිම් සඳහා කාලසටහන ගැන කථිකයා පියවරෙන් පියවර පැහැදිලි කරයි. මෙය external fact check එකක් නොව title, description සහ transcript එක එකිනෙකට ගැළපෙනවාද කියලා බලන උදාහරණයක්. වැදගත්ම දෙය නම් claim එකට transcript එක තුළ ප්‍රමාණවත් support තියෙනවාද කියලා පරීක්ෂා කිරීමයි.",Agriculture,False,Inconsistent,same_topic_swap,Same-topic hard negative: metadata and transcript are from different synthetic videos.,true,SYN00301,SYN00311,0.066,0.075,0.400,synthetic-agriculture-synneg00180,new,,
SYNNEG00220,SYNNEG00220,https://synthetic.local/watch?v=SYNNEG00220,වී වගාව ගැන official update - පොහොර සහනාධාරය,වී වගාව සම්බන්ධ පොහොර සහනාධාරය සහ කෘෂිකර්ම නිලධාරීන්ගේ උපදෙස් ගැන සිංහල පැහැදිලි කිරීමක්.,"මේ update එකේ ප්‍රධාන කරුණ තේ වගාව සම්බන්ධයෙන් ලැබුණු තොරතුරුයි. අවසානයේ viewers ලාට නිල update බලලා තීරණ ගන්න කියනවා. නව රෝග පාලන ක්‍රම ගැන කථිකයා පියවරෙන් පියවර පැහැදිලි කරයි. මෙය external fact check එකක් නොව title, description සහ transcript එක එකිනෙකට ගැළපෙනවාද කියලා බලන උදාහරණයක්. වැදගත්ම දෙය නම් claim එකට transcript එක තුළ ප්‍රමාණවත් support තියෙනවාද කියලා පරීක්ෂා කිරීමයි.",Agriculture,False,Inconsistent,same_topic_swap,Same-topic hard negative: metadata and transcript are from different synthetic videos.,true,SYN00201,SYN00211,0.081,0.059,0.312,synthetic-agriculture-synneg00220,new,,
SYN00238,SYN00238,https://synthetic.local/watch?v=SYN00238,ආගමික උත්සවය ගැන official update - ගමනාගමන සැලැස්ම,ආගමික උත්සවය සම්බන්ධ ගමනාගමන සැලැස්ම සහ පොලීසියේ දැනුම්දීම ගැන සිංහල පැහැදිලි කිරීමක්.,"මේ update එකේ ප්‍රධාන කරුණ ආගමික උත්සවය සම්බන්ධයෙන් ලැබුණු තොරතුරුයි. video එක පුරාම ප්‍රධාන අවධානය ගමනාගමන සැලැස්ම මතම තියෙනවා. අවසානයේ viewers ලාට නිල update බලලා තීරණ ගන්න කියනවා. මෙය external fact check එකක් නොව title, description සහ transcript එක එකිනෙකට ගැළපෙනවාද කියලා බලන උදාහරණයක්. වැදගත්ම දෙය නම් claim එකට transcript එක තුළ ප්‍රමාණවත් support තියෙනවාද කියලා පරීක්ෂා කිරීමයි.",Religion,Not False,Consistent,consistent,"Title, description, and transcript discuss the same subject and supported detail.",false,SYN00238,SYN00238,0.125,0.081,0.333,synthetic-religion-syn00238,new,,
SYN00266,SYN00266,https://synthetic.local/watch?v=SYN00266,උණ රෝගය ගැන official update - ලක්ෂණ සහ ප්‍රතිකාර,උණ රෝගය සම්බන්ධ ලක්ෂණ සහ ප්‍රතිකාර සහ සෞඛ්‍ය අංශ අනතුරු ඇඟවීම ගැන සිංහල පැහැදිලි කිරීමක්.,"ගොඩක් අය අහන ප්‍රශ්නයක් වන උණ රෝගය ගැන මෙහි පැහැදිලි කරනවා. video එක පුරාම ප්‍රධාන අවධානය ලක්ෂණ සහ ප්‍රතිකාර මතම තියෙනවා. අවසානයේ viewers ලාට නිල update බලලා තීරණ ගන්න කියනවා. මෙය external fact check එකක් නොව title, description සහ transcript එක එකිනෙකට ගැළපෙනවාද කියලා බලන උදාහරණයක්. වැදගත්ම දෙය නම් claim එකට transcript එක තුළ ප්‍රමාණවත් support තියෙනවාද කියලා පරීක්ෂා කිරීමයි.",Health,Not False,Consistent,consistent,"Title, description, and transcript discuss the same subject and supported detail.",false,SYN00266,SYN00266,0.169,0.121,0.389,synthetic-health-syn00266,new,,
SYN00091,SYN00091,https://synthetic.local/watch?v=SYN00091,තේ වගාව ගැන official update - නව රෝග පාලන ක්‍රම,තේ වගාව සම්බන්ධ නව රෝග පාලන ක්‍රම සහ ගොවීන්ට ලබාදෙන උපදෙස් ගැන සිංහල පැහැදිලි කිරීමක්.,"මේ update එකේ ප්‍රධාන කරුණ තේ වගාව සම්බන්ධයෙන් ලැබුණු තොරතුරුයි. අවසානයේ viewers ලාට නිල update බලලා තීරණ ගන්න කියනවා. නව රෝග පාලන ක්‍රම ගැන කථිකයා පියවරෙන් පියවර පැහැදිලි කරයි. මෙය external fact check එකක් නොව title, description සහ transcript එක එකිනෙකට ගැළපෙනවාද කියලා බලන උදාහරණයක්. වැදගත්ම දෙය නම් claim එකට transcript එක තුළ ප්‍රමාණවත් support තියෙනවාද කියලා පරීක්ෂා කිරීමයි.",Agriculture,Not False,Consistent,consistent,"Title, description, and transcript discuss the same subject and supported detail.",false,SYN00091,SYN00091,0.186,0.154,0.421,synthetic-agriculture-syn00091,new,,
SYNNEG00336,SYNNEG00336,https://synthetic.local/watch?v=SYNNEG00336,Breaking! පාර්ලිමේන්තු විවාදය ගැන කවුරුත් නොකියන භයානක රහස,පාර්ලිමේන්තු විවාදය සම්බන්ධ අද තීරණය සහ මන්ත්‍රීවරුන්ගේ අදහස් ගැන සිංහල පැහැදිලි කිරීමක්.,"මේ update එකේ ප්‍රධාන කරුණ පාර්ලිමේන්තු විවාදය සම්බන්ධයෙන් ලැබුණු තොරතුරුයි. අවසානයේ viewers ලාට නිල update බලලා තීරණ ගන්න කියනවා. අද තීරණය ගැන කථිකයා පියවරෙන් පියවර පැහැදිලි කරයි. මෙය external fact check එකක් නොව title, description සහ transcript එක එකිනෙකට ගැළපෙනවාද කියලා බලන උදාහරණයක්. වැදගත්ම දෙය නම් claim එකට transcript එක තුළ ප්‍රමාණවත් support තියෙනවාද කියලා පරීක්ෂා කිරීමයි.",Politics,False,Inconsistent,title_transcript_mismatch,Title makes a stronger promise than the transcript supports.,true,SYN00367,SYN00377,0.049,0.113,0.167,synthetic-politics-synneg00336,new,,
SYNNEG00363,SYNNEG00363,https://synthetic.local/watch?v=SYNNEG00363,Breaking! රන් මිල ගැන කවුරුත් නොකියන භයානක රහස,මෙම video එක 100% තහවුරු වූ breaking news එකක් කියලා overclaim කරයි.,"ගොඩක් අය අහන ප්‍රශ්නයක් වන රන් මිල ගැන මෙහි පැහැදිලි කරනවා. video එක පුරාම ප්‍රධාන අවධානය අද වෙළඳපොළ තත්ත්වය මතම තියෙනවා. අවසානයේ viewers ලාට නිල update බලලා තීරණ ගන්න කියනවා. මෙය external fact check එකක් නොව title, description සහ transcript එක එකිනෙකට ගැළපෙනවාද කියලා බලන උදාහරණයක්. වැදගත්ම දෙය නම් claim එකට transcript එක තුළ ප්‍රමාණවත් support තියෙනවාද කියලා පරීක්ෂා කිරීමයි.",Finance,False,Inconsistent,clickbait_overclaim,Metadata overclaims certainty while transcript is only a general discussion.,true,SYN00134,SYN00144,0.046,0.059,0.000,synthetic-finance-synneg00363,new,,
SYN00055,SYN00055,https://synthetic.local/watch?v=SYN00055,passport සේවාව ගැන official update - online booking update,passport සේවාව සම්බන්ධ online booking update සහ කාර්යාල වේලාවන් ගැන සිංහල පැහැදිලි කිරීමක්.,"මේ update එකේ ප්‍රධාන කරුණ passport සේවාව සම්බන්ධයෙන් ලැබුණු තොරතුරුයි. අවසානයේ viewers ලාට නිල update බලලා තීරණ ගන්න කියනවා. online booking update ගැන කථිකයා පියවරෙන් පියවර පැහැදිලි කරයි. මෙය external fact check එකක් නොව title, description සහ transcript එක එකිනෙකට ගැළපෙනවාද කියලා බලන උදාහරණයක්. වැදගත්ම දෙය නම් claim එකට transcript එක තුළ ප්‍රමාණවත් support තියෙනවාද කියලා පරීක්ෂා කිරීමයි.",Government,Not False,Consistent,consistent,"Title, description, and transcript discuss the same subject and supported detail.",false,SYN00055,SYN00055,0.143,0.148,0.467,synthetic-government-syn00055,new,,
SYNNEG00158,SYNNEG00158,https://synthetic.local/watch?v=SYNNEG00158,ඔවුන් මේක සඟවනවා! mobile app ගැන සම්පූර්ණ ඇත්ත,මෙම video එක 100% තහවුරු වූ breaking news එකක් කියලා overclaim කරයි.,"ගොඩක් අය අහන ප්‍රශ්නයක් වන mobile app ගැන මෙහි පැහැදිලි කරනවා. මෙහිදී source ලෙස සඳහන් කරන්නේ දත්ත ආරක්ෂාව ගැන පැහැදිලි කිරීම යන්නයි. video එක පුරාම ප්‍රධාන අවධානය privacy update මතම තියෙනවා. මෙය external fact check එකක් නොව title, description සහ transcript එක එකිනෙකට ගැළපෙනවාද කියලා බලන උදාහරණයක්. වැදගත්ම දෙය නම් claim එකට transcript එක තුළ ප්‍රමාණවත් support තියෙනවාද කියලා පරීක්ෂා කිරීමයි.",Technology,False,Inconsistent,clickbait_overclaim,Metadata overclaims certainty while transcript is only a general discussion.,true,SYN00089,SYN00099,0.047,0.060,0.000,synthetic-technology-synneg00158,new,,
SYNNEG00444,SYNNEG00444,https://synthetic.local/watch?v=SYNNEG00444,රජයේ allowance ගැන ලොකු වෙනසක්? සම්පූර්ණ update මෙන්න,රජයේ allowance සම්බන්ධ official අයදුම් ක්‍රමය සහ ලැබිය යුතු පවුල් කාණ්ඩ ගැන සිංහල පැහැදිලි කිරීමක්.,"මේ update එකේ ප්‍රධාන කරුණ රජයේ allowance සම්බන්ධයෙන් ලැබුණු තොරතුරුයි. මෙහිදී source ලෙස සඳහන් කරන්නේ ලැබිය යුතු පවුල් කාණ්ඩ යන්නයි. video එක පුරාම ප්‍රධාන අවධානය official අයදුම් ක්‍රමය මතම තියෙනවා. මෙය external fact check එකක් නොව title, description සහ transcript එක එකිනෙකට ගැළපෙනවාද කියලා බලන උදාහරණයක්. වැදගත්ම දෙය නම් claim එකට transcript එක තුළ ප්‍රමාණවත් support තියෙනවාද කියලා පරීක්ෂා කිරීමයි.",Government,False,Inconsistent,weak_support,Transcript mentions the topic but does not support the main promised claim.,true,SYN00445,SYN00455,0.062,0.169,0.136,synthetic-government-synneg00444,new,,
SYN00407,SYN00407,https://synthetic.local/watch?v=SYN00407,පාර්ලිමේන්තු විවාදය ගැන official update - අද තීරණය,පාර්ලිමේන්තු විවාදය සම්බන්ධ අද තීරණය සහ මන්ත්‍රීවරුන්ගේ අදහස් ගැන සිංහල පැහැදිලි කිරීමක්.,"ගොඩක් අය අහන ප්‍රශ්නයක් වන පාර්ලිමේන්තු විවාදය ගැන මෙහි පැහැදිලි කරනවා. අවසානයේ viewers ලාට නිල update බලලා තීරණ ගන්න කියනවා. අද තීරණය ගැන කථිකයා පියවරෙන් පියවර පැහැදිලි කරයි. මෙය external fact check එකක් නොව title, description සහ transcript එක එකිනෙකට ගැළපෙනවාද කියලා බලන උදාහරණයක්. වැදගත්ම දෙය නම් claim එකට transcript එක තුළ ප්‍රමාණවත් support තියෙනවාද කියලා පරීක්ෂා කිරීමයි.",Politics,Not False,Consistent,consistent,"Title, description, and transcript discuss the same subject and supported detail.",false,SYN00407,SYN00407,0.140,0.111,0.312,synthetic-politics-syn00407,new,,
SYN00381,SYN00381,https://synthetic.local/watch?v=SYN00381,එළවළු මිල ගැන official update - වෙළඳපොළ update,එළවළු මිල සම්බන්ධ වෙළඳපොළ update සහ කොළඹ සහ දඹුල්ල මිල වෙනස්වීම් ගැන සිංහල පැහැදිලි කිරීමක්.,"අද වීඩියෝවෙන් අපි කතා කරන්නේ එළවළු මිල ගැනයි. මෙහිදී source ලෙස සඳහන් කරන්නේ කොළඹ සහ දඹුල්ල මිල වෙනස්වීම් යන්නයි. video එක පුරාම ප්‍රධාන අවධානය වෙළඳපොළ update මතම තියෙනවා. මෙය external fact check එකක් නොව title, description සහ transcript එක එකිනෙකට ගැළපෙනවාද කියලා බලන උදාහරණයක්. වැදගත්ම දෙය නම් claim එකට transcript එක තුළ ප්‍රමාණවත් support තියෙනවාද කියලා පරීක්ෂා කිරීමයි.",Agriculture,Not False,Consistent,consistent,"Title, description, and transcript discuss the same subject and supported detail.",false,SYN00381,SYN00381,0.086,0.148,0.400,synthetic-agriculture-syn00381,new,,
SYN00125,SYN00125,https://synthetic.local/watch?v=SYN00125,රජයේ allowance ගැන official update - official අයදුම් ක්‍රමය,රජයේ allowance සම්බන්ධ official අයදුම් ක්‍රමය සහ ලැබිය යුතු පවුල් කාණ්ඩ ගැන සිංහල පැහැදිලි කිරීමක්.,"ගොඩක් අය අහන ප්‍රශ්නයක් වන රජයේ allowance ගැන මෙහි පැහැදිලි කරනවා. මෙහිදී source ලෙස සඳහන් කරන්නේ ලැබිය යුතු පවුල් කාණ්ඩ යන්නයි. video එක පුරාම ප්‍රධාන අවධානය official අයදුම් ක්‍රමය මතම තියෙනවා. මෙය external fact check එකක් නොව title, description සහ transcript එක එකිනෙකට ගැළපෙනවාද කියලා බලන උදාහරණයක්. වැදගත්ම දෙය නම් claim එකට transcript එක තුළ ප්‍රමාණවත් support තියෙනවාද කියලා පරීක්ෂා කිරීමයි.",Government,Not False,Consistent,consistent,"Title, description, and transcript discuss the same subject and supported detail.",false,SYN00125,SYN00125,0.109,0.200,0.389,synthetic-government-syn00125,new,,
SYN00492,SYN00492,https://synthetic.local/watch?v=SYN00492,පාසල් නිවාඩු ගැන official update - කාලසටහන් වෙනස්වීම,පාසල් නිවාඩු සම්බන්ධ කාලසටහන් වෙනස්වීම සහ අධ්‍යාපන අමාත්‍යාංශ update ගැන සිංහල පැහැදිලි කිරීමක්.,"අද වීඩියෝවෙන් අපි කතා කරන්නේ පාසල් නිවාඩු ගැනයි. කාලසටහන් වෙනස්වීම ගැන කථිකයා පියවරෙන් පියවර පැහැදිලි කරයි. මෙහිදී source ලෙස සඳහන් කරන්නේ අධ්‍යාපන අමාත්‍යාංශ update යන්නයි. මෙය external fact check එකක් නොව title, description සහ transcript එක එකිනෙකට ගැළපෙනවාද කියලා බලන උදාහරණයක්. වැදගත්ම දෙය නම් claim එකට transcript එක තුළ ප්‍රමාණවත් support තියෙනවාද කියලා පරීක්ෂා කිරීමයි.",Education,Not False,Consistent,consistent,"Title, description, and transcript discuss the same subject and supported detail.",false,SYN00492,SYN00492,0.119,0.213,0.412,synthetic-education-syn00492,new,,
SYNNEG00303,SYNNEG00303,https://synthetic.local/watch?v=SYNNEG00303,Breaking! විදුලි බිල් සහනය ගැන කවුරුත් නොකියන භයානක රහස,මෙම video එක 100% තහවුරු වූ breaking news එකක් කියලා overclaim කරයි.,"මේ update එකේ ප්‍රධාන කරුණ විදුලි බිල් සහනය සම්බන්ධයෙන් ලැබුණු තොරතුරුයි. video එක පුරාම ප්‍රධාන අවධානය ගෙවීම් ක්‍රම මතම තියෙනවා. අවසානයේ viewers ලාට නිල update බලලා තීරණ ගන්න කියනවා. මෙය external fact check එකක් නොව title, description සහ transcript එක එකිනෙකට ගැළපෙනවාද කියලා බලන උදාහරණයක්. වැදගත්ම දෙය නම් claim එකට transcript එක තුළ ප්‍රමාණවත් support තියෙනවාද කියලා පරීක්ෂා කිරීමයි.",Finance,False,Inconsistent,clickbait_overclaim,Metadata overclaims certainty while transcript is only a general discussion.,true,SYN00034,SYN00044,0.048,0.062,0.000,synthetic-finance-synneg00303,new,,
SYNNEG00401,SYNNEG00401,https://synthetic.local/watch?v=SYNNEG00401,දැන්ම බලන්න! පාසල් නිවාඩු නිසා ලංකාවම කම්පා වෙයි,පාසල් නිවාඩු සම්බන්ධ කාලසටහන් වෙනස්වීම සහ අධ්‍යාපන අමාත්‍යාංශ update ගැන සිංහල පැහැදිලි කිරීමක්.,"අද වීඩියෝවෙන් අපි කතා කරන්නේ පාසල් නිවාඩු ගැනයි. කාලසටහන් වෙනස්වීම ගැන කථිකයා පියවරෙන් පියවර පැහැදිලි කරයි. මෙහිදී source ලෙස සඳහන් කරන්නේ අධ්‍යාපන අමාත්‍යාංශ update යන්නයි. මෙය external fact check එකක් නොව title, description සහ transcript එක එකිනෙකට ගැළපෙනවාද කියලා බලන උදාහරණයක්. වැදගත්ම දෙය නම් claim එකට transcript එක තුළ ප්‍රමාණවත් support තියෙනවාද කියලා පරීක්ෂා කිරීමයි.",Education,False,Inconsistent,title_transcript_mismatch,Title makes a stronger promise than the transcript supports.,true,SYN00012,SYN00022,0.031,0.213,0.091,synthetic-education-synneg00401,new,,
SYN00431,SYN00431,https://synthetic.local/watch?v=SYN00431,ජල සැපයුම ගැන official update - ගොවිබිම් සඳහා කාලසටහන,ජල සැපයුම සම්බන්ධ ගොවිබිම් සඳහා කාලසටහන සහ ප්‍රදේශ අනුව ලබාදෙන ජල මුර ගැන සිංහල පැහැදිලි කිරීමක්.,"ගොඩක් අය අහන ප්‍රශ්නයක් වන ජල සැපයුම ගැන මෙහි පැහැදිලි කරනවා. අවසානයේ viewers ලාට නිල update බලලා තීරණ ගන්න කියනවා. ගොවිබිම් සඳහා කාලසටහන ගැන කථිකයා පියවරෙන් පියවර පැහැදිලි කරයි. මෙය external fact check එකක් නොව title, description සහ transcript එක එකිනෙකට ගැළපෙනවාද කියලා බලන උදාහරණයක්. වැදගත්ම දෙය නම් claim එකට transcript එක තුළ ප්‍රමාණවත් support තියෙනවාද කියලා පරීක්ෂා කිරීමයි.",Agriculture,Not False,Consistent,consistent,"Title, description, and transcript discuss the same subject and supported detail.",false,SYN00431,SYN00431,0.155,0.138,0.316,synthetic-agriculture-syn00431,new,,
SYNNEG00446,SYNNEG00446,https://synthetic.local/watch?v=SYNNEG00446,100% තහවුරුයි! අමාත්‍ය මණ්ඩලය ගැන official තීරණය එළියට,අමාත්‍ය මණ්ඩලය සම්බන්ධ නව තීරණ සහ මාධ්‍ය හමුවේ විස්තර ගැන සිංහල පැහැදිලි කිරීමක්.,"ගොඩක් අය අහන ප්‍රශ්නයක් වන අමාත්‍ය මණ්ඩලය ගැන මෙහි පැහැදිලි කරනවා. අවසානයේ viewers ලාට නිල update බලලා තීරණ ගන්න කියනවා. නව තීරණ ගැන කථිකයා පියවරෙන් පියවර පැහැදිලි කරයි. මෙය external fact check එකක් නොව title, description සහ transcript එක එකිනෙකට ගැළපෙනවාද කියලා බලන උදාහරණයක්. වැදගත්ම දෙය නම් claim එකට transcript එක තුළ ප්‍රමාණවත් support තියෙනවාද කියලා පරීක්ෂා කිරීමයි.",Politics,False,Inconsistent,title_transcript_mismatch,Title makes a stronger promise than the transcript supports.,true,SYN00467,SYN00477,0.067,0.113,0.167,synthetic-politics-synneg00446,new,,
SYNNEG00204,SYNNEG00204,https://synthetic.local/watch?v=SYNNEG00204,රජයේ allowance ගැන ලොකු වෙනසක්? සම්පූර්ණ update මෙන්න,රජයේ allowance සම්බන්ධ official අයදුම් ක්‍රමය සහ ලැබිය යුතු පවුල් කාණ්ඩ ගැන සිංහල පැහැදිලි කිරීමක්.,"අද වීඩියෝවෙන් අපි කතා කරන්නේ රජයේ allowance ගැනයි. මෙහිදී source ලෙස සඳහන් කරන්නේ ලැබිය යුතු පවුල් කාණ්ඩ යන්නයි. video එක පුරාම ප්‍රධාන අවධානය official අයදුම් ක්‍රමය මතම තියෙනවා. මෙය external fact check එකක් නොව title, description සහ transcript එක එකිනෙකට ගැළපෙනවාද කියලා බලන උදාහරණයක්. වැදගත්ම දෙය නම් claim එකට transcript එක තුළ ප්‍රමාණවත් support තියෙනවාද කියලා පරීක්ෂා කිරීමයි.",Government,False,Inconsistent,weak_support,Transcript mentions the topic but does not support the main promised claim.,true,SYN00045,SYN00055,0.031,0.175,0.136,synthetic-government-synneg00204,new,,
SYN00295,SYN00295,https://synthetic.local/watch?v=SYN00295,passport සේවාව ගැන official update - online booking update,passport සේවාව සම්බන්ධ online booking update සහ කාර්යාල වේලාවන් ගැන සිංහල පැහැදිලි කිරීමක්.,"මේ update එකේ ප්‍රධාන කරුණ passport සේවාව සම්බන්ධයෙන් ලැබුණු තොරතුරුයි. අවසානයේ viewers ලාට නිල update බලලා තීරණ ගන්න කියනවා. online booking update ගැන කථිකයා පියවරෙන් පියවර පැහැදිලි කරයි. මෙය external fact check එකක් නොව title, description සහ transcript එක එකිනෙකට ගැළපෙනවාද කියලා බලන උදාහරණයක්. වැදගත්ම දෙය නම් claim එකට transcript එක තුළ ප්‍රමාණවත් support තියෙනවාද කියලා පරීක්ෂා කිරීමයි.",Government,Not False,Consistent,consistent,"Title, description, and transcript discuss the same subject and supported detail.",false,SYN00295,SYN00295,0.143,0.148,0.467,synthetic-government-syn00295,new,,
SYNNEG00379,SYNNEG00379,https://synthetic.local/watch?v=SYNNEG00379,සුළි කුණාටු අවදානම සම්බන්ධ නව තීරණයක්ද? ජනතාව අහන ප්‍රශ්න,සුළි කුණාටු අවදානම සම්බන්ධ official forecast සහ මුහුදු ප්‍රදේශ අනතුරු ඇඟවීම ගැන සිංහල පැහැදිලි කිරීමක්.,"අද වීඩියෝවෙන් අපි කතා කරන්නේ සුළි කුණාටු අවදානම ගැනයි. official forecast ගැන කථිකයා පියවරෙන් පියවර පැහැදිලි කරයි. මෙහිදී source ලෙස සඳහන් කරන්නේ මුහුදු ප්‍රදේශ අනතුරු ඇඟවීම යන්නයි. මෙය external fact check එකක් නොව title, description සහ transcript එක එකිනෙකට ගැළපෙනවාද කියලා බලන උදාහරණයක්. වැදගත්ම දෙය නම් claim එකට transcript එක තුළ ප්‍රමාණවත් support තියෙනවාද කියලා පරීක්ෂා කිරීමයි.",Weather,False,Inconsistent,weak_support,Transcript mentions the topic but does not support the main promised claim.,true,SYN00300,SYN00310,0.063,0.217,0.238,synthetic-weather-synneg00379,new,,
SYN00213,SYN00213,https://synthetic.local/watch?v=SYN00213,ජනප්‍රිය ගායකයා ගැන official update - concert update,ජනප්‍රිය ගායකයා සම්බන්ධ concert update සහ ප්‍රවේශපත්‍ර සහ ස්ථානය ගැන සිංහල පැහැදිලි කිරීමක්.,"අද වීඩියෝවෙන් අපි කතා කරන්නේ ජනප්‍රිය ගායකයා ගැනයි. මෙහිදී source ලෙස සඳහන් කරන්නේ ප්‍රවේශපත්‍ර සහ ස්ථානය යන්නයි. video එක පුරාම ප්‍රධාන අවධානය concert update මතම තියෙනවා. මෙය external fact check එකක් නොව title, description සහ transcript එක එකිනෙකට ගැළපෙනවාද කියලා බලන උදාහරණයක්. වැදගත්ම දෙය නම් claim එකට transcript එක තුළ ප්‍රමාණවත් support තියෙනවාද කියලා පරීක්ෂා කිරීමයි.",Entertainment,Not False,Consistent,consistent,"Title, description, and transcript discuss the same subject and supported detail.",false,SYN00213,SYN00213,0.103,0.164,0.438,synthetic-entertainment-syn00213,new,,
SYNNEG00419,SYNNEG00419,https://synthetic.local/watch?v=SYNNEG00419,උෂ්ණත්වය ගැන හදිසි warning එකක්ද? අද තත්ත්වය,උෂ්ණත්වය සම්බන්ධ අද දවසේ වෙනස්වීම් සහ සෞඛ්‍ය උපදෙස් ගැන සිංහල පැහැදිලි කිරීමක්.,"ගොඩක් අය අහන ප්‍රශ්නයක් වන උෂ්ණත්වය ගැන මෙහි පැහැදිලි කරනවා. අද දවසේ වෙනස්වීම් ගැන කථිකයා පියවරෙන් පියවර පැහැදිලි කරයි. මෙහිදී source ලෙස සඳහන් කරන්නේ සෞඛ්‍ය උපදෙස් යන්නයි. මෙය external fact check එකක් නොව title, description සහ transcript එක එකිනෙකට ගැළපෙනවාද කියලා බලන උදාහරණයක්. වැදගත්ම දෙය නම් claim එකට transcript එක තුළ ප්‍රමාණවත් support තියෙනවාද කියලා පරීක්ෂා කිරීමයි.",Weather,False,Inconsistent,weak_support,Transcript mentions the topic but does not support the main promised claim.,true,SYN00200,SYN00210,0.049,0.153,0.176,synthetic-weather-synneg00419,new,,
SYN00038,SYN00038,https://synthetic.local/watch?v=SYN00038,ආගමික උත්සවය ගැන official update - ගමනාගමන සැලැස්ම,ආගමික උත්සවය සම්බන්ධ ගමනාගමන සැලැස්ම සහ පොලීසියේ දැනුම්දීම ගැන සිංහල පැහැදිලි කිරීමක්.,"ගොඩක් අය අහන ප්‍රශ්නයක් වන ආගමික උත්සවය ගැන මෙහි පැහැදිලි කරනවා. video එක පුරාම ප්‍රධාන අවධානය ගමනාගමන සැලැස්ම මතම තියෙනවා. අවසානයේ viewers ලාට නිල update බලලා තීරණ ගන්න කියනවා. මෙය external fact check එකක් නොව title, description සහ transcript එක එකිනෙකට ගැළපෙනවාද කියලා බලන උදාහරණයක්. වැදගත්ම දෙය නම් claim එකට transcript එක තුළ ප්‍රමාණවත් support තියෙනවාද කියලා පරීක්ෂා කිරීමයි.",Religion,Not False,Consistent,consistent,"Title, description, and transcript discuss the same subject and supported detail.",false,SYN00038,SYN00038,0.136,0.109,0.333,synthetic-religion-syn00038,new,,
SYNNEG00361,SYNNEG00361,https://synthetic.local/watch?v=SYNNEG00361,දැන්ම බලන්න! ශිෂ්‍යත්ව exam නිසා ලංකාවම කම්පා වෙයි,ශිෂ්‍යත්ව exam සම්බන්ධ අයදුම්පත් දිනය සහ පාසල් මට්ටමේ දැනුම්දීම් ගැන සිංහල පැහැදිලි කිරීමක්.,"මේ update එකේ ප්‍රධාන කරුණ ශිෂ්‍යත්ව exam සම්බන්ධයෙන් ලැබුණු තොරතුරුයි. අයදුම්පත් දිනය ගැන කථිකයා පියවරෙන් පියවර පැහැදිලි කරයි. මෙහිදී source ලෙස සඳහන් කරන්නේ පාසල් මට්ටමේ දැනුම්දීම් යන්නයි. මෙය external fact check එකක් නොව title, description සහ transcript එක එකිනෙකට ගැළපෙනවාද කියලා බලන උදාහරණයක්. වැදගත්ම දෙය නම් claim එකට transcript එක තුළ ප්‍රමාණවත් support තියෙනවාද කියලා පරීක්ෂා කිරීමයි.",Education,False,Inconsistent,title_transcript_mismatch,Title makes a stronger promise than the transcript supports.,true,SYN00112,SYN00122,0.046,0.177,0.150,synthetic-education-synneg00361,new,,
SYNNEG00399,SYNNEG00399,https://synthetic.local/watch?v=SYNNEG00399,සුළි කුණාටු අවදානම ගැන ලොකු වෙනසක්? සම්පූර්ණ update මෙන්න,සුළි කුණාටු අවදානම සම්බන්ධ official forecast සහ මුහුදු ප්‍රදේශ අනතුරු ඇඟවීම ගැන සිංහල පැහැදිලි කිරීමක්.,"ගොඩක් අය අහන ප්‍රශ්නයක් වන සුළි කුණාටු අවදානම ගැන මෙහි පැහැදිලි කරනවා. official forecast ගැන කථිකයා පියවරෙන් පියවර පැහැදිලි කරයි. මෙහිදී source ලෙස සඳහන් කරන්නේ මුහුදු ප්‍රදේශ අනතුරු ඇඟවීම යන්නයි. මෙය external fact check එකක් නොව title, description සහ transcript එක එකිනෙකට ගැළපෙනවාද කියලා බලන උදාහරණයක්. වැදගත්ම දෙය නම් claim එකට transcript එක තුළ ප්‍රමාණවත් support තියෙනවාද කියලා පරීක්ෂා කිරීමයි.",Weather,False,Inconsistent,weak_support,Transcript mentions the topic but does not support the main promised claim.,true,SYN00500,SYN00010,0.062,0.210,0.182,synthetic-weather-synneg00399,new,,
SYN00126,SYN00126,https://synthetic.local/watch?v=SYN00126,vaccine update ගැන official update - රෝහල් ලබාදෙන දිනය,vaccine update සම්බන්ධ රෝහල් ලබාදෙන දිනය සහ වෛද්‍යවරයාගේ උපදෙස් ගැන සිංහල පැහැදිලි කිරීමක්.,"අද වීඩියෝවෙන් අපි කතා කරන්නේ vaccine update ගැනයි. video එක පුරාම ප්‍රධාන අවධානය රෝහල් ලබාදෙන දිනය මතම තියෙනවා. අවසානයේ viewers ලාට නිල update බලලා තීරණ ගන්න කියනවා. මෙය external fact check එකක් නොව title, description සහ transcript එක එකිනෙකට ගැළපෙනවාද කියලා බලන උදාහරණයක්. වැදගත්ම දෙය නම් claim එකට transcript එක තුළ ප්‍රමාණවත් support තියෙනවාද කියලා පරීක්ෂා කිරීමයි.",Health,Not False,Consistent,consistent,"Title, description, and transcript discuss the same subject and supported detail.",false,SYN00126,SYN00126,0.123,0.109,0.438,synthetic-health-syn00126,new,,
SYN00024,SYN00024,https://synthetic.local/watch?v=SYN00024,crypto investment ගැන official update - අවදානම් සහ වාසි,crypto investment සම්බන්ධ අවදානම් සහ වාසි සහ මුදල් උපදේශකගේ පැහැදිලි කිරීම ගැන සිංහල පැහැදිලි කිරීමක්.,"අද වීඩියෝවෙන් අපි කතා කරන්නේ crypto investment ගැනයි. අවදානම් සහ වාසි ගැන කථිකයා පියවරෙන් පියවර පැහැදිලි කරයි. මෙහිදී source ලෙස සඳහන් කරන්නේ මුදල් උපදේශකගේ පැහැදිලි කිරීම යන්නයි. මෙය external fact check එකක් නොව title, description සහ transcript එක එකිනෙකට ගැළපෙනවාද කියලා බලන උදාහරණයක්. වැදගත්ම දෙය නම් claim එකට transcript එක තුළ ප්‍රමාණවත් support තියෙනවාද කියලා පරීක්ෂා කිරීමයි.",Finance,Not False,Consistent,consistent,"Title, description, and transcript discuss the same subject and supported detail.",false,SYN00024,SYN00024,0.138,0.186,0.500,synthetic-finance-syn00024,new,,
SYNNEG00340,SYNNEG00340,https://synthetic.local/watch?v=SYNNEG00340,වී වගාව ගැන official update - පොහොර සහනාධාරය,වී වගාව සම්බන්ධ පොහොර සහනාධාරය සහ කෘෂිකර්ම නිලධාරීන්ගේ උපදෙස් ගැන සිංහල පැහැදිලි කිරීමක්.,"අද වීඩියෝවෙන් අපි කතා කරන්නේ තේ වගාව ගැනයි. අවසානයේ viewers ලාට නිල update බලලා තීරණ ගන්න කියනවා. නව රෝග පාලන ක්‍රම ගැන කථිකයා පියවරෙන් පියවර පැහැදිලි කරයි. මෙය external fact check එකක් නොව title, description සහ transcript එක එකිනෙකට ගැළපෙනවාද කියලා බලන උදාහරණයක්. වැදගත්ම දෙය නම් claim එකට transcript එක තුළ ප්‍රමාණවත් support තියෙනවාද කියලා පරීක්ෂා කිරීමයි.",Agriculture,False,Inconsistent,same_topic_swap,Same-topic hard negative: metadata and transcript are from different synthetic videos.,true,SYN00401,SYN00411,0.081,0.059,0.312,synthetic-agriculture-synneg00340,new,,
SYNNEG00477,SYNNEG00477,https://synthetic.local/watch?v=SYNNEG00477,ආගමික උත්සවය ගැන official update - ගමනාගමන සැලැස්ම,"ආගමික උත්සවය ගැන සියලු official ලේඛන, නම් ලැයිස්තු, දිනයන් සහ රහස් තොරතුරු transcript එකේ සම්පූර්ණයෙන් ඇති බව කියයි.","ගොඩක් අය අහන ප්‍රශ්නයක් වන ආගමික උත්සවය ගැන මෙහි පැහැදිලි කරනවා. video එක පුරාම ප්‍රධාන අවධානය ගමනාගමන සැලැස්ම මතම තියෙනවා. අවසානයේ viewers ලාට නිල update බලලා තීරණ ගන්න කියනවා. මෙය external fact check එකක් නොව title, description සහ transcript එක එකිනෙකට ගැළපෙනවාද කියලා බලන උදාහරණයක්. වැදගත්ම දෙය නම් claim එකට transcript එක තුළ ප්‍රමාණවත් support තියෙනවාද කියලා පරීක්ෂා කිරීමයි.",Religion,False,Inconsistent,description_transcript_mismatch,Description promises detailed evidence that the transcript does not contain.,true,SYN00278,SYN00288,0.136,0.100,0.182,synthetic-religion-synneg00477,new,,
SYN00102,SYN00102,https://synthetic.local/watch?v=SYN00102,විශ්වවිද්‍යාල ප්‍රවේශය ගැන official update - නව cut-off ලකුණු,විශ්වවිද්‍යාල ප්‍රවේශය සම්බන්ධ නව cut-off ලකුණු සහ අයදුම්කරුවන්ට උපදෙස් ගැන සිංහල පැහැදිලි කිරීමක්.,"අද වීඩියෝවෙන් අපි කතා කරන්නේ විශ්වවිද්‍යාල ප්‍රවේශය ගැනයි. video එක පුරාම ප්‍රධාන අවධානය නව cut-off ලකුණු මතම තියෙනවා. අවසානයේ viewers ලාට නිල update බලලා තීරණ ගන්න කියනවා. මෙය external fact check එකක් නොව title, description සහ transcript එක එකිනෙකට ගැළපෙනවාද කියලා බලන උදාහරණයක්. වැදගත්ම දෙය නම් claim එකට transcript එක තුළ ප්‍රමාණවත් support තියෙනවාද කියලා පරීක්ෂා කිරීමයි.",Education,Not False,Consistent,consistent,"Title, description, and transcript discuss the same subject and supported detail.",false,SYN00102,SYN00102,0.183,0.136,0.474,synthetic-education-syn00102,new,,
SYN00116,SYN00116,https://synthetic.local/watch?v=SYN00116,medicine shortage ගැන official update - රෝහල් තත්ත්වය,medicine shortage සම්බන්ධ රෝහල් තත්ත්වය සහ නිල සැපයුම් update ගැන සිංහල පැහැදිලි කිරීමක්.,"ගොඩක් අය අහන ප්‍රශ්නයක් වන medicine shortage ගැන මෙහි පැහැදිලි කරනවා. රෝහල් තත්ත්වය ගැන කථිකයා පියවරෙන් පියවර පැහැදිලි කරයි. මෙහිදී source ලෙස සඳහන් කරන්නේ නිල සැපයුම් update යන්නයි. මෙය external fact check එකක් නොව title, description සහ transcript එක එකිනෙකට ගැළපෙනවාද කියලා බලන උදාහරණයක්. වැදගත්ම දෙය නම් claim එකට transcript එක තුළ ප්‍රමාණවත් support තියෙනවාද කියලා පරීක්ෂා කිරීමයි.",Health,Not False,Consistent,consistent,"Title, description, and transcript discuss the same subject and supported detail.",false,SYN00116,SYN00116,0.138,0.180,0.571,synthetic-health-syn00116,new,,
SYN00436,SYN00436,https://synthetic.local/watch?v=SYN00436,medicine shortage ගැන official update - රෝහල් තත්ත්වය,medicine shortage සම්බන්ධ රෝහල් තත්ත්වය සහ නිල සැපයුම් update ගැන සිංහල පැහැදිලි කිරීමක්.,"මේ update එකේ ප්‍රධාන කරුණ medicine shortage සම්බන්ධයෙන් ලැබුණු තොරතුරුයි. රෝහල් තත්ත්වය ගැන කථිකයා පියවරෙන් පියවර පැහැදිලි කරයි. මෙහිදී source ලෙස සඳහන් කරන්නේ නිල සැපයුම් update යන්නයි. මෙය external fact check එකක් නොව title, description සහ transcript එක එකිනෙකට ගැළපෙනවාද කියලා බලන උදාහරණයක්. වැදගත්ම දෙය නම් claim එකට transcript එක තුළ ප්‍රමාණවත් support තියෙනවාද කියලා පරීක්ෂා කිරීමයි.",Health,Not False,Consistent,consistent,"Title, description, and transcript discuss the same subject and supported detail.",false,SYN00436,SYN00436,0.140,0.183,0.571,synthetic-health-syn00436,new,,
SYNNEG00451,SYNNEG00451,https://synthetic.local/watch?v=SYNNEG00451,ඔවුන් මේක සඟවනවා! පාසල් නිවාඩු ගැන සම්පූර්ණ ඇත්ත,පාසල් නිවාඩු සම්බන්ධ කාලසටහන් වෙනස්වීම සහ අධ්‍යාපන අමාත්‍යාංශ update ගැන සිංහල පැහැදිලි කිරීමක්.,"අද වීඩියෝවෙන් අපි කතා කරන්නේ පාසල් නිවාඩු ගැනයි. කාලසටහන් වෙනස්වීම ගැන කථිකයා පියවරෙන් පියවර පැහැදිලි කරයි. මෙහිදී source ලෙස සඳහන් කරන්නේ අධ්‍යාපන අමාත්‍යාංශ update යන්නයි. මෙය external fact check එකක් නොව title, description සහ transcript එක එකිනෙකට ගැළපෙනවාද කියලා බලන උදාහරණයක්. වැදගත්ම දෙය නම් claim එකට transcript එක තුළ ප්‍රමාණවත් support තියෙනවාද කියලා පරීක්ෂා කිරීමයි.",Education,False,Inconsistent,title_transcript_mismatch,Title makes a stronger promise than the transcript supports.,true,SYN00012,SYN00022,0.048,0.213,0.143,synthetic-education-synneg00451,new,,
SYN00121,SYN00121,https://synthetic.local/watch?v=SYN00121,වී වගාව ගැන official update - පොහොර සහනාධාරය,වී වගාව සම්බන්ධ පොහොර සහනාධාරය සහ කෘෂිකර්ම නිලධාරීන්ගේ උපදෙස් ගැන සිංහල පැහැදිලි කිරීමක්.,"මේ update එකේ ප්‍රධාන කරුණ වී වගාව සම්බන්ධයෙන් ලැබුණු තොරතුරුයි. මෙහිදී source ලෙස සඳහන් කරන්නේ කෘෂිකර්ම නිලධාරීන්ගේ උපදෙස් යන්නයි. video එක පුරාම ප්‍රධාන අවධානය පොහොර සහනාධාරය මතම තියෙනවා. මෙය external fact check එකක් නොව title, description සහ transcript එක එකිනෙකට ගැළපෙනවාද කියලා බලන උදාහරණයක්. වැදගත්ම දෙය නම් claim එකට transcript එක තුළ ප්‍රමාණවත් support තියෙනවාද කියලා පරීක්ෂා කිරීමයි.",Agriculture,Not False,Consistent,consistent,"Title, description, and transcript discuss the same subject and supported detail.",false,SYN00121,SYN00121,0.102,0.129,0.312,synthetic-agriculture-syn00121,new,,
SYN00385,SYN00385,https://synthetic.local/watch?v=SYN00385,gazette නිවේදනය ගැන official update - නව නියමයන්,gazette නිවේදනය සම්බන්ධ නව නියමයන් සහ අදාළ දිනය සහ බලපෑම ගැන සිංහල පැහැදිලි කිරීමක්.,"මේ update එකේ ප්‍රධාන කරුණ gazette නිවේදනය සම්බන්ධයෙන් ලැබුණු තොරතුරුයි. මෙහිදී source ලෙස සඳහන් කරන්නේ අදාළ දිනය සහ බලපෑම යන්නයි. video එක පුරාම ප්‍රධාන අවධානය නව නියමයන් මතම තියෙනවා. මෙය external fact check එකක් නොව title, description සහ transcript එක එකිනෙකට ගැළපෙනවාද කියලා බලන උදාහරණයක්. වැදගත්ම දෙය නම් claim එකට transcript එක තුළ ප්‍රමාණවත් support තියෙනවාද කියලා පරීක්ෂා කිරීමයි.",Government,Not False,Consistent,consistent,"Title, description, and transcript discuss the same subject and supported detail.",false,SYN00385,SYN00385,0.102,0.129,0.312,synthetic-government-syn00385,new,,
SYN00048,SYN00048,https://synthetic.local/watch?v=SYN00048,පොහොය වැඩසටහන ගැන official update - පන්සල් කාලසටහන,පොහොය වැඩසටහන සම්බන්ධ පන්සල් කාලසටහන සහ දායකයින්ට දැනුම්දීම ගැන සිංහල පැහැදිලි කිරීමක්.,"අද වීඩියෝවෙන් අපි කතා කරන්නේ පොහොය වැඩසටහන ගැනයි. පන්සල් කාලසටහන ගැන කථිකයා පියවරෙන් පියවර පැහැදිලි කරයි. මෙහිදී source ලෙස සඳහන් කරන්නේ දායකයින්ට දැනුම්දීම යන්නයි. මෙය external fact check එකක් නොව title, description සහ transcript එක එකිනෙකට ගැළපෙනවාද කියලා බලන උදාහරණයක්. වැදගත්ම දෙය නම් claim එකට transcript එක තුළ ප්‍රමාණවත් support තියෙනවාද කියලා පරීක්ෂා කිරීමයි.",Religion,Not False,Consistent,consistent,"Title, description, and transcript discuss the same subject and supported detail.",false,SYN00048,SYN00048,0.088,0.158,0.333,synthetic-religion-syn00048,new,,
SYN00172,SYN00172,https://synthetic.local/watch?v=SYN00172,පාසල් නිවාඩු ගැන official update - කාලසටහන් වෙනස්වීම,පාසල් නිවාඩු සම්බන්ධ කාලසටහන් වෙනස්වීම සහ අධ්‍යාපන අමාත්‍යාංශ update ගැන සිංහල පැහැදිලි කිරීමක්.,"මේ update එකේ ප්‍රධාන කරුණ පාසල් නිවාඩු සම්බන්ධයෙන් ලැබුණු තොරතුරුයි. කාලසටහන් වෙනස්වීම ගැන කථිකයා පියවරෙන් පියවර පැහැදිලි කරයි. මෙහිදී source ලෙස සඳහන් කරන්නේ අධ්‍යාපන අමාත්‍යාංශ update යන්නයි. මෙය external fact check එකක් නොව title, description සහ transcript එක එකිනෙකට ගැළපෙනවාද කියලා බලන උදාහරණයක්. වැදගත්ම දෙය නම් claim එකට transcript එක තුළ ප්‍රමාණවත් support තියෙනවාද කියලා පරීක්ෂා කිරීමයි.",Education,Not False,Consistent,consistent,"Title, description, and transcript discuss the same subject and supported detail.",false,SYN00172,SYN00172,0.117,0.210,0.412,synthetic-education-syn00172,new,,
SYN00318,SYN00318,https://synthetic.local/watch?v=SYN00318,ආගමික උත්සවය ගැන official update - ගමනාගමන සැලැස්ම,ආගමික උත්සවය සම්බන්ධ ගමනාගමන සැලැස්ම සහ පොලීසියේ දැනුම්දීම ගැන සිංහල පැහැදිලි කිරීමක්.,"අද වීඩියෝවෙන් අපි කතා කරන්නේ ආගමික උත්සවය ගැනයි. video එක පුරාම ප්‍රධාන අවධානය ගමනාගමන සැලැස්ම මතම තියෙනවා. අවසානයේ viewers ලාට නිල update බලලා තීරණ ගන්න කියනවා. මෙය external fact check එකක් නොව title, description සහ transcript එක එකිනෙකට ගැළපෙනවාද කියලා බලන උදාහරණයක්. වැදගත්ම දෙය නම් claim එකට transcript එක තුළ ප්‍රමාණවත් support තියෙනවාද කියලා පරීක්ෂා කිරීමයි.",Religion,Not False,Consistent,consistent,"Title, description, and transcript discuss the same subject and supported detail.",false,SYN00318,SYN00318,0.123,0.079,0.333,synthetic-religion-syn00318,new,,
SYN00325,SYN00325,https://synthetic.local/watch?v=SYN00325,රජයේ allowance ගැන official update - official අයදුම් ක්‍රමය,රජයේ allowance සම්බන්ධ official අයදුම් ක්‍රමය සහ ලැබිය යුතු පවුල් කාණ්ඩ ගැන සිංහල පැහැදිලි කිරීමක්.,"මේ update එකේ ප්‍රධාන කරුණ රජයේ allowance සම්බන්ධයෙන් ලැබුණු තොරතුරුයි. මෙහිදී source ලෙස සඳහන් කරන්නේ ලැබිය යුතු පවුල් කාණ්ඩ යන්නයි. video එක පුරාම ප්‍රධාන අවධානය official අයදුම් ක්‍රමය මතම තියෙනවා. මෙය external fact check එකක් නොව title, description සහ transcript එක එකිනෙකට ගැළපෙනවාද කියලා බලන උදාහරණයක්. වැදගත්ම දෙය නම් claim එකට transcript එක තුළ ප්‍රමාණවත් support තියෙනවාද කියලා පරීක්ෂා කිරීමයි.",Government,Not False,Consistent,consistent,"Title, description, and transcript discuss the same subject and supported detail.",false,SYN00325,SYN00325,0.131,0.169,0.389,synthetic-government-syn00325,new,,
SYNNEG00381,SYNNEG00381,https://synthetic.local/watch?v=SYNNEG00381,දැන්ම බලන්න! ශිෂ්‍යත්ව exam නිසා ලංකාවම කම්පා වෙයි,ශිෂ්‍යත්ව exam සම්බන්ධ අයදුම්පත් දිනය සහ පාසල් මට්ටමේ දැනුම්දීම් ගැන සිංහල පැහැදිලි කිරීමක්.,"අද වීඩියෝවෙන් අපි කතා කරන්නේ ශිෂ්‍යත්ව exam ගැනයි. අයදුම්පත් දිනය ගැන කථිකයා පියවරෙන් පියවර පැහැදිලි කරයි. මෙහිදී source ලෙස සඳහන් කරන්නේ පාසල් මට්ටමේ දැනුම්දීම් යන්නයි. මෙය external fact check එකක් නොව title, description සහ transcript එක එකිනෙකට ගැළපෙනවාද කියලා බලන උදාහරණයක්. වැදගත්ම දෙය නම් claim එකට transcript එක තුළ ප්‍රමාණවත් support තියෙනවාද කියලා පරීක්ෂා කිරීමයි.",Education,False,Inconsistent,title_transcript_mismatch,Title makes a stronger promise than the transcript supports.,true,SYN00312,SYN00322,0.048,0.186,0.150,synthetic-education-synneg00381,new,,
SYN00264,SYN00264,https://synthetic.local/watch?v=SYN00264,crypto investment ගැන official update - අවදානම් සහ වාසි,crypto investment සම්බන්ධ අවදානම් සහ වාසි සහ මුදල් උපදේශකගේ පැහැදිලි කිරීම ගැන සිංහල පැහැදිලි කිරීමක්.,"අද වීඩියෝවෙන් අපි කතා කරන්නේ crypto investment ගැනයි. අවදානම් සහ වාසි ගැන කථිකයා පියවරෙන් පියවර පැහැදිලි කරයි. මෙහිදී source ලෙස සඳහන් කරන්නේ මුදල් උපදේශකගේ පැහැදිලි කිරීම යන්නයි. මෙය external fact check එකක් නොව title, description සහ transcript එක එකිනෙකට ගැළපෙනවාද කියලා බලන උදාහරණයක්. වැදගත්ම දෙය නම් claim එකට transcript එක තුළ ප්‍රමාණවත් support තියෙනවාද කියලා පරීක්ෂා කිරීමයි.",Finance,Not False,Consistent,consistent,"Title, description, and transcript discuss the same subject and supported detail.",false,SYN00264,SYN00264,0.138,0.186,0.500,synthetic-finance-syn00264,new,,
SYN00146,SYN00146,https://synthetic.local/watch?v=SYN00146,උණ රෝගය ගැන official update - ලක්ෂණ සහ ප්‍රතිකාර,උණ රෝගය සම්බන්ධ ලක්ෂණ සහ ප්‍රතිකාර සහ සෞඛ්‍ය අංශ අනතුරු ඇඟවීම ගැන සිංහල පැහැදිලි කිරීමක්.,"ගොඩක් අය අහන ප්‍රශ්නයක් වන උණ රෝගය ගැන මෙහි පැහැදිලි කරනවා. video එක පුරාම ප්‍රධාන අවධානය ලක්ෂණ සහ ප්‍රතිකාර මතම තියෙනවා. අවසානයේ viewers ලාට නිල update බලලා තීරණ ගන්න කියනවා. මෙය external fact check එකක් නොව title, description සහ transcript එක එකිනෙකට ගැළපෙනවාද කියලා බලන උදාහරණයක්. වැදගත්ම දෙය නම් claim එකට transcript එක තුළ ප්‍රමාණවත් support තියෙනවාද කියලා පරීක්ෂා කිරීමයි.",Health,Not False,Consistent,consistent,"Title, description, and transcript discuss the same subject and supported detail.",false,SYN00146,SYN00146,0.169,0.121,0.389,synthetic-health-syn00146,new,,
SYN00044,SYN00044,https://synthetic.local/watch?v=SYN00044,බැංකු loan ගැන official update - පොලී අනුපාත update,බැංකු loan සම්බන්ධ පොලී අනුපාත update සහ අයදුම් කිරීමේ කොන්දේසි ගැන සිංහල පැහැදිලි කිරීමක්.,"ගොඩක් අය අහන ප්‍රශ්නයක් වන බැංකු loan ගැන මෙහි පැහැදිලි කරනවා. පොලී අනුපාත update ගැන කථිකයා පියවරෙන් පියවර පැහැදිලි කරයි. මෙහිදී source ලෙස සඳහන් කරන්නේ අයදුම් කිරීමේ කොන්දේසි යන්නයි. මෙය external fact check එකක් නොව title, description සහ transcript එක එකිනෙකට ගැළපෙනවාද කියලා බලන උදාහරණයක්. වැදගත්ම දෙය නම් claim එකට transcript එක තුළ ප්‍රමාණවත් support තියෙනවාද කියලා පරීක්ෂා කිරීමයි.",Finance,Not False,Consistent,consistent,"Title, description, and transcript discuss the same subject and supported detail.",false,SYN00044,SYN00044,0.117,0.194,0.438,synthetic-finance-syn00044,new,,
SYNNEG00005,SYNNEG00005,https://synthetic.local/watch?v=SYNNEG00005,දියවැඩියාව ගැන official update - ආහාර පාලන ක්‍රම,දියවැඩියාව සම්බන්ධ ආහාර පාලන ක්‍රම සහ doctor පැහැදිලි කිරීම ගැන සිංහල පැහැදිලි කිරීමක්.,"අද වීඩියෝවෙන් අපි කතා කරන්නේ උණ රෝගය ගැනයි. video එක පුරාම ප්‍රධාන අවධානය ලක්ෂණ සහ ප්‍රතිකාර මතම තියෙනවා. අවසානයේ viewers ලාට නිල update බලලා තීරණ ගන්න කියනවා. මෙය external fact check එකක් නොව title, description සහ transcript එක එකිනෙකට ගැළපෙනවාද කියලා බලන උදාහරණයක්. වැදගත්ම දෙය නම් claim එකට transcript එක තුළ ප්‍රමාණවත් support තියෙනවාද කියලා පරීක්ෂා කිරීමයි.",Health,False,Inconsistent,same_topic_swap,Same-topic hard negative: metadata and transcript are from different synthetic videos.,true,SYN00056,SYN00066,0.048,0.029,0.438,synthetic-health-synneg00005,new,,
SYN00087,SYN00087,https://synthetic.local/watch?v=SYN00087,පාර්ලිමේන්තු විවාදය ගැන official update - අද තීරණය,පාර්ලිමේන්තු විවාදය සම්බන්ධ අද තීරණය සහ මන්ත්‍රීවරුන්ගේ අදහස් ගැන සිංහල පැහැදිලි කිරීමක්.,"අද වීඩියෝවෙන් අපි කතා කරන්නේ පාර්ලිමේන්තු විවාදය ගැනයි. අවසානයේ viewers ලාට නිල update බලලා තීරණ ගන්න කියනවා. අද තීරණය ගැන කථිකයා පියවරෙන් පියවර පැහැදිලි කරයි. මෙය external fact check එකක් නොව title, description සහ transcript එක එකිනෙකට ගැළපෙනවාද කියලා බලන උදාහරණයක්. වැදගත්ම දෙය නම් claim එකට transcript එක තුළ ප්‍රමාණවත් support තියෙනවාද කියලා පරීක්ෂා කිරීමයි.",Politics,Not False,Consistent,consistent,"Title, description, and transcript discuss the same subject and supported detail.",false,SYN00087,SYN00087,0.145,0.115,0.312,synthetic-politics-syn00087,new,,
SYN00377,SYN00377,https://synthetic.local/watch?v=SYN00377,election update ගැන official update - ඡන්ද දිනය ගැන පැහැදිලි කිරීම,election update සම්බන්ධ ඡන්ද දිනය ගැන පැහැදිලි කිරීම සහ කොමිසමේ නිවේදනය ගැන සිංහල පැහැදිලි කිරීමක්.,"ගොඩක් අය අහන ප්‍රශ්නයක් වන election update ගැන මෙහි පැහැදිලි කරනවා. මෙහිදී source ලෙස සඳහන් කරන්නේ කොමිසමේ නිවේදනය යන්නයි. video එක පුරාම ප්‍රධාන අවධානය ඡන්ද දිනය ගැන පැහැදිලි කිරීම මතම තියෙනවා. මෙය external fact check එකක් නොව title, description සහ transcript එක එකිනෙකට ගැළපෙනවාද කියලා බලන උදාහරණයක්. වැදගත්ම දෙය නම් claim එකට transcript එක තුළ ප්‍රමාණවත් support තියෙනවාද කියලා පරීක්ෂා කිරීමයි.",Politics,Not False,Consistent,consistent,"Title, description, and transcript discuss the same subject and supported detail.",false,SYN00377,SYN00377,0.117,0.161,0.500,synthetic-politics-syn00377,new,,
SYNNEG00031,SYNNEG00031,https://synthetic.local/watch?v=SYNNEG00031,ඔවුන් මේක සඟවනවා! ශිෂ්‍යත්ව exam ගැන සම්පූර්ණ ඇත්ත,ශිෂ්‍යත්ව exam සම්බන්ධ අයදුම්පත් දිනය සහ පාසල් මට්ටමේ දැනුම්දීම් ගැන සිංහල පැහැදිලි කිරීමක්.,"අද වීඩියෝවෙන් අපි කතා කරන්නේ ශිෂ්‍යත්ව exam ගැනයි. අයදුම්පත් දිනය ගැන කථිකයා පියවරෙන් පියවර පැහැදිලි කරයි. මෙහිදී source ලෙස සඳහන් කරන්නේ පාසල් මට්ටමේ දැනුම්දීම් යන්නයි. මෙය external fact check එකක් නොව title, description සහ transcript එක එකිනෙකට ගැළපෙනවාද කියලා බලන උදාහරණයක්. වැදගත්ම දෙය නම් claim එකට transcript එක තුළ ප්‍රමාණවත් support තියෙනවාද කියලා පරීක්ෂා කිරීමයි.",Education,False,Inconsistent,title_transcript_mismatch,Title makes a stronger promise than the transcript supports.,true,SYN00312,SYN00322,0.066,0.186,0.211,synthetic-education-synneg00031,new,,
SYNNEG00485,SYNNEG00485,https://synthetic.local/watch?v=SYNNEG00485,medicine shortage ගැන official update - රෝහල් තත්ත්වය,medicine shortage සම්බන්ධ රෝහල් තත්ත්වය සහ නිල සැපයුම් update ගැන සිංහල පැහැදිලි කිරීමක්.,"අද වීඩියෝවෙන් අපි කතා කරන්නේ vaccine update ගැනයි. video එක පුරාම ප්‍රධාන අවධානය රෝහල් ලබාදෙන දිනය මතම තියෙනවා. අවසානයේ viewers ලාට නිල update බලලා තීරණ ගන්න කියනවා. මෙය external fact check එකක් නොව title, description සහ transcript එක එකිනෙකට ගැළපෙනවාද කියලා බලන උදාහරණයක්. වැදගත්ම දෙය නම් claim එකට transcript එක තුළ ප්‍රමාණවත් support තියෙනවාද කියලා පරීක්ෂා කිරීමයි.",Health,False,Inconsistent,same_topic_swap,Same-topic hard negative: metadata and transcript are from different synthetic videos.,true,SYN00356,SYN00366,0.067,0.077,0.571,synthetic-health-synneg00485,new,,
SYNNEG00352,SYNNEG00352,https://synthetic.local/watch?v=SYNNEG00352,ටෙලි නාට්‍යය ගැන official update - අලුත් episode,"ටෙලි නාට්‍යය ගැන සියලු official ලේඛන, නම් ලැයිස්තු, දිනයන් සහ රහස් තොරතුරු transcript එකේ සම්පූර්ණයෙන් ඇති බව කියයි.","ගොඩක් අය අහන ප්‍රශ්නයක් වන ටෙලි නාට්‍යය ගැන මෙහි පැහැදිලි කරනවා. අවසානයේ viewers ලාට නිල update බලලා තීරණ ගන්න කියනවා. අලුත් episode ගැන කථිකයා පියවරෙන් පියවර පැහැදිලි කරයි. මෙය external fact check එකක් නොව title, description සහ transcript එක එකිනෙකට ගැළපෙනවාද කියලා බලන උදාහරණයක්. වැදගත්ම දෙය නම් claim එකට transcript එක තුළ ප්‍රමාණවත් support තියෙනවාද කියලා පරීක්ෂා කිරීමයි.",Entertainment,False,Inconsistent,description_transcript_mismatch,Description promises detailed evidence that the transcript does not contain.,true,SYN00023,SYN00033,0.155,0.116,0.217,synthetic-entertainment-synneg00352,new,,
SYN00346,SYN00346,https://synthetic.local/watch?v=SYN00346,උණ රෝගය ගැන official update - ලක්ෂණ සහ ප්‍රතිකාර,උණ රෝගය සම්බන්ධ ලක්ෂණ සහ ප්‍රතිකාර සහ සෞඛ්‍ය අංශ අනතුරු ඇඟවීම ගැන සිංහල පැහැදිලි කිරීමක්.,"මේ update එකේ ප්‍රධාන කරුණ උණ රෝගය සම්බන්ධයෙන් ලැබුණු තොරතුරුයි. video එක පුරාම ප්‍රධාන අවධානය ලක්ෂණ සහ ප්‍රතිකාර මතම තියෙනවා. අවසානයේ viewers ලාට නිල update බලලා තීරණ ගන්න කියනවා. මෙය external fact check එකක් නොව title, description සහ transcript එක එකිනෙකට ගැළපෙනවාද කියලා බලන උදාහරණයක්. වැදගත්ම දෙය නම් claim එකට transcript එක තුළ ප්‍රමාණවත් support තියෙනවාද කියලා පරීක්ෂා කිරීමයි.",Health,Not False,Consistent,consistent,"Title, description, and transcript discuss the same subject and supported detail.",false,SYN00346,SYN00346,0.161,0.094,0.389,synthetic-health-syn00346,new,,
SYN00404,SYN00404,https://synthetic.local/watch?v=SYN00404,බැංකු loan ගැන official update - පොලී අනුපාත update,බැංකු loan සම්බන්ධ පොලී අනුපාත update සහ අයදුම් කිරීමේ කොන්දේසි ගැන සිංහල පැහැදිලි කිරීමක්.,"ගොඩක් අය අහන ප්‍රශ්නයක් වන බැංකු loan ගැන මෙහි පැහැදිලි කරනවා. පොලී අනුපාත update ගැන කථිකයා පියවරෙන් පියවර පැහැදිලි කරයි. මෙහිදී source ලෙස සඳහන් කරන්නේ අයදුම් කිරීමේ කොන්දේසි යන්නයි. මෙය external fact check එකක් නොව title, description සහ transcript එක එකිනෙකට ගැළපෙනවාද කියලා බලන උදාහරණයක්. වැදගත්ම දෙය නම් claim එකට transcript එක තුළ ප්‍රමාණවත් support තියෙනවාද කියලා පරීක්ෂා කිරීමයි.",Finance,Not False,Consistent,consistent,"Title, description, and transcript discuss the same subject and supported detail.",false,SYN00404,SYN00404,0.117,0.194,0.438,synthetic-finance-syn00404,new,,
SYN00227,SYN00227,https://synthetic.local/watch?v=SYN00227,අමාත්‍ය මණ්ඩලය ගැන official update - නව තීරණ,අමාත්‍ය මණ්ඩලය සම්බන්ධ නව තීරණ සහ මාධ්‍ය හමුවේ විස්තර ගැන සිංහල පැහැදිලි කිරීමක්.,"ගොඩක් අය අහන ප්‍රශ්නයක් වන අමාත්‍ය මණ්ඩලය ගැන මෙහි පැහැදිලි කරනවා. අවසානයේ viewers ලාට නිල update බලලා තීරණ ගන්න කියනවා. නව තීරණ ගැන කථිකයා පියවරෙන් පියවර පැහැදිලි කරයි. මෙය external fact check එකක් නොව title, description සහ transcript එක එකිනෙකට ගැළපෙනවාද කියලා බලන උදාහරණයක්. වැදගත්ම දෙය නම් claim එකට transcript එක තුළ ප්‍රමාණවත් support තියෙනවාද කියලා පරීක්ෂා කිරීමයි.",Politics,Not False,Consistent,consistent,"Title, description, and transcript discuss the same subject and supported detail.",false,SYN00227,SYN00227,0.143,0.113,0.312,synthetic-politics-syn00227,new,,
SYNNEG00488,SYNNEG00488,https://synthetic.local/watch?v=SYNNEG00488,දැන්ම බලන්න! Facebook account නිසා ලංකාවම කම්පා වෙයි,මෙම video එක 100% තහවුරු වූ breaking news එකක් කියලා overclaim කරයි.,"ගොඩක් අය අහන ප්‍රශ්නයක් වන Facebook account ගැන මෙහි පැහැදිලි කරනවා. මෙහිදී source ලෙස සඳහන් කරන්නේ password ආරක්ෂාව යන්නයි. video එක පුරාම ප්‍රධාන අවධානය security warning මතම තියෙනවා. මෙය external fact check එකක් නොව title, description සහ transcript එක එකිනෙකට ගැළපෙනවාද කියලා බලන උදාහරණයක්. වැදගත්ම දෙය නම් claim එකට transcript එක තුළ ප්‍රමාණවත් support තියෙනවාද කියලා පරීක්ෂා කිරීමයි.",Technology,False,Inconsistent,clickbait_overclaim,Metadata overclaims certainty while transcript is only a general discussion.,true,SYN00389,SYN00399,0.031,0.060,0.000,synthetic-technology-synneg00488,new,,
SYN00165,SYN00165,https://synthetic.local/watch?v=SYN00165,රජයේ allowance ගැන official update - official අයදුම් ක්‍රමය,රජයේ allowance සම්බන්ධ official අයදුම් ක්‍රමය සහ ලැබිය යුතු පවුල් කාණ්ඩ ගැන සිංහල පැහැදිලි කිරීමක්.,"අද වීඩියෝවෙන් අපි කතා කරන්නේ රජයේ allowance ගැනයි. මෙහිදී source ලෙස සඳහන් කරන්නේ ලැබිය යුතු පවුල් කාණ්ඩ යන්නයි. video එක පුරාම ප්‍රධාන අවධානය official අයදුම් ක්‍රමය මතම තියෙනවා. මෙය external fact check එකක් නොව title, description සහ transcript එක එකිනෙකට ගැළපෙනවාද කියලා බලන උදාහරණයක්. වැදගත්ම දෙය නම් claim එකට transcript එක තුළ ප්‍රමාණවත් support තියෙනවාද කියලා පරීක්ෂා කිරීමයි.",Government,Not False,Consistent,consistent,"Title, description, and transcript discuss the same subject and supported detail.",false,SYN00165,SYN00165,0.098,0.175,0.389,synthetic-government-syn00165,new,,
SYN00336,SYN00336,https://synthetic.local/watch?v=SYN00336,දියවැඩියාව ගැන official update - ආහාර පාලන ක්‍රම,දියවැඩියාව සම්බන්ධ ආහාර පාලන ක්‍රම සහ doctor පැහැදිලි කිරීම ගැන සිංහල පැහැදිලි කිරීමක්.,"අද වීඩියෝවෙන් අපි කතා කරන්නේ දියවැඩියාව ගැනයි. ආහාර පාලන ක්‍රම ගැන කථිකයා පියවරෙන් පියවර පැහැදිලි කරයි. මෙහිදී source ලෙස සඳහන් කරන්නේ doctor පැහැදිලි කිරීම යන්නයි. මෙය external fact check එකක් නොව title, description සහ transcript එක එකිනෙකට ගැළපෙනවාද කියලා බලන උදාහරණයක්. වැදගත්ම දෙය නම් claim එකට transcript එක තුළ ප්‍රමාණවත් support තියෙනවාද කියලා පරීක්ෂා කිරීමයි.",Health,Not False,Consistent,consistent,"Title, description, and transcript discuss the same subject and supported detail.",false,SYN00336,SYN00336,0.121,0.186,0.438,synthetic-health-syn00336,new,,
SYNNEG00101,SYNNEG00101,https://synthetic.local/watch?v=SYNNEG00101,දැන්ම බලන්න! පාසල් නිවාඩු නිසා ලංකාවම කම්පා වෙයි,පාසල් නිවාඩු සම්බන්ධ කාලසටහන් වෙනස්වීම සහ අධ්‍යාපන අමාත්‍යාංශ update ගැන සිංහල පැහැදිලි කිරීමක්.,"අද වීඩියෝවෙන් අපි කතා කරන්නේ පාසල් නිවාඩු ගැනයි. කාලසටහන් වෙනස්වීම ගැන කථිකයා පියවරෙන් පියවර පැහැදිලි කරයි. මෙහිදී source ලෙස සඳහන් කරන්නේ අධ්‍යාපන අමාත්‍යාංශ update යන්නයි. මෙය external fact check එකක් නොව title, description සහ transcript එක එකිනෙකට ගැළපෙනවාද කියලා බලන උදාහරණයක්. වැදගත්ම දෙය නම් claim එකට transcript එක තුළ ප්‍රමාණවත් support තියෙනවාද කියලා පරීක්ෂා කිරීමයි.",Education,False,Inconsistent,title_transcript_mismatch,Title makes a stronger promise than the transcript supports.,true,SYN00012,SYN00022,0.031,0.213,0.091,synthetic-education-synneg00101,new,,
SYNNEG00417,SYNNEG00417,https://synthetic.local/watch?v=SYNNEG00417,ධර්ම දේශනාව ගැන official update - සජීවී වැඩසටහන,"ධර්ම දේශනාව ගැන සියලු official ලේඛන, නම් ලැයිස්තු, දිනයන් සහ රහස් තොරතුරු transcript එකේ සම්පූර්ණයෙන් ඇති බව කියයි.","මේ update එකේ ප්‍රධාන කරුණ ධර්ම දේශනාව සම්බන්ධයෙන් ලැබුණු තොරතුරුයි. video එක පුරාම ප්‍රධාන අවධානය සජීවී වැඩසටහන මතම තියෙනවා. අවසානයේ viewers ලාට නිල update බලලා තීරණ ගන්න කියනවා. මෙය external fact check එකක් නොව title, description සහ transcript එක එකිනෙකට ගැළපෙනවාද කියලා බලන උදාහරණයක්. වැදගත්ම දෙය නම් claim එකට transcript එක තුළ ප්‍රමාණවත් support තියෙනවාද කියලා පරීක්ෂා කිරීමයි.",Religion,False,Inconsistent,description_transcript_mismatch,Description promises detailed evidence that the transcript does not contain.,true,SYN00178,SYN00188,0.125,0.106,0.182,synthetic-religion-synneg00417,new,,
SYN00473,SYN00473,https://synthetic.local/watch?v=SYN00473,viral වීඩියෝව ගැන official update - සමාජ මාධ්‍ය ප්‍රතිචාර,viral වීඩියෝව සම්බන්ධ සමාජ මාධ්‍ය ප්‍රතිචාර සහ කලාකරුවන්ගේ අදහස් ගැන සිංහල පැහැදිලි කිරීමක්.,"ගොඩක් අය අහන ප්‍රශ්නයක් වන viral වීඩියෝව ගැන මෙහි පැහැදිලි කරනවා. මෙහිදී source ලෙස සඳහන් කරන්නේ කලාකරුවන්ගේ අදහස් යන්නයි. video එක පුරාම ප්‍රධාන අවධානය සමාජ මාධ්‍ය ප්‍රතිචාර මතම තියෙනවා. මෙය external fact check එකක් නොව title, description සහ transcript එක එකිනෙකට ගැළපෙනවාද කියලා බලන උදාහරණයක්. වැදගත්ම දෙය නම් claim එකට transcript එක තුළ ප්‍රමාණවත් support තියෙනවාද කියලා පරීක්ෂා කිරීමයි.",Entertainment,Not False,Consistent,consistent,"Title, description, and transcript discuss the same subject and supported detail.",false,SYN00473,SYN00473,0.113,0.177,0.412,synthetic-entertainment-syn00473,new,,
SYN00448,SYN00448,https://synthetic.local/watch?v=SYN00448,පොහොය වැඩසටහන ගැන official update - පන්සල් කාලසටහන,පොහොය වැඩසටහන සම්බන්ධ පන්සල් කාලසටහන සහ දායකයින්ට දැනුම්දීම ගැන සිංහල පැහැදිලි කිරීමක්.,"මේ update එකේ ප්‍රධාන කරුණ පොහොය වැඩසටහන සම්බන්ධයෙන් ලැබුණු තොරතුරුයි. පන්සල් කාලසටහන ගැන කථිකයා පියවරෙන් පියවර පැහැදිලි කරයි. මෙහිදී source ලෙස සඳහන් කරන්නේ දායකයින්ට දැනුම්දීම යන්නයි. මෙය external fact check එකක් නොව title, description සහ transcript එක එකිනෙකට ගැළපෙනවාද කියලා බලන උදාහරණයක්. වැදගත්ම දෙය නම් claim එකට transcript එක තුළ ප්‍රමාණවත් support තියෙනවාද කියලා පරීක්ෂා කිරීමයි.",Religion,Not False,Consistent,consistent,"Title, description, and transcript discuss the same subject and supported detail.",false,SYN00448,SYN00448,0.121,0.150,0.333,synthetic-religion-syn00448,new,,
SYN00108,SYN00108,https://synthetic.local/watch?v=SYN00108,පුණ්‍ය කටයුතු ගැන official update - උත්සව සංවිධානය,පුණ්‍ය කටයුතු සම්බන්ධ උත්සව සංවිධානය සහ ප්‍රදේශවාසීන්ට උපදෙස් ගැන සිංහල පැහැදිලි කිරීමක්.,"අද වීඩියෝවෙන් අපි කතා කරන්නේ පුණ්‍ය කටයුතු ගැනයි. උත්සව සංවිධානය ගැන කථිකයා පියවරෙන් පියවර පැහැදිලි කරයි. මෙහිදී source ලෙස සඳහන් කරන්නේ ප්‍රදේශවාසීන්ට උපදෙස් යන්නයි. මෙය external fact check එකක් නොව title, description සහ transcript එක එකිනෙකට ගැළපෙනවාද කියලා බලන උදාහරණයක්. වැදගත්ම දෙය නම් claim එකට transcript එක තුළ ප්‍රමාණවත් support තියෙනවාද කියලා පරීක්ෂා කිරීමයි.",Religion,Not False,Consistent,consistent,"Title, description, and transcript discuss the same subject and supported detail.",false,SYN00108,SYN00108,0.088,0.175,0.312,synthetic-religion-syn00108,new,,
SYNNEG00357,SYNNEG00357,https://synthetic.local/watch?v=SYNNEG00357,ආගමික උත්සවය ගැන official update - ගමනාගමන සැලැස්ම,"ආගමික උත්සවය ගැන සියලු official ලේඛන, නම් ලැයිස්තු, දිනයන් සහ රහස් තොරතුරු transcript එකේ සම්පූර්ණයෙන් ඇති බව කියයි.","අද වීඩියෝවෙන් අපි කතා කරන්නේ ආගමික උත්සවය ගැනයි. video එක පුරාම ප්‍රධාන අවධානය ගමනාගමන සැලැස්ම මතම තියෙනවා. අවසානයේ viewers ලාට නිල update බලලා තීරණ ගන්න කියනවා. මෙය external fact check එකක් නොව title, description සහ transcript එක එකිනෙකට ගැළපෙනවාද කියලා බලන උදාහරණයක්. වැදගත්ම දෙය නම් claim එකට transcript එක තුළ ප්‍රමාණවත් support තියෙනවාද කියලා පරීක්ෂා කිරීමයි.",Religion,False,Inconsistent,description_transcript_mismatch,Description promises detailed evidence that the transcript does not contain.,true,SYN00078,SYN00088,0.123,0.088,0.182,synthetic-religion-synneg00357,new,,
SYN00156,SYN00156,https://synthetic.local/watch?v=SYN00156,medicine shortage ගැන official update - රෝහල් තත්ත්වය,medicine shortage සම්බන්ධ රෝහල් තත්ත්වය සහ නිල සැපයුම් update ගැන සිංහල පැහැදිලි කිරීමක්.,"අද වීඩියෝවෙන් අපි කතා කරන්නේ medicine shortage ගැනයි. රෝහල් තත්ත්වය ගැන කථිකයා පියවරෙන් පියවර පැහැදිලි කරයි. මෙහිදී source ලෙස සඳහන් කරන්නේ නිල සැපයුම් update යන්නයි. මෙය external fact check එකක් නොව title, description සහ transcript එක එකිනෙකට ගැළපෙනවාද කියලා බලන උදාහරණයක්. වැදගත්ම දෙය නම් claim එකට transcript එක තුළ ප්‍රමාණවත් support තියෙනවාද කියලා පරීක්ෂා කිරීමයි.",Health,Not False,Consistent,consistent,"Title, description, and transcript discuss the same subject and supported detail.",false,SYN00156,SYN00156,0.143,0.186,0.571,synthetic-health-syn00156,new,,
SYN00459,SYN00459,https://synthetic.local/watch?v=SYN00459,AI tool ගැන official update - සිංහල භාවිතය,AI tool සම්බන්ධ සිංහල භාවිතය සහ නව feature සහ සීමා ගැන සිංහල පැහැදිලි කිරීමක්.,"අද වීඩියෝවෙන් අපි කතා කරන්නේ AI tool ගැනයි. අවසානයේ viewers ලාට නිල update බලලා තීරණ ගන්න කියනවා. සිංහල භාවිතය ගැන කථිකයා පියවරෙන් පියවර පැහැදිලි කරයි. මෙය external fact check එකක් නොව title, description සහ transcript එක එකිනෙකට ගැළපෙනවාද කියලා බලන උදාහරණයක්. වැදගත්ම දෙය නම් claim එකට transcript එක තුළ ප්‍රමාණවත් support තියෙනවාද කියලා පරීක්ෂා කිරීමයි.",Technology,Not False,Consistent,consistent,"Title, description, and transcript discuss the same subject and supported detail.",false,SYN00459,SYN00459,0.143,0.115,0.333,synthetic-technology-syn00459,new,,
SYN00281,SYN00281,https://synthetic.local/watch?v=SYN00281,වී වගාව ගැන official update - පොහොර සහනාධාරය,වී වගාව සම්බන්ධ පොහොර සහනාධාරය සහ කෘෂිකර්ම නිලධාරීන්ගේ උපදෙස් ගැන සිංහල පැහැදිලි කිරීමක්.,"ගොඩක් අය අහන ප්‍රශ්නයක් වන වී වගාව ගැන මෙහි පැහැදිලි කරනවා. මෙහිදී source ලෙස සඳහන් කරන්නේ කෘෂිකර්ම නිලධාරීන්ගේ උපදෙස් යන්නයි. video එක පුරාම ප්‍රධාන අවධානය පොහොර සහනාධාරය මතම තියෙනවා. මෙය external fact check එකක් නොව title, description සහ transcript එක එකිනෙකට ගැළපෙනවාද කියලා බලන උදාහරණයක්. වැදගත්ම දෙය නම් claim එකට transcript එක තුළ ප්‍රමාණවත් support තියෙනවාද කියලා පරීක්ෂා කිරීමයි.",Agriculture,Not False,Consistent,consistent,"Title, description, and transcript discuss the same subject and supported detail.",false,SYN00281,SYN00281,0.081,0.161,0.312,synthetic-agriculture-syn00281,new,,
SYN00208,SYN00208,https://synthetic.local/watch?v=SYN00208,පොහොය වැඩසටහන ගැන official update - පන්සල් කාලසටහන,පොහොය වැඩසටහන සම්බන්ධ පන්සල් කාලසටහන සහ දායකයින්ට දැනුම්දීම ගැන සිංහල පැහැදිලි කිරීමක්.,"මේ update එකේ ප්‍රධාන කරුණ පොහොය වැඩසටහන සම්බන්ධයෙන් ලැබුණු තොරතුරුයි. පන්සල් කාලසටහන ගැන කථිකයා පියවරෙන් පියවර පැහැදිලි කරයි. මෙහිදී source ලෙස සඳහන් කරන්නේ දායකයින්ට දැනුම්දීම යන්නයි. මෙය external fact check එකක් නොව title, description සහ transcript එක එකිනෙකට ගැළපෙනවාද කියලා බලන උදාහරණයක්. වැදගත්ම දෙය නම් claim එකට transcript එක තුළ ප්‍රමාණවත් support තියෙනවාද කියලා පරීක්ෂා කිරීමයි.",Religion,Not False,Consistent,consistent,"Title, description, and transcript discuss the same subject and supported detail.",false,SYN00208,SYN00208,0.121,0.150,0.333,synthetic-religion-syn00208,new,,
SYN00155,SYN00155,https://synthetic.local/watch?v=SYN00155,රජයේ job ගැන official update - අයදුම්පත් කැඳවීම,රජයේ job සම්බන්ධ අයදුම්පත් කැඳවීම සහ සුදුසුකම් සහ අවසන් දිනය ගැන සිංහල පැහැදිලි කිරීමක්.,"ගොඩක් අය අහන ප්‍රශ්නයක් වන රජයේ job ගැන මෙහි පැහැදිලි කරනවා. අවසානයේ viewers ලාට නිල update බලලා තීරණ ගන්න කියනවා. අයදුම්පත් කැඳවීම ගැන කථිකයා පියවරෙන් පියවර පැහැදිලි කරයි. මෙය external fact check එකක් නොව title, description සහ transcript එක එකිනෙකට ගැළපෙනවාද කියලා බලන උදාහරණයක්. වැදගත්ම දෙය නම් claim එකට transcript එක තුළ ප්‍රමාණවත් support තියෙනවාද කියලා පරීක්ෂා කිරීමයි.",Government,Not False,Consistent,consistent,"Title, description, and transcript discuss the same subject and supported detail.",false,SYN00155,SYN00155,0.140,0.111,0.312,synthetic-government-syn00155,new,,
SYNNEG00088,SYNNEG00088,https://synthetic.local/watch?v=SYNNEG00088,දැන්ම බලන්න! Facebook account නිසා ලංකාවම කම්පා වෙයි,මෙම video එක 100% තහවුරු වූ breaking news එකක් කියලා overclaim කරයි.,"ගොඩක් අය අහන ප්‍රශ්නයක් වන Facebook account ගැන මෙහි පැහැදිලි කරනවා. මෙහිදී source ලෙස සඳහන් කරන්නේ password ආරක්ෂාව යන්නයි. video එක පුරාම ප්‍රධාන අවධානය security warning මතම තියෙනවා. මෙය external fact check එකක් නොව title, description සහ transcript එක එකිනෙකට ගැළපෙනවාද කියලා බලන උදාහරණයක්. වැදගත්ම දෙය නම් claim එකට transcript එක තුළ ප්‍රමාණවත් support තියෙනවාද කියලා පරීක්ෂා කිරීමයි.",Technology,False,Inconsistent,clickbait_overclaim,Metadata overclaims certainty while transcript is only a general discussion.,true,SYN00389,SYN00399,0.031,0.060,0.000,synthetic-technology-synneg00088,new,,
SYNNEG00258,SYNNEG00258,https://synthetic.local/watch?v=SYNNEG00258,ඔවුන් මේක සඟවනවා! mobile app ගැන සම්පූර්ණ ඇත්ත,මෙම video එක 100% තහවුරු වූ breaking news එකක් කියලා overclaim කරයි.,"ගොඩක් අය අහන ප්‍රශ්නයක් වන mobile app ගැන මෙහි පැහැදිලි කරනවා. මෙහිදී source ලෙස සඳහන් කරන්නේ දත්ත ආරක්ෂාව ගැන පැහැදිලි කිරීම යන්නයි. video එක පුරාම ප්‍රධාන අවධානය privacy update මතම තියෙනවා. මෙය external fact check එකක් නොව title, description සහ transcript එක එකිනෙකට ගැළපෙනවාද කියලා බලන උදාහරණයක්. වැදගත්ම දෙය නම් claim එකට transcript එක තුළ ප්‍රමාණවත් support තියෙනවාද කියලා පරීක්ෂා කිරීමයි.",Technology,False,Inconsistent,clickbait_overclaim,Metadata overclaims certainty while transcript is only a general discussion.,true,SYN00089,SYN00099,0.047,0.060,0.000,synthetic-technology-synneg00258,new,,
SYNNEG00486,SYNNEG00486,https://synthetic.local/watch?v=SYNNEG00486,100% තහවුරුයි! පාර්ලිමේන්තු විවාදය ගැන official තීරණය එළියට,පාර්ලිමේන්තු විවාදය සම්බන්ධ අද තීරණය සහ මන්ත්‍රීවරුන්ගේ අදහස් ගැන සිංහල පැහැදිලි කිරීමක්.,"මේ update එකේ ප්‍රධාන කරුණ පාර්ලිමේන්තු විවාදය සම්බන්ධයෙන් ලැබුණු තොරතුරුයි. අවසානයේ viewers ලාට නිල update බලලා තීරණ ගන්න කියනවා. අද තීරණය ගැන කථිකයා පියවරෙන් පියවර පැහැදිලි කරයි. මෙය external fact check එකක් නොව title, description සහ transcript එක එකිනෙකට ගැළපෙනවාද කියලා බලන උදාහරණයක්. වැදගත්ම දෙය නම් claim එකට transcript එක තුළ ප්‍රමාණවත් support තියෙනවාද කියලා පරීක්ෂා කිරීමයි.",Politics,False,Inconsistent,title_transcript_mismatch,Title makes a stronger promise than the transcript supports.,true,SYN00367,SYN00377,0.085,0.113,0.235,synthetic-politics-synneg00486,new,,
SYN00384,SYN00384,https://synthetic.local/watch?v=SYN00384,crypto investment ගැන official update - අවදානම් සහ වාසි,crypto investment සම්බන්ධ අවදානම් සහ වාසි සහ මුදල් උපදේශකගේ පැහැදිලි කිරීම ගැන සිංහල පැහැදිලි කිරීමක්.,"අද වීඩියෝවෙන් අපි කතා කරන්නේ crypto investment ගැනයි. අවදානම් සහ වාසි ගැන කථිකයා පියවරෙන් පියවර පැහැදිලි කරයි. මෙහිදී source ලෙස සඳහන් කරන්නේ මුදල් උපදේශකගේ පැහැදිලි කිරීම යන්නයි. මෙය external fact check එකක් නොව title, description සහ transcript එක එකිනෙකට ගැළපෙනවාද කියලා බලන උදාහරණයක්. වැදගත්ම දෙය නම් claim එකට transcript එක තුළ ප්‍රමාණවත් support තියෙනවාද කියලා පරීක්ෂා කිරීමයි.",Finance,Not False,Consistent,consistent,"Title, description, and transcript discuss the same subject and supported detail.",false,SYN00384,SYN00384,0.138,0.186,0.500,synthetic-finance-syn00384,new,,
SYNNEG00302,SYNNEG00302,https://synthetic.local/watch?v=SYNNEG00302,ටෙලි නාට්‍යය ගැන official update - අලුත් episode,"ටෙලි නාට්‍යය ගැන සියලු official ලේඛන, නම් ලැයිස්තු, දිනයන් සහ රහස් තොරතුරු transcript එකේ සම්පූර්ණයෙන් ඇති බව කියයි.","ගොඩක් අය අහන ප්‍රශ්නයක් වන ටෙලි නාට්‍යය ගැන මෙහි පැහැදිලි කරනවා. අවසානයේ viewers ලාට නිල update බලලා තීරණ ගන්න කියනවා. අලුත් episode ගැන කථිකයා පියවරෙන් පියවර පැහැදිලි කරයි. මෙය external fact check එකක් නොව title, description සහ transcript එක එකිනෙකට ගැළපෙනවාද කියලා බලන උදාහරණයක්. වැදගත්ම දෙය නම් claim එකට transcript එක තුළ ප්‍රමාණවත් support තියෙනවාද කියලා පරීක්ෂා කිරීමයි.",Entertainment,False,Inconsistent,description_transcript_mismatch,Description promises detailed evidence that the transcript does not contain.,true,SYN00023,SYN00033,0.155,0.116,0.217,synthetic-entertainment-synneg00302,new,,
SYNNEG00149,SYNNEG00149,https://synthetic.local/watch?v=SYNNEG00149,සුළි කුණාටු අවදානම ගැන හදිසි warning එකක්ද? අද තත්ත්වය,සුළි කුණාටු අවදානම සම්බන්ධ official forecast සහ මුහුදු ප්‍රදේශ අනතුරු ඇඟවීම ගැන සිංහල පැහැදිලි කිරීමක්.,"ගොඩක් අය අහන ප්‍රශ්නයක් වන සුළි කුණාටු අවදානම ගැන මෙහි පැහැදිලි කරනවා. official forecast ගැන කථිකයා පියවරෙන් පියවර පැහැදිලි කරයි. මෙහිදී source ලෙස සඳහන් කරන්නේ මුහුදු ප්‍රදේශ අනතුරු ඇඟවීම යන්නයි. මෙය external fact check එකක් නොව title, description සහ transcript එක එකිනෙකට ගැළපෙනවාද කියලා බලන උදාහරණයක්. වැදගත්ම දෙය නම් claim එකට transcript එක තුළ ප්‍රමාණවත් support තියෙනවාද කියලා පරීක්ෂා කිරීමයි.",Weather,False,Inconsistent,weak_support,Transcript mentions the topic but does not support the main promised claim.,true,SYN00500,SYN00010,0.095,0.210,0.300,synthetic-weather-synneg00149,new,,
SYNNEG00307,SYNNEG00307,https://synthetic.local/watch?v=SYNNEG00307,ආගමික උත්සවය ගැන official update - ගමනාගමන සැලැස්ම,"ආගමික උත්සවය ගැන සියලු official ලේඛන, නම් ලැයිස්තු, දිනයන් සහ රහස් තොරතුරු transcript එකේ සම්පූර්ණයෙන් ඇති බව කියයි.","අද වීඩියෝවෙන් අපි කතා කරන්නේ ආගමික උත්සවය ගැනයි. video එක පුරාම ප්‍රධාන අවධානය ගමනාගමන සැලැස්ම මතම තියෙනවා. අවසානයේ viewers ලාට නිල update බලලා තීරණ ගන්න කියනවා. මෙය external fact check එකක් නොව title, description සහ transcript එක එකිනෙකට ගැළපෙනවාද කියලා බලන උදාහරණයක්. වැදගත්ම දෙය නම් claim එකට transcript එක තුළ ප්‍රමාණවත් support තියෙනවාද කියලා පරීක්ෂා කිරීමයි.",Religion,False,Inconsistent,description_transcript_mismatch,Description promises detailed evidence that the transcript does not contain.,true,SYN00078,SYN00088,0.123,0.088,0.182,synthetic-religion-synneg00307,new,,
SYNNEG00037,SYNNEG00037,https://synthetic.local/watch?v=SYNNEG00037,ධර්ම දේශනාව ගැන official update - සජීවී වැඩසටහන,"ධර්ම දේශනාව ගැන සියලු official ලේඛන, නම් ලැයිස්තු, දිනයන් සහ රහස් තොරතුරු transcript එකේ සම්පූර්ණයෙන් ඇති බව කියයි.","අද වීඩියෝවෙන් අපි කතා කරන්නේ ධර්ම දේශනාව ගැනයි. video එක පුරාම ප්‍රධාන අවධානය සජීවී වැඩසටහන මතම තියෙනවා. අවසානයේ viewers ලාට නිල update බලලා තීරණ ගන්න කියනවා. මෙය external fact check එකක් නොව title, description සහ transcript එක එකිනෙකට ගැළපෙනවාද කියලා බලන උදාහරණයක්. වැදගත්ම දෙය නම් claim එකට transcript එක තුළ ප්‍රමාණවත් support තියෙනවාද කියලා පරීක්ෂා කිරීමයි.",Religion,False,Inconsistent,description_transcript_mismatch,Description promises detailed evidence that the transcript does not contain.,true,SYN00378,SYN00388,0.123,0.088,0.182,synthetic-religion-synneg00037,new,,
SYNNEG00004,SYNNEG00004,https://synthetic.local/watch?v=SYNNEG00004,රජයේ allowance සම්බන්ධ නව තීරණයක්ද? ජනතාව අහන ප්‍රශ්න,රජයේ allowance සම්බන්ධ official අයදුම් ක්‍රමය සහ ලැබිය යුතු පවුල් කාණ්ඩ ගැන සිංහල පැහැදිලි කිරීමක්.,"අද වීඩියෝවෙන් අපි කතා කරන්නේ රජයේ allowance ගැනයි. මෙහිදී source ලෙස සඳහන් කරන්නේ ලැබිය යුතු පවුල් කාණ්ඩ යන්නයි. video එක පුරාම ප්‍රධාන අවධානය official අයදුම් ක්‍රමය මතම තියෙනවා. මෙය external fact check එකක් නොව title, description සහ transcript එක එකිනෙකට ගැළපෙනවාද කියලා බලන උදාහරණයක්. වැදගත්ම දෙය නම් claim එකට transcript එක තුළ ප්‍රමාණවත් support තියෙනවාද කියලා පරීක්ෂා කිරීමයි.",Government,False,Inconsistent,weak_support,Transcript mentions the topic but does not support the main promised claim.,true,SYN00045,SYN00055,0.047,0.175,0.136,synthetic-government-synneg00004,new,,
SYNNEG00238,SYNNEG00238,https://synthetic.local/watch?v=SYNNEG00238,ඔවුන් මේක සඟවනවා! Facebook account ගැන සම්පූර්ණ ඇත්ත,මෙම video එක 100% තහවුරු වූ breaking news එකක් කියලා overclaim කරයි.,"ගොඩක් අය අහන ප්‍රශ්නයක් වන Facebook account ගැන මෙහි පැහැදිලි කරනවා. මෙහිදී source ලෙස සඳහන් කරන්නේ password ආරක්ෂාව යන්නයි. video එක පුරාම ප්‍රධාන අවධානය security warning මතම තියෙනවා. මෙය external fact check එකක් නොව title, description සහ transcript එක එකිනෙකට ගැළපෙනවාද කියලා බලන උදාහරණයක්. වැදගත්ම දෙය නම් claim එකට transcript එක තුළ ප්‍රමාණවත් support තියෙනවාද කියලා පරීක්ෂා කිරීමයි.",Technology,False,Inconsistent,clickbait_overclaim,Metadata overclaims certainty while transcript is only a general discussion.,true,SYN00389,SYN00399,0.047,0.060,0.000,synthetic-technology-synneg00238,new,,
SYNNEG00060,SYNNEG00060,https://synthetic.local/watch?v=SYNNEG00060,එළවළු මිල ගැන official update - වෙළඳපොළ update,එළවළු මිල සම්බන්ධ වෙළඳපොළ update සහ කොළඹ සහ දඹුල්ල මිල වෙනස්වීම් ගැන සිංහල පැහැදිලි කිරීමක්.,"අද වීඩියෝවෙන් අපි කතා කරන්නේ ජල සැපයුම ගැනයි. අවසානයේ viewers ලාට නිල update බලලා තීරණ ගන්න කියනවා. ගොවිබිම් සඳහා කාලසටහන ගැන කථිකයා පියවරෙන් පියවර පැහැදිලි කරයි. මෙය external fact check එකක් නොව title, description සහ transcript එක එකිනෙකට ගැළපෙනවාද කියලා බලන උදාහරණයක්. වැදගත්ම දෙය නම් claim එකට transcript එක තුළ ප්‍රමාණවත් support තියෙනවාද කියලා පරීක්ෂා කිරීමයි.",Agriculture,False,Inconsistent,same_topic_swap,Same-topic hard negative: metadata and transcript are from different synthetic videos.,true,SYN00101,SYN00111,0.067,0.076,0.400,synthetic-agriculture-synneg00060,new,,
SYNNEG00045,SYNNEG00045,https://synthetic.local/watch?v=SYNNEG00045,දියවැඩියාව ගැන official update - ආහාර පාලන ක්‍රම,දියවැඩියාව සම්බන්ධ ආහාර පාලන ක්‍රම සහ doctor පැහැදිලි කිරීම ගැන සිංහල පැහැදිලි කිරීමක්.,"මේ update එකේ ප්‍රධාන කරුණ උණ රෝගය සම්බන්ධයෙන් ලැබුණු තොරතුරුයි. video එක පුරාම ප්‍රධාන අවධානය ලක්ෂණ සහ ප්‍රතිකාර මතම තියෙනවා. අවසානයේ viewers ලාට නිල update බලලා තීරණ ගන්න කියනවා. මෙය external fact check එකක් නොව title, description සහ transcript එක එකිනෙකට ගැළපෙනවාද කියලා බලන උදාහරණයක්. වැදගත්ම දෙය නම් claim එකට transcript එක තුළ ප්‍රමාණවත් support තියෙනවාද කියලා පරීක්ෂා කිරීමයි.",Health,False,Inconsistent,same_topic_swap,Same-topic hard negative: metadata and transcript are from different synthetic videos.,true,SYN00456,SYN00466,0.049,0.030,0.438,synthetic-health-synneg00045,new,,
SYN00357,SYN00357,https://synthetic.local/watch?v=SYN00357,පක්ෂ රැස්වීම ගැන official update - ප්‍රතිපත්ති ප්‍රකාශය,පක්ෂ රැස්වීම සම්බන්ධ ප්‍රතිපත්ති ප්‍රකාශය සහ නායකත්වයේ අදහස් ගැන සිංහල පැහැදිලි කිරීමක්.,"අද වීඩියෝවෙන් අපි කතා කරන්නේ පක්ෂ රැස්වීම ගැනයි. මෙහිදී source ලෙස සඳහන් කරන්නේ නායකත්වයේ අදහස් යන්නයි. video එක පුරාම ප්‍රධාන අවධානය ප්‍රතිපත්ති ප්‍රකාශය මතම තියෙනවා. මෙය external fact check එකක් නොව title, description සහ transcript එක එකිනෙකට ගැළපෙනවාද කියලා බලන උදාහරණයක්. වැදගත්ම දෙය නම් claim එකට transcript එක තුළ ප්‍රමාණවත් support තියෙනවාද කියලා පරීක්ෂා කිරීමයි.",Politics,Not False,Consistent,consistent,"Title, description, and transcript discuss the same subject and supported detail.",false,SYN00357,SYN00357,0.086,0.136,0.375,synthetic-politics-syn00357,new,,
SYN00207,SYN00207,https://synthetic.local/watch?v=SYN00207,පාර්ලිමේන්තු විවාදය ගැන official update - අද තීරණය,පාර්ලිමේන්තු විවාදය සම්බන්ධ අද තීරණය සහ මන්ත්‍රීවරුන්ගේ අදහස් ගැන සිංහල පැහැදිලි කිරීමක්.,"අද වීඩියෝවෙන් අපි කතා කරන්නේ පාර්ලිමේන්තු විවාදය ගැනයි. අවසානයේ viewers ලාට නිල update බලලා තීරණ ගන්න කියනවා. අද තීරණය ගැන කථිකයා පියවරෙන් පියවර පැහැදිලි කරයි. මෙය external fact check එකක් නොව title, description සහ transcript එක එකිනෙකට ගැළපෙනවාද කියලා බලන උදාහරණයක්. වැදගත්ම දෙය නම් claim එකට transcript එක තුළ ප්‍රමාණවත් support තියෙනවාද කියලා පරීක්ෂා කිරීමයි.",Politics,Not False,Consistent,consistent,"Title, description, and transcript discuss the same subject and supported detail.",false,SYN00207,SYN00207,0.145,0.115,0.312,synthetic-politics-syn00207,new,,
SYNNEG00389,SYNNEG00389,https://synthetic.local/watch?v=SYNNEG00389,උෂ්ණත්වය ගැන හදිසි warning එකක්ද? අද තත්ත්වය,උෂ්ණත්වය සම්බන්ධ අද දවසේ වෙනස්වීම් සහ සෞඛ්‍ය උපදෙස් ගැන සිංහල පැහැදිලි කිරීමක්.,"මේ update එකේ ප්‍රධාන කරුණ උෂ්ණත්වය සම්බන්ධයෙන් ලැබුණු තොරතුරුයි. අද දවසේ වෙනස්වීම් ගැන කථිකයා පියවරෙන් පියවර පැහැදිලි කරයි. මෙහිදී source ලෙස සඳහන් කරන්නේ සෞඛ්‍ය උපදෙස් යන්නයි. මෙය external fact check එකක් නොව title, description සහ transcript එක එකිනෙකට ගැළපෙනවාද කියලා බලන උදාහරණයක්. වැදගත්ම දෙය නම් claim එකට transcript එක තුළ ප්‍රමාණවත් support තියෙනවාද කියලා පරීක්ෂා කිරීමයි.",Weather,False,Inconsistent,weak_support,Transcript mentions the topic but does not support the main promised claim.,true,SYN00400,SYN00410,0.048,0.150,0.176,synthetic-weather-synneg00389,new,,
SYNNEG00112,SYNNEG00112,https://synthetic.local/watch?v=SYNNEG00112,නව චිත්‍රපටය ගැන official update - release දිනය,"නව චිත්‍රපටය ගැන සියලු official ලේඛන, නම් ලැයිස්තු, දිනයන් සහ රහස් තොරතුරු transcript එකේ සම්පූර්ණයෙන් ඇති බව කියයි.","අද වීඩියෝවෙන් අපි කතා කරන්නේ නව චිත්‍රපටය ගැනයි. අවසානයේ viewers ලාට නිල update බලලා තීරණ ගන්න කියනවා. release දිනය ගැන කථිකයා පියවරෙන් පියවර පැහැදිලි කරයි. මෙය external fact check එකක් නොව title, description සහ transcript එක එකිනෙකට ගැළපෙනවාද කියලා බලන උදාහරණයක්. වැදගත්ම දෙය නම් claim එකට transcript එක තුළ ප්‍රමාණවත් support තියෙනවාද කියලා පරීක්ෂා කිරීමයි.",Entertainment,False,Inconsistent,description_transcript_mismatch,Description promises detailed evidence that the transcript does not contain.,true,SYN00123,SYN00133,0.158,0.118,0.217,synthetic-entertainment-synneg00112,new,,
SYNNEG00212,SYNNEG00212,https://synthetic.local/watch?v=SYNNEG00212,නව චිත්‍රපටය ගැන official update - release දිනය,"නව චිත්‍රපටය ගැන සියලු official ලේඛන, නම් ලැයිස්තු, දිනයන් සහ රහස් තොරතුරු transcript එකේ සම්පූර්ණයෙන් ඇති බව කියයි.","අද වීඩියෝවෙන් අපි කතා කරන්නේ නව චිත්‍රපටය ගැනයි. අවසානයේ viewers ලාට නිල update බලලා තීරණ ගන්න කියනවා. release දිනය ගැන කථිකයා පියවරෙන් පියවර පැහැදිලි කරයි. මෙය external fact check එකක් නොව title, description සහ transcript එක එකිනෙකට ගැළපෙනවාද කියලා බලන උදාහරණයක්. වැදගත්ම දෙය නම් claim එකට transcript එක තුළ ප්‍රමාණවත් support තියෙනවාද කියලා පරීක්ෂා කිරීමයි.",Entertainment,False,Inconsistent,description_transcript_mismatch,Description promises detailed evidence that the transcript does not contain.,true,SYN00123,SYN00133,0.158,0.118,0.217,synthetic-entertainment-synneg00212,new,,
SYNNEG00032,SYNNEG00032,https://synthetic.local/watch?v=SYNNEG00032,නව චිත්‍රපටය ගැන official update - release දිනය,"නව චිත්‍රපටය ගැන සියලු official ලේඛන, නම් ලැයිස්තු, දිනයන් සහ රහස් තොරතුරු transcript එකේ සම්පූර්ණයෙන් ඇති බව කියයි.","ගොඩක් අය අහන ප්‍රශ්නයක් වන නව චිත්‍රපටය ගැන මෙහි පැහැදිලි කරනවා. අවසානයේ viewers ලාට නිල update බලලා තීරණ ගන්න කියනවා. release දිනය ගැන කථිකයා පියවරෙන් පියවර පැහැදිලි කරයි. මෙය external fact check එකක් නොව title, description සහ transcript එක එකිනෙකට ගැළපෙනවාද කියලා බලන උදාහරණයක්. වැදගත්ම දෙය නම් claim එකට transcript එක තුළ ප්‍රමාණවත් support තියෙනවාද කියලා පරීක්ෂා කිරීමයි.",Entertainment,False,Inconsistent,description_transcript_mismatch,Description promises detailed evidence that the transcript does not contain.,true,SYN00323,SYN00333,0.155,0.116,0.217,synthetic-entertainment-synneg00032,new,,
SYN00260,SYN00260,https://synthetic.local/watch?v=SYN00260,සුළි කුණාටු අවදානම ගැන official update - official forecast,සුළි කුණාටු අවදානම සම්බන්ධ official forecast සහ මුහුදු ප්‍රදේශ අනතුරු ඇඟවීම ගැන සිංහල පැහැදිලි කිරීමක්.,"ගොඩක් අය අහන ප්‍රශ්නයක් වන සුළි කුණාටු අවදානම ගැන මෙහි පැහැදිලි කරනවා. official forecast ගැන කථිකයා පියවරෙන් පියවර පැහැදිලි කරයි. මෙහිදී source ලෙස සඳහන් කරන්නේ මුහුදු ප්‍රදේශ අනතුරු ඇඟවීම යන්නයි. මෙය external fact check එකක් නොව title, description සහ transcript එක එකිනෙකට ගැළපෙනවාද කියලා බලන උදාහරණයක්. වැදගත්ම දෙය නම් claim එකට transcript එක තුළ ප්‍රමාණවත් support තියෙනවාද කියලා පරීක්ෂා කිරීමයි.",Weather,Not False,Consistent,consistent,"Title, description, and transcript discuss the same subject and supported detail.",false,SYN00260,SYN00260,0.098,0.210,0.333,synthetic-weather-syn00260,new,,
SYN00154,SYN00154,https://synthetic.local/watch?v=SYN00154,විදුලි බිල් සහනය ගැන official update - ගෙවීම් ක්‍රම,විදුලි බිල් සහනය සම්බන්ධ ගෙවීම් ක්‍රම සහ පාරිභෝගිකයින්ට උපදෙස් ගැන සිංහල පැහැදිලි කිරීමක්.,"මේ update එකේ ප්‍රධාන කරුණ විදුලි බිල් සහනය සම්බන්ධයෙන් ලැබුණු තොරතුරුයි. video එක පුරාම ප්‍රධාන අවධානය ගෙවීම් ක්‍රම මතම තියෙනවා. අවසානයේ viewers ලාට නිල update බලලා තීරණ ගන්න කියනවා. මෙය external fact check එකක් නොව title, description සහ transcript එක එකිනෙකට ගැළපෙනවාද කියලා බලන උදාහරණයක්. වැදගත්ම දෙය නම් claim එකට transcript එක තුළ ප්‍රමාණවත් support තියෙනවාද කියලා පරීක්ෂා කිරීමයි.",Finance,Not False,Consistent,consistent,"Title, description, and transcript discuss the same subject and supported detail.",false,SYN00154,SYN00154,0.155,0.109,0.412,synthetic-finance-syn00154,new,,
SYNNEG00353,SYNNEG00353,https://synthetic.local/watch?v=SYNNEG00353,100% තහවුරුයි! විදුලි බිල් සහනය ගැන official තීරණය එළියට,මෙම video එක 100% තහවුරු වූ breaking news එකක් කියලා overclaim කරයි.,"මේ update එකේ ප්‍රධාන කරුණ විදුලි බිල් සහනය සම්බන්ධයෙන් ලැබුණු තොරතුරුයි. video එක පුරාම ප්‍රධාන අවධානය ගෙවීම් ක්‍රම මතම තියෙනවා. අවසානයේ viewers ලාට නිල update බලලා තීරණ ගන්න කියනවා. මෙය external fact check එකක් නොව title, description සහ transcript එක එකිනෙකට ගැළපෙනවාද කියලා බලන උදාහරණයක්. වැදගත්ම දෙය නම් claim එකට transcript එක තුළ ප්‍රමාණවත් support තියෙනවාද කියලා පරීක්ෂා කිරීමයි.",Finance,False,Inconsistent,clickbait_overclaim,Metadata overclaims certainty while transcript is only a general discussion.,true,SYN00034,SYN00044,0.065,0.062,0.050,synthetic-finance-synneg00353,new,,
SYN00064,SYN00064,https://synthetic.local/watch?v=SYN00064,crypto investment ගැන official update - අවදානම් සහ වාසි,crypto investment සම්බන්ධ අවදානම් සහ වාසි සහ මුදල් උපදේශකගේ පැහැදිලි කිරීම ගැන සිංහල පැහැදිලි කිරීමක්.,"මේ update එකේ ප්‍රධාන කරුණ crypto investment සම්බන්ධයෙන් ලැබුණු තොරතුරුයි. අවදානම් සහ වාසි ගැන කථිකයා පියවරෙන් පියවර පැහැදිලි කරයි. මෙහිදී source ලෙස සඳහන් කරන්නේ මුදල් උපදේශකගේ පැහැදිලි කිරීම යන්නයි. මෙය external fact check එකක් නොව title, description සහ transcript එක එකිනෙකට ගැළපෙනවාද කියලා බලන උදාහරණයක්. වැදගත්ම දෙය නම් claim එකට transcript එක තුළ ප්‍රමාණවත් support තියෙනවාද කියලා පරීක්ෂා කිරීමයි.",Finance,Not False,Consistent,consistent,"Title, description, and transcript discuss the same subject and supported detail.",false,SYN00064,SYN00064,0.153,0.180,0.500,synthetic-finance-syn00064,new,,
SYN00435,SYN00435,https://synthetic.local/watch?v=SYN00435,රජයේ job ගැන official update - අයදුම්පත් කැඳවීම,රජයේ job සම්බන්ධ අයදුම්පත් කැඳවීම සහ සුදුසුකම් සහ අවසන් දිනය ගැන සිංහල පැහැදිලි කිරීමක්.,"අද වීඩියෝවෙන් අපි කතා කරන්නේ රජයේ job ගැනයි. අවසානයේ viewers ලාට නිල update බලලා තීරණ ගන්න කියනවා. අයදුම්පත් කැඳවීම ගැන කථිකයා පියවරෙන් පියවර පැහැදිලි කරයි. මෙය external fact check එකක් නොව title, description සහ transcript එක එකිනෙකට ගැළපෙනවාද කියලා බලන උදාහරණයක්. වැදගත්ම දෙය නම් claim එකට transcript එක තුළ ප්‍රමාණවත් support තියෙනවාද කියලා පරීක්ෂා කිරීමයි.",Government,Not False,Consistent,consistent,"Title, description, and transcript discuss the same subject and supported detail.",false,SYN00435,SYN00435,0.143,0.113,0.312,synthetic-government-syn00435,new,,
SYN00340,SYN00340,https://synthetic.local/watch?v=SYN00340,සුළි කුණාටු අවදානම ගැන official update - official forecast,සුළි කුණාටු අවදානම සම්බන්ධ official forecast සහ මුහුදු ප්‍රදේශ අනතුරු ඇඟවීම ගැන සිංහල පැහැදිලි කිරීමක්.,"මේ update එකේ ප්‍රධාන කරුණ සුළි කුණාටු අවදානම සම්බන්ධයෙන් ලැබුණු තොරතුරුයි. official forecast ගැන කථිකයා පියවරෙන් පියවර පැහැදිලි කරයි. මෙහිදී source ලෙස සඳහන් කරන්නේ මුහුදු ප්‍රදේශ අනතුරු ඇඟවීම යන්නයි. මෙය external fact check එකක් නොව title, description සහ transcript එක එකිනෙකට ගැළපෙනවාද කියලා බලන උදාහරණයක්. වැදගත්ම දෙය නම් claim එකට transcript එක තුළ ප්‍රමාණවත් support තියෙනවාද කියලා පරීක්ෂා කිරීමයි.",Weather,Not False,Consistent,consistent,"Title, description, and transcript discuss the same subject and supported detail.",false,SYN00340,SYN00340,0.133,0.206,0.333,synthetic-weather-syn00340,new,,
SYNNEG00014,SYNNEG00014,https://synthetic.local/watch?v=SYNNEG00014,gazette නිවේදනය ගැන හදිසි warning එකක්ද? අද තත්ත්වය,gazette නිවේදනය සම්බන්ධ නව නියමයන් සහ අදාළ දිනය සහ බලපෑම ගැන සිංහල පැහැදිලි කිරීමක්.,"මේ update එකේ ප්‍රධාන කරුණ gazette නිවේදනය සම්බන්ධයෙන් ලැබුණු තොරතුරුයි. මෙහිදී source ලෙස සඳහන් කරන්නේ අදාළ දිනය සහ බලපෑම යන්නයි. video එක පුරාම ප්‍රධාන අවධානය නව නියමයන් මතම තියෙනවා. මෙය external fact check එකක් නොව title, description සහ transcript එක එකිනෙකට ගැළපෙනවාද කියලා බලන උදාහරණයක්. වැදගත්ම දෙය නම් claim එකට transcript එක තුළ ප්‍රමාණවත් support තියෙනවාද කියලා පරීක්ෂා කිරීමයි.",Government,False,Inconsistent,weak_support,Transcript mentions the topic but does not support the main promised claim.,true,SYN00145,SYN00155,0.031,0.129,0.158,synthetic-government-synneg00014,new,,
SYNNEG00249,SYNNEG00249,https://synthetic.local/watch?v=SYNNEG00249,සුළි කුණාටු අවදානම ගැන ලොකු වෙනසක්? සම්පූර්ණ update මෙන්න,සුළි කුණාටු අවදානම සම්බන්ධ official forecast සහ මුහුදු ප්‍රදේශ අනතුරු ඇඟවීම ගැන සිංහල පැහැදිලි කිරීමක්.,"ගොඩක් අය අහන ප්‍රශ්නයක් වන සුළි කුණාටු අවදානම ගැන මෙහි පැහැදිලි කරනවා. official forecast ගැන කථිකයා පියවරෙන් පියවර පැහැදිලි කරයි. මෙහිදී source ලෙස සඳහන් කරන්නේ මුහුදු ප්‍රදේශ අනතුරු ඇඟවීම යන්නයි. මෙය external fact check එකක් නොව title, description සහ transcript එක එකිනෙකට ගැළපෙනවාද කියලා බලන උදාහරණයක්. වැදගත්ම දෙය නම් claim එකට transcript එක තුළ ප්‍රමාණවත් support තියෙනවාද කියලා පරීක්ෂා කිරීමයි.",Weather,False,Inconsistent,weak_support,Transcript mentions the topic but does not support the main promised claim.,true,SYN00500,SYN00010,0.062,0.210,0.182,synthetic-weather-synneg00249,new,,
SYN00488,SYN00488,https://synthetic.local/watch?v=SYN00488,පොහොය වැඩසටහන ගැන official update - පන්සල් කාලසටහන,පොහොය වැඩසටහන සම්බන්ධ පන්සල් කාලසටහන සහ දායකයින්ට දැනුම්දීම ගැන සිංහල පැහැදිලි කිරීමක්.,"ගොඩක් අය අහන ප්‍රශ්නයක් වන පොහොය වැඩසටහන ගැන මෙහි පැහැදිලි කරනවා. පන්සල් කාලසටහන ගැන කථිකයා පියවරෙන් පියවර පැහැදිලි කරයි. මෙහිදී source ලෙස සඳහන් කරන්නේ දායකයින්ට දැනුම්දීම යන්නයි. මෙය external fact check එකක් නොව title, description සහ transcript එක එකිනෙකට ගැළපෙනවාද කියලා බලන උදාහරණයක්. වැදගත්ම දෙය නම් claim එකට transcript එක තුළ ප්‍රමාණවත් support තියෙනවාද කියලා පරීක්ෂා කිරීමයි.",Religion,Not False,Consistent,consistent,"Title, description, and transcript discuss the same subject and supported detail.",false,SYN00488,SYN00488,0.085,0.153,0.333,synthetic-religion-syn00488,new,,
SYNNEG00025,SYNNEG00025,https://synthetic.local/watch?v=SYNNEG00025,දියවැඩියාව ගැන official update - ආහාර පාලන ක්‍රම,දියවැඩියාව සම්බන්ධ ආහාර පාලන ක්‍රම සහ doctor පැහැදිලි කිරීම ගැන සිංහල පැහැදිලි කිරීමක්.,"ගොඩක් අය අහන ප්‍රශ්නයක් වන උණ රෝගය ගැන මෙහි පැහැදිලි කරනවා. video එක පුරාම ප්‍රධාන අවධානය ලක්ෂණ සහ ප්‍රතිකාර මතම තියෙනවා. අවසානයේ viewers ලාට නිල update බලලා තීරණ ගන්න කියනවා. මෙය external fact check එකක් නොව title, description සහ transcript එක එකිනෙකට ගැළපෙනවාද කියලා බලන උදාහරණයක්. වැදගත්ම දෙය නම් claim එකට transcript එක තුළ ප්‍රමාණවත් support තියෙනවාද කියලා පරීක්ෂා කිරීමයි.",Health,False,Inconsistent,same_topic_swap,Same-topic hard negative: metadata and transcript are from different synthetic videos.,true,SYN00256,SYN00266,0.062,0.058,0.438,synthetic-health-synneg00025,new,,
SYNNEG00394,SYNNEG00394,https://synthetic.local/watch?v=SYNNEG00394,රජයේ allowance සම්බන්ධ නව තීරණයක්ද? ජනතාව අහන ප්‍රශ්න,රජයේ allowance සම්බන්ධ official අයදුම් ක්‍රමය සහ ලැබිය යුතු පවුල් කාණ්ඩ ගැන සිංහල පැහැදිලි කිරීමක්.,"මේ update එකේ ප්‍රධාන කරුණ රජයේ allowance සම්බන්ධයෙන් ලැබුණු තොරතුරුයි. මෙහිදී source ලෙස සඳහන් කරන්නේ ලැබිය යුතු පවුල් කාණ්ඩ යන්නයි. video එක පුරාම ප්‍රධාන අවධානය official අයදුම් ක්‍රමය මතම තියෙනවා. මෙය external fact check එකක් නොව title, description සහ transcript එක එකිනෙකට ගැළපෙනවාද කියලා බලන උදාහරණයක්. වැදගත්ම දෙය නම් claim එකට transcript එක තුළ ප්‍රමාණවත් support තියෙනවාද කියලා පරීක්ෂා කිරීමයි.",Government,False,Inconsistent,weak_support,Transcript mentions the topic but does not support the main promised claim.,true,SYN00445,SYN00455,0.045,0.169,0.136,synthetic-government-synneg00394,new,,
SYNNEG00453,SYNNEG00453,https://synthetic.local/watch?v=SYNNEG00453,100% තහවුරුයි! විදුලි බිල් සහනය ගැන official තීරණය එළියට,මෙම video එක 100% තහවුරු වූ breaking news එකක් කියලා overclaim කරයි.,"මේ update එකේ ප්‍රධාන කරුණ විදුලි බිල් සහනය සම්බන්ධයෙන් ලැබුණු තොරතුරුයි. video එක පුරාම ප්‍රධාන අවධානය ගෙවීම් ක්‍රම මතම තියෙනවා. අවසානයේ viewers ලාට නිල update බලලා තීරණ ගන්න කියනවා. මෙය external fact check එකක් නොව title, description සහ transcript එක එකිනෙකට ගැළපෙනවාද කියලා බලන උදාහරණයක්. වැදගත්ම දෙය නම් claim එකට transcript එක තුළ ප්‍රමාණවත් support තියෙනවාද කියලා පරීක්ෂා කිරීමයි.",Finance,False,Inconsistent,clickbait_overclaim,Metadata overclaims certainty while transcript is only a general discussion.,true,SYN00034,SYN00044,0.065,0.062,0.050,synthetic-finance-synneg00453,new,,
SYN00187,SYN00187,https://synthetic.local/watch?v=SYN00187,අමාත්‍ය මණ්ඩලය ගැන official update - නව තීරණ,අමාත්‍ය මණ්ඩලය සම්බන්ධ නව තීරණ සහ මාධ්‍ය හමුවේ විස්තර ගැන සිංහල පැහැදිලි කිරීමක්.,"මේ update එකේ ප්‍රධාන කරුණ අමාත්‍ය මණ්ඩලය සම්බන්ධයෙන් ලැබුණු තොරතුරුයි. අවසානයේ viewers ලාට නිල update බලලා තීරණ ගන්න කියනවා. නව තීරණ ගැන කථිකයා පියවරෙන් පියවර පැහැදිලි කරයි. මෙය external fact check එකක් නොව title, description සහ transcript එක එකිනෙකට ගැළපෙනවාද කියලා බලන උදාහරණයක්. වැදගත්ම දෙය නම් claim එකට transcript එක තුළ ප්‍රමාණවත් support තියෙනවාද කියලා පරීක්ෂා කිරීමයි.",Politics,Not False,Consistent,consistent,"Title, description, and transcript discuss the same subject and supported detail.",false,SYN00187,SYN00187,0.145,0.115,0.312,synthetic-politics-syn00187,new,,
SYNNEG00174,SYNNEG00174,https://synthetic.local/watch?v=SYNNEG00174,රජයේ allowance ගැන ලොකු වෙනසක්? සම්පූර්ණ update මෙන්න,රජයේ allowance සම්බන්ධ official අයදුම් ක්‍රමය සහ ලැබිය යුතු පවුල් කාණ්ඩ ගැන සිංහල පැහැදිලි කිරීමක්.,"ගොඩක් අය අහන ප්‍රශ්නයක් වන රජයේ allowance ගැන මෙහි පැහැදිලි කරනවා. මෙහිදී source ලෙස සඳහන් කරන්නේ ලැබිය යුතු පවුල් කාණ්ඩ යන්නයි. video එක පුරාම ප්‍රධාන අවධානය official අයදුම් ක්‍රමය මතම තියෙනවා. මෙය external fact check එකක් නොව title, description සහ transcript එක එකිනෙකට ගැළපෙනවාද කියලා බලන උදාහරණයක්. වැදගත්ම දෙය නම් claim එකට transcript එක තුළ ප්‍රමාණවත් support තියෙනවාද කියලා පරීක්ෂා කිරීමයි.",Government,False,Inconsistent,weak_support,Transcript mentions the topic but does not support the main promised claim.,true,SYN00245,SYN00255,0.044,0.200,0.136,synthetic-government-synneg00174,new,,
SYN00344,SYN00344,https://synthetic.local/watch?v=SYN00344,crypto investment ගැන official update - අවදානම් සහ වාසි,crypto investment සම්බන්ධ අවදානම් සහ වාසි සහ මුදල් උපදේශකගේ පැහැදිලි කිරීම ගැන සිංහල පැහැදිලි කිරීමක්.,"ගොඩක් අය අහන ප්‍රශ්නයක් වන crypto investment ගැන මෙහි පැහැදිලි කරනවා. අවදානම් සහ වාසි ගැන කථිකයා පියවරෙන් පියවර පැහැදිලි කරයි. මෙහිදී source ලෙස සඳහන් කරන්නේ මුදල් උපදේශකගේ පැහැදිලි කිරීම යන්නයි. මෙය external fact check එකක් නොව title, description සහ transcript එක එකිනෙකට ගැළපෙනවාද කියලා බලන උදාහරණයක්. වැදගත්ම දෙය නම් claim එකට transcript එක තුළ ප්‍රමාණවත් support තියෙනවාද කියලා පරීක්ෂා කිරීමයි.",Finance,Not False,Consistent,consistent,"Title, description, and transcript discuss the same subject and supported detail.",false,SYN00344,SYN00344,0.133,0.180,0.500,synthetic-finance-syn00344,new,,
SYN00378,SYN00378,https://synthetic.local/watch?v=SYN00378,ධර්ම දේශනාව ගැන official update - සජීවී වැඩසටහන,ධර්ම දේශනාව සම්බන්ධ සජීවී වැඩසටහන සහ භික්ෂූන් වහන්සේගේ පැහැදිලි කිරීම ගැන සිංහල පැහැදිලි කිරීමක්.,"අද වීඩියෝවෙන් අපි කතා කරන්නේ ධර්ම දේශනාව ගැනයි. video එක පුරාම ප්‍රධාන අවධානය සජීවී වැඩසටහන මතම තියෙනවා. අවසානයේ viewers ලාට නිල update බලලා තීරණ ගන්න කියනවා. මෙය external fact check එකක් නොව title, description සහ transcript එක එකිනෙකට ගැළපෙනවාද කියලා බලන උදාහරණයක්. වැදගත්ම දෙය නම් claim එකට transcript එක තුළ ප්‍රමාණවත් support තියෙනවාද කියලා පරීක්ෂා කිරීමයි.",Religion,Not False,Consistent,consistent,"Title, description, and transcript discuss the same subject and supported detail.",false,SYN00378,SYN00378,0.123,0.095,0.400,synthetic-religion-syn00378,new,,
SYNNEG00404,SYNNEG00404,https://synthetic.local/watch?v=SYNNEG00404,රජයේ allowance ගැන හදිසි warning එකක්ද? අද තත්ත්වය,රජයේ allowance සම්බන්ධ official අයදුම් ක්‍රමය සහ ලැබිය යුතු පවුල් කාණ්ඩ ගැන සිංහල පැහැදිලි කිරීමක්.,"අද වීඩියෝවෙන් අපි කතා කරන්නේ රජයේ allowance ගැනයි. මෙහිදී source ලෙස සඳහන් කරන්නේ ලැබිය යුතු පවුල් කාණ්ඩ යන්නයි. video එක පුරාම ප්‍රධාන අවධානය official අයදුම් ක්‍රමය මතම තියෙනවා. මෙය external fact check එකක් නොව title, description සහ transcript එක එකිනෙකට ගැළපෙනවාද කියලා බලන උදාහරණයක්. වැදගත්ම දෙය නම් claim එකට transcript එක තුළ ප්‍රමාණවත් support තියෙනවාද කියලා පරීක්ෂා කිරීමයි.",Government,False,Inconsistent,weak_support,Transcript mentions the topic but does not support the main promised claim.,true,SYN00045,SYN00055,0.047,0.175,0.136,synthetic-government-synneg00404,new,,
SYN00369,SYN00369,https://synthetic.local/watch?v=SYN00369,mobile app ගැන official update - privacy update,mobile app සම්බන්ධ privacy update සහ දත්ත ආරක්ෂාව ගැන පැහැදිලි කිරීම ගැන සිංහල පැහැදිලි කිරීමක්.,"අද වීඩියෝවෙන් අපි කතා කරන්නේ mobile app ගැනයි. මෙහිදී source ලෙස සඳහන් කරන්නේ දත්ත ආරක්ෂාව ගැන පැහැදිලි කිරීම යන්නයි. video එක පුරාම ප්‍රධාන අවධානය privacy update මතම තියෙනවා. මෙය external fact check එකක් නොව title, description සහ transcript එක එකිනෙකට ගැළපෙනවාද කියලා බලන උදාහරණයක්. වැදගත්ම දෙය නම් claim එකට transcript එක තුළ ප්‍රමාණවත් support තියෙනවාද කියලා පරීක්ෂා කිරීමයි.",Technology,Not False,Consistent,consistent,"Title, description, and transcript discuss the same subject and supported detail.",false,SYN00369,SYN00369,0.103,0.167,0.429,synthetic-technology-syn00369,new,,
SYNNEG00069,SYNNEG00069,https://synthetic.local/watch?v=SYNNEG00069,උෂ්ණත්වය ගැන ලොකු වෙනසක්? සම්පූර්ණ update මෙන්න,උෂ්ණත්වය සම්බන්ධ අද දවසේ වෙනස්වීම් සහ සෞඛ්‍ය උපදෙස් ගැන සිංහල පැහැදිලි කිරීමක්.,"ගොඩක් අය අහන ප්‍රශ්නයක් වන උෂ්ණත්වය ගැන මෙහි පැහැදිලි කරනවා. අද දවසේ වෙනස්වීම් ගැන කථිකයා පියවරෙන් පියවර පැහැදිලි කරයි. මෙහිදී source ලෙස සඳහන් කරන්නේ සෞඛ්‍ය උපදෙස් යන්නයි. මෙය external fact check එකක් නොව title, description සහ transcript එක එකිනෙකට ගැළපෙනවාද කියලා බලන උදාහරණයක්. වැදගත්ම දෙය නම් claim එකට transcript එක තුළ ප්‍රමාණවත් support තියෙනවාද කියලා පරීක්ෂා කිරීමයි.",Weather,False,Inconsistent,weak_support,Transcript mentions the topic but does not support the main promised claim.,true,SYN00200,SYN00210,0.032,0.153,0.111,synthetic-weather-synneg00069,new,,
SYN00276,SYN00276,https://synthetic.local/watch?v=SYN00276,medicine shortage ගැන official update - රෝහල් තත්ත්වය,medicine shortage සම්බන්ධ රෝහල් තත්ත්වය සහ නිල සැපයුම් update ගැන සිංහල පැහැදිලි කිරීමක්.,"අද වීඩියෝවෙන් අපි කතා කරන්නේ medicine shortage ගැනයි. රෝහල් තත්ත්වය ගැන කථිකයා පියවරෙන් පියවර පැහැදිලි කරයි. මෙහිදී source ලෙස සඳහන් කරන්නේ නිල සැපයුම් update යන්නයි. මෙය external fact check එකක් නොව title, description සහ transcript එක එකිනෙකට ගැළපෙනවාද කියලා බලන උදාහරණයක්. වැදගත්ම දෙය නම් claim එකට transcript එක තුළ ප්‍රමාණවත් support තියෙනවාද කියලා පරීක්ෂා කිරීමයි.",Health,Not False,Consistent,consistent,"Title, description, and transcript discuss the same subject and supported detail.",false,SYN00276,SYN00276,0.143,0.186,0.571,synthetic-health-syn00276,new,,
SYNNEG00191,SYNNEG00191,https://synthetic.local/watch?v=SYNNEG00191,ඔවුන් මේක සඟවනවා! පාසල් නිවාඩු ගැන සම්පූර්ණ ඇත්ත,පාසල් නිවාඩු සම්බන්ධ කාලසටහන් වෙනස්වීම සහ අධ්‍යාපන අමාත්‍යාංශ update ගැන සිංහල පැහැදිලි කිරීමක්.,"මේ update එකේ ප්‍රධාන කරුණ පාසල් නිවාඩු සම්බන්ධයෙන් ලැබුණු තොරතුරුයි. කාලසටහන් වෙනස්වීම ගැන කථිකයා පියවරෙන් පියවර පැහැදිලි කරයි. මෙහිදී source ලෙස සඳහන් කරන්නේ අධ්‍යාපන අමාත්‍යාංශ update යන්නයි. මෙය external fact check එකක් නොව title, description සහ transcript එක එකිනෙකට ගැළපෙනවාද කියලා බලන උදාහරණයක්. වැදගත්ම දෙය නම් claim එකට transcript එක තුළ ප්‍රමාණවත් support තියෙනවාද කියලා පරීක්ෂා කිරීමයි.",Education,False,Inconsistent,title_transcript_mismatch,Title makes a stronger promise than the transcript supports.,true,SYN00412,SYN00422,0.047,0.210,0.143,synthetic-education-synneg00191,new,,
SYN00267,SYN00267,https://synthetic.local/watch?v=SYN00267,අමාත්‍ය මණ්ඩලය ගැන official update - නව තීරණ,අමාත්‍ය මණ්ඩලය සම්බන්ධ නව තීරණ සහ මාධ්‍ය හමුවේ විස්තර ගැන සිංහල පැහැදිලි කිරීමක්.,"අද වීඩියෝවෙන් අපි කතා කරන්නේ අමාත්‍ය මණ්ඩලය ගැනයි. අවසානයේ viewers ලාට නිල update බලලා තීරණ ගන්න කියනවා. නව තීරණ ගැන කථිකයා පියවරෙන් පියවර පැහැදිලි කරයි. මෙය external fact check එකක් නොව title, description සහ transcript එක එකිනෙකට ගැළපෙනවාද කියලා බලන උදාහරණයක්. වැදගත්ම දෙය නම් claim එකට transcript එක තුළ ප්‍රමාණවත් support තියෙනවාද කියලා පරීක්ෂා කිරීමයි.",Politics,Not False,Consistent,consistent,"Title, description, and transcript discuss the same subject and supported detail.",false,SYN00267,SYN00267,0.145,0.115,0.312,synthetic-politics-syn00267,new,,
SYNNEG00283,SYNNEG00283,https://synthetic.local/watch?v=SYNNEG00283,Breaking! රන් මිල ගැන කවුරුත් නොකියන භයානක රහස,මෙම video එක 100% තහවුරු වූ breaking news එකක් කියලා overclaim කරයි.,"මේ update එකේ ප්‍රධාන කරුණ රන් මිල සම්බන්ධයෙන් ලැබුණු තොරතුරුයි. video එක පුරාම ප්‍රධාන අවධානය අද වෙළඳපොළ තත්ත්වය මතම තියෙනවා. අවසානයේ viewers ලාට නිල update බලලා තීරණ ගන්න කියනවා. මෙය external fact check එකක් නොව title, description සහ transcript එක එකිනෙකට ගැළපෙනවාද කියලා බලන උදාහරණයක්. වැදගත්ම දෙය නම් claim එකට transcript එක තුළ ප්‍රමාණවත් support තියෙනවාද කියලා පරීක්ෂා කිරීමයි.",Finance,False,Inconsistent,clickbait_overclaim,Metadata overclaims certainty while transcript is only a general discussion.,true,SYN00334,SYN00344,0.032,0.062,0.000,synthetic-finance-synneg00283,new,,
SYNNEG00438,SYNNEG00438,https://synthetic.local/watch?v=SYNNEG00438,ඔවුන් මේක සඟවනවා! Facebook account ගැන සම්පූර්ණ ඇත්ත,මෙම video එක 100% තහවුරු වූ breaking news එකක් කියලා overclaim කරයි.,"ගොඩක් අය අහන ප්‍රශ්නයක් වන Facebook account ගැන මෙහි පැහැදිලි කරනවා. මෙහිදී source ලෙස සඳහන් කරන්නේ password ආරක්ෂාව යන්නයි. video එක පුරාම ප්‍රධාන අවධානය security warning මතම තියෙනවා. මෙය external fact check එකක් නොව title, description සහ transcript එක එකිනෙකට ගැළපෙනවාද කියලා බලන උදාහරණයක්. වැදගත්ම දෙය නම් claim එකට transcript එක තුළ ප්‍රමාණවත් support තියෙනවාද කියලා පරීක්ෂා කිරීමයි.",Technology,False,Inconsistent,clickbait_overclaim,Metadata overclaims certainty while transcript is only a general discussion.,true,SYN00389,SYN00399,0.047,0.060,0.000,synthetic-technology-synneg00438,new,,
SYNNEG00034,SYNNEG00034,https://synthetic.local/watch?v=SYNNEG00034,gazette නිවේදනය සම්බන්ධ නව තීරණයක්ද? ජනතාව අහන ප්‍රශ්න,gazette නිවේදනය සම්බන්ධ නව නියමයන් සහ අදාළ දිනය සහ බලපෑම ගැන සිංහල පැහැදිලි කිරීමක්.,"අද වීඩියෝවෙන් අපි කතා කරන්නේ gazette නිවේදනය ගැනයි. මෙහිදී source ලෙස සඳහන් කරන්නේ අදාළ දිනය සහ බලපෑම යන්නයි. video එක පුරාම ප්‍රධාන අවධානය නව නියමයන් මතම තියෙනවා. මෙය external fact check එකක් නොව title, description සහ transcript එක එකිනෙකට ගැළපෙනවාද කියලා බලන උදාහරණයක්. වැදගත්ම දෙය නම් claim එකට transcript එක තුළ ප්‍රමාණවත් support තියෙනවාද කියලා පරීක්ෂා කිරීමයි.",Government,False,Inconsistent,weak_support,Transcript mentions the topic but does not support the main promised claim.,true,SYN00345,SYN00355,0.067,0.133,0.222,synthetic-government-synneg00034,new,,
SYN00023,SYN00023,https://synthetic.local/watch?v=SYN00023,ටෙලි නාට්‍යය ගැන official update - අලුත් episode,ටෙලි නාට්‍යය සම්බන්ධ අලුත් episode සහ කතාවේ ඉදිරි වෙනස්කම් ගැන සිංහල පැහැදිලි කිරීමක්.,"ගොඩක් අය අහන ප්‍රශ්නයක් වන ටෙලි නාට්‍යය ගැන මෙහි පැහැදිලි කරනවා. අවසානයේ viewers ලාට නිල update බලලා තීරණ ගන්න කියනවා. අලුත් episode ගැන කථිකයා පියවරෙන් පියවර පැහැදිලි කරයි. මෙය external fact check එකක් නොව title, description සහ transcript එක එකිනෙකට ගැළපෙනවාද කියලා බලන උදාහරණයක්. වැදගත්ම දෙය නම් claim එකට transcript එක තුළ ප්‍රමාණවත් support තියෙනවාද කියලා පරීක්ෂා කිරීමයි.",Entertainment,Not False,Consistent,consistent,"Title, description, and transcript discuss the same subject and supported detail.",false,SYN00023,SYN00023,0.155,0.125,0.353,synthetic-entertainment-syn00023,new,,
SYNNEG00043,SYNNEG00043,https://synthetic.local/watch?v=SYNNEG00043,Breaking! විදුලි බිල් සහනය ගැන කවුරුත් නොකියන භයානක රහස,මෙම video එක 100% තහවුරු වූ breaking news එකක් කියලා overclaim කරයි.,"ගොඩක් අය අහන ප්‍රශ්නයක් වන විදුලි බිල් සහනය ගැන මෙහි පැහැදිලි කරනවා. video එක පුරාම ප්‍රධාන අවධානය ගෙවීම් ක්‍රම මතම තියෙනවා. අවසානයේ viewers ලාට නිල update බලලා තීරණ ගන්න කියනවා. මෙය external fact check එකක් නොව title, description සහ transcript එක එකිනෙකට ගැළපෙනවාද කියලා බලන උදාහරණයක්. වැදගත්ම දෙය නම් claim එකට transcript එක තුළ ප්‍රමාණවත් support තියෙනවාද කියලා පරීක්ෂා කිරීමයි.",Finance,False,Inconsistent,clickbait_overclaim,Metadata overclaims certainty while transcript is only a general discussion.,true,SYN00434,SYN00444,0.061,0.058,0.000,synthetic-finance-synneg00043,new,,
SYN00098,SYN00098,https://synthetic.local/watch?v=SYN00098,ධර්ම දේශනාව ගැන official update - සජීවී වැඩසටහන,ධර්ම දේශනාව සම්බන්ධ සජීවී වැඩසටහන සහ භික්ෂූන් වහන්සේගේ පැහැදිලි කිරීම ගැන සිංහල පැහැදිලි කිරීමක්.,"ගොඩක් අය අහන ප්‍රශ්නයක් වන ධර්ම දේශනාව ගැන මෙහි පැහැදිලි කරනවා. video එක පුරාම ප්‍රධාන අවධානය සජීවී වැඩසටහන මතම තියෙනවා. අවසානයේ viewers ලාට නිල update බලලා තීරණ ගන්න කියනවා. මෙය external fact check එකක් නොව title, description සහ transcript එක එකිනෙකට ගැළපෙනවාද කියලා බලන උදාහරණයක්. වැදගත්ම දෙය නම් claim එකට transcript එක තුළ ප්‍රමාණවත් support තියෙනවාද කියලා පරීක්ෂා කිරීමයි.",Religion,Not False,Consistent,consistent,"Title, description, and transcript discuss the same subject and supported detail.",false,SYN00098,SYN00098,0.136,0.125,0.400,synthetic-religion-syn00098,new,,
SYN00296,SYN00296,https://synthetic.local/watch?v=SYN00296,දියවැඩියාව ගැන official update - ආහාර පාලන ක්‍රම,දියවැඩියාව සම්බන්ධ ආහාර පාලන ක්‍රම සහ doctor පැහැදිලි කිරීම ගැන සිංහල පැහැදිලි කිරීමක්.,"ගොඩක් අය අහන ප්‍රශ්නයක් වන දියවැඩියාව ගැන මෙහි පැහැදිලි කරනවා. ආහාර පාලන ක්‍රම ගැන කථිකයා පියවරෙන් පියවර පැහැදිලි කරයි. මෙහිදී source ලෙස සඳහන් කරන්නේ doctor පැහැදිලි කිරීම යන්නයි. මෙය external fact check එකක් නොව title, description සහ transcript එක එකිනෙකට ගැළපෙනවාද කියලා බලන උදාහරණයක්. වැදගත්ම දෙය නම් claim එකට transcript එක තුළ ප්‍රමාණවත් support තියෙනවාද කියලා පරීක්ෂා කිරීමයි.",Health,Not False,Consistent,consistent,"Title, description, and transcript discuss the same subject and supported detail.",false,SYN00296,SYN00296,0.117,0.180,0.438,synthetic-health-syn00296,new,,
SYN00461,SYN00461,https://synthetic.local/watch?v=SYN00461,එළවළු මිල ගැන official update - වෙළඳපොළ update,එළවළු මිල සම්බන්ධ වෙළඳපොළ update සහ කොළඹ සහ දඹුල්ල මිල වෙනස්වීම් ගැන සිංහල පැහැදිලි කිරීමක්.,"ගොඩක් අය අහන ප්‍රශ්නයක් වන එළවළු මිල ගැන මෙහි පැහැදිලි කරනවා. මෙහිදී source ලෙස සඳහන් කරන්නේ කොළඹ සහ දඹුල්ල මිල වෙනස්වීම් යන්නයි. video එක පුරාම ප්‍රධාන අවධානය වෙළඳපොළ update මතම තියෙනවා. මෙය external fact check එකක් නොව title, description සහ transcript එක එකිනෙකට ගැළපෙනවාද කියලා බලන උදාහරණයක්. වැදගත්ම දෙය නම් claim එකට transcript එක තුළ ප්‍රමාණවත් support තියෙනවාද කියලා පරීක්ෂා කිරීමයි.",Agriculture,Not False,Consistent,consistent,"Title, description, and transcript discuss the same subject and supported detail.",false,SYN00461,SYN00461,0.098,0.175,0.400,synthetic-agriculture-syn00461,new,,
SYN00198,SYN00198,https://synthetic.local/watch?v=SYN00198,ආගමික උත්සවය ගැන official update - ගමනාගමන සැලැස්ම,ආගමික උත්සවය සම්බන්ධ ගමනාගමන සැලැස්ම සහ පොලීසියේ දැනුම්දීම ගැන සිංහල පැහැදිලි කිරීමක්.,"අද වීඩියෝවෙන් අපි කතා කරන්නේ ආගමික උත්සවය ගැනයි. video එක පුරාම ප්‍රධාන අවධානය ගමනාගමන සැලැස්ම මතම තියෙනවා. අවසානයේ viewers ලාට නිල update බලලා තීරණ ගන්න කියනවා. මෙය external fact check එකක් නොව title, description සහ transcript එක එකිනෙකට ගැළපෙනවාද කියලා බලන උදාහරණයක්. වැදගත්ම දෙය නම් claim එකට transcript එක තුළ ප්‍රමාණවත් support තියෙනවාද කියලා පරීක්ෂා කිරීමයි.",Religion,Not False,Consistent,consistent,"Title, description, and transcript discuss the same subject and supported detail.",false,SYN00198,SYN00198,0.123,0.079,0.333,synthetic-religion-syn00198,new,,
SYNNEG00208,SYNNEG00208,https://synthetic.local/watch?v=SYNNEG00208,දැන්ම බලන්න! mobile app නිසා ලංකාවම කම්පා වෙයි,මෙම video එක 100% තහවුරු වූ breaking news එකක් කියලා overclaim කරයි.,"ගොඩක් අය අහන ප්‍රශ්නයක් වන mobile app ගැන මෙහි පැහැදිලි කරනවා. මෙහිදී source ලෙස සඳහන් කරන්නේ දත්ත ආරක්ෂාව ගැන පැහැදිලි කිරීම යන්නයි. video එක පුරාම ප්‍රධාන අවධානය privacy update මතම තියෙනවා. මෙය external fact check එකක් නොව title, description සහ transcript එක එකිනෙකට ගැළපෙනවාද කියලා බලන උදාහරණයක්. වැදගත්ම දෙය නම් claim එකට transcript එක තුළ ප්‍රමාණවත් support තියෙනවාද කියලා පරීක්ෂා කිරීමයි.",Technology,False,Inconsistent,clickbait_overclaim,Metadata overclaims certainty while transcript is only a general discussion.,true,SYN00089,SYN00099,0.031,0.060,0.000,synthetic-technology-synneg00208,new,,
SYN00262,SYN00262,https://synthetic.local/watch?v=SYN00262,විශ්වවිද්‍යාල ප්‍රවේශය ගැන official update - නව cut-off ලකුණු,විශ්වවිද්‍යාල ප්‍රවේශය සම්බන්ධ නව cut-off ලකුණු සහ අයදුම්කරුවන්ට උපදෙස් ගැන සිංහල පැහැදිලි කිරීමක්.,"මේ update එකේ ප්‍රධාන කරුණ විශ්වවිද්‍යාල ප්‍රවේශය සම්බන්ධයෙන් ලැබුණු තොරතුරුයි. video එක පුරාම ප්‍රධාන අවධානය නව cut-off ලකුණු මතම තියෙනවා. අවසානයේ viewers ලාට නිල update බලලා තීරණ ගන්න කියනවා. මෙය external fact check එකක් නොව title, description සහ transcript එක එකිනෙකට ගැළපෙනවාද කියලා බලන උදාහරණයක්. වැදගත්ම දෙය නම් claim එකට transcript එක තුළ ප්‍රමාණවත් support තියෙනවාද කියලා පරීක්ෂා කිරීමයි.",Education,Not False,Consistent,consistent,"Title, description, and transcript discuss the same subject and supported detail.",false,SYN00262,SYN00262,0.186,0.138,0.474,synthetic-education-syn00262,new,,
SYN00311,SYN00311,https://synthetic.local/watch?v=SYN00311,ජල සැපයුම ගැන official update - ගොවිබිම් සඳහා කාලසටහන,ජල සැපයුම සම්බන්ධ ගොවිබිම් සඳහා කාලසටහන සහ ප්‍රදේශ අනුව ලබාදෙන ජල මුර ගැන සිංහල පැහැදිලි කිරීමක්.,"ගොඩක් අය අහන ප්‍රශ්නයක් වන ජල සැපයුම ගැන මෙහි පැහැදිලි කරනවා. අවසානයේ viewers ලාට නිල update බලලා තීරණ ගන්න කියනවා. ගොවිබිම් සඳහා කාලසටහන ගැන කථිකයා පියවරෙන් පියවර පැහැදිලි කරයි. මෙය external fact check එකක් නොව title, description සහ transcript එක එකිනෙකට ගැළපෙනවාද කියලා බලන උදාහරණයක්. වැදගත්ම දෙය නම් claim එකට transcript එක තුළ ප්‍රමාණවත් support තියෙනවාද කියලා පරීක්ෂා කිරීමයි.",Agriculture,Not False,Consistent,consistent,"Title, description, and transcript discuss the same subject and supported detail.",false,SYN00311,SYN00311,0.155,0.138,0.316,synthetic-agriculture-syn00311,new,,
SYNNEG00480,SYNNEG00480,https://synthetic.local/watch?v=SYNNEG00480,එළවළු මිල ගැන official update - වෙළඳපොළ update,එළවළු මිල සම්බන්ධ වෙළඳපොළ update සහ කොළඹ සහ දඹුල්ල මිල වෙනස්වීම් ගැන සිංහල පැහැදිලි කිරීමක්.,"ගොඩක් අය අහන ප්‍රශ්නයක් වන ජල සැපයුම ගැන මෙහි පැහැදිලි කරනවා. අවසානයේ viewers ලාට නිල update බලලා තීරණ ගන්න කියනවා. ගොවිබිම් සඳහා කාලසටහන ගැන කථිකයා පියවරෙන් පියවර පැහැදිලි කරයි. මෙය external fact check එකක් නොව title, description සහ transcript එක එකිනෙකට ගැළපෙනවාද කියලා බලන උදාහරණයක්. වැදගත්ම දෙය නම් claim එකට transcript එක තුළ ප්‍රමාණවත් support තියෙනවාද කියලා පරීක්ෂා කිරීමයි.",Agriculture,False,Inconsistent,same_topic_swap,Same-topic hard negative: metadata and transcript are from different synthetic videos.,true,SYN00301,SYN00311,0.066,0.075,0.400,synthetic-agriculture-synneg00480,new,,
SYN00161,SYN00161,https://synthetic.local/watch?v=SYN00161,වී වගාව ගැන official update - පොහොර සහනාධාරය,වී වගාව සම්බන්ධ පොහොර සහනාධාරය සහ කෘෂිකර්ම නිලධාරීන්ගේ උපදෙස් ගැන සිංහල පැහැදිලි කිරීමක්.,"ගොඩක් අය අහන ප්‍රශ්නයක් වන වී වගාව ගැන මෙහි පැහැදිලි කරනවා. මෙහිදී source ලෙස සඳහන් කරන්නේ කෘෂිකර්ම නිලධාරීන්ගේ උපදෙස් යන්නයි. video එක පුරාම ප්‍රධාන අවධානය පොහොර සහනාධාරය මතම තියෙනවා. මෙය external fact check එකක් නොව title, description සහ transcript එක එකිනෙකට ගැළපෙනවාද කියලා බලන උදාහරණයක්. වැදගත්ම දෙය නම් claim එකට transcript එක තුළ ප්‍රමාණවත් support තියෙනවාද කියලා පරීක්ෂා කිරීමයි.",Agriculture,Not False,Consistent,consistent,"Title, description, and transcript discuss the same subject and supported detail.",false,SYN00161,SYN00161,0.081,0.161,0.312,synthetic-agriculture-syn00161,new,,
SYN00403,SYN00403,https://synthetic.local/watch?v=SYN00403,නව චිත්‍රපටය ගැන official update - release දිනය,නව චිත්‍රපටය සම්බන්ධ release දිනය සහ අධ්‍යක්ෂවරයාගේ පැහැදිලි කිරීම ගැන සිංහල පැහැදිලි කිරීමක්.,"මේ update එකේ ප්‍රධාන කරුණ නව චිත්‍රපටය සම්බන්ධයෙන් ලැබුණු තොරතුරුයි. අවසානයේ viewers ලාට නිල update බලලා තීරණ ගන්න කියනවා. release දිනය ගැන කථිකයා පියවරෙන් පියවර පැහැදිලි කරයි. මෙය external fact check එකක් නොව title, description සහ transcript එක එකිනෙකට ගැළපෙනවාද කියලා බලන උදාහරණයක්. වැදගත්ම දෙය නම් claim එකට transcript එක තුළ ප්‍රමාණවත් support තියෙනවාද කියලා පරීක්ෂා කිරීමයි.",Entertainment,Not False,Consistent,consistent,"Title, description, and transcript discuss the same subject and supported detail.",false,SYN00403,SYN00403,0.158,0.145,0.438,synthetic-entertainment-syn00403,new,,
SYNNEG00040,SYNNEG00040,https://synthetic.local/watch?v=SYNNEG00040,වී වගාව ගැන official update - පොහොර සහනාධාරය,වී වගාව සම්බන්ධ පොහොර සහනාධාරය සහ කෘෂිකර්ම නිලධාරීන්ගේ උපදෙස් ගැන සිංහල පැහැදිලි කිරීමක්.,"අද වීඩියෝවෙන් අපි කතා කරන්නේ තේ වගාව ගැනයි. අවසානයේ viewers ලාට නිල update බලලා තීරණ ගන්න කියනවා. නව රෝග පාලන ක්‍රම ගැන කථිකයා පියවරෙන් පියවර පැහැදිලි කරයි. මෙය external fact check එකක් නොව title, description සහ transcript එක එකිනෙකට ගැළපෙනවාද කියලා බලන උදාහරණයක්. වැදගත්ම දෙය නම් claim එකට transcript එක තුළ ප්‍රමාණවත් support තියෙනවාද කියලා පරීක්ෂා කිරීමයි.",Agriculture,False,Inconsistent,same_topic_swap,Same-topic hard negative: metadata and transcript are from different synthetic videos.,true,SYN00401,SYN00411,0.081,0.059,0.312,synthetic-agriculture-synneg00040,new,,
SYN00177,SYN00177,https://synthetic.local/watch?v=SYN00177,election update ගැන official update - ඡන්ද දිනය ගැන පැහැදිලි කිරීම,election update සම්බන්ධ ඡන්ද දිනය ගැන පැහැදිලි කිරීම සහ කොමිසමේ නිවේදනය ගැන සිංහල පැහැදිලි කිරීමක්.,"අද වීඩියෝවෙන් අපි කතා කරන්නේ election update ගැනයි. මෙහිදී source ලෙස සඳහන් කරන්නේ කොමිසමේ නිවේදනය යන්නයි. video එක පුරාම ප්‍රධාන අවධානය ඡන්ද දිනය ගැන පැහැදිලි කිරීම මතම තියෙනවා. මෙය external fact check එකක් නොව title, description සහ transcript එක එකිනෙකට ගැළපෙනවාද කියලා බලන උදාහරණයක්. වැදගත්ම දෙය නම් claim එකට transcript එක තුළ ප්‍රමාණවත් support තියෙනවාද කියලා පරීක්ෂා කිරීමයි.",Politics,Not False,Consistent,consistent,"Title, description, and transcript discuss the same subject and supported detail.",false,SYN00177,SYN00177,0.121,0.167,0.500,synthetic-politics-syn00177,new,,
SYNNEG00227,SYNNEG00227,https://synthetic.local/watch?v=SYNNEG00227,ආගමික උත්සවය ගැන official update - ගමනාගමන සැලැස්ම,"ආගමික උත්සවය ගැන සියලු official ලේඛන, නම් ලැයිස්තු, දිනයන් සහ රහස් තොරතුරු transcript එකේ සම්පූර්ණයෙන් ඇති බව කියයි.","ගොඩක් අය අහන ප්‍රශ්නයක් වන ආගමික උත්සවය ගැන මෙහි පැහැදිලි කරනවා. video එක පුරාම ප්‍රධාන අවධානය ගමනාගමන සැලැස්ම මතම තියෙනවා. අවසානයේ viewers ලාට නිල update බලලා තීරණ ගන්න කියනවා. මෙය external fact check එකක් නොව title, description සහ transcript එක එකිනෙකට ගැළපෙනවාද කියලා බලන උදාහරණයක්. වැදගත්ම දෙය නම් claim එකට transcript එක තුළ ප්‍රමාණවත් support තියෙනවාද කියලා පරීක්ෂා කිරීමයි.",Religion,False,Inconsistent,description_transcript_mismatch,Description promises detailed evidence that the transcript does not contain.,true,SYN00278,SYN00288,0.136,0.100,0.182,synthetic-religion-synneg00227,new,,
SYNNEG00294,SYNNEG00294,https://synthetic.local/watch?v=SYNNEG00294,රජයේ allowance ගැන ලොකු වෙනසක්? සම්පූර්ණ update මෙන්න,රජයේ allowance සම්බන්ධ official අයදුම් ක්‍රමය සහ ලැබිය යුතු පවුල් කාණ්ඩ ගැන සිංහල පැහැදිලි කිරීමක්.,"මේ update එකේ ප්‍රධාන කරුණ රජයේ allowance සම්බන්ධයෙන් ලැබුණු තොරතුරුයි. මෙහිදී source ලෙස සඳහන් කරන්නේ ලැබිය යුතු පවුල් කාණ්ඩ යන්නයි. video එක පුරාම ප්‍රධාන අවධානය official අයදුම් ක්‍රමය මතම තියෙනවා. මෙය external fact check එකක් නොව title, description සහ transcript එක එකිනෙකට ගැළපෙනවාද කියලා බලන උදාහරණයක්. වැදගත්ම දෙය නම් claim එකට transcript එක තුළ ප්‍රමාණවත් support තියෙනවාද කියලා පරීක්ෂා කිරීමයි.",Government,False,Inconsistent,weak_support,Transcript mentions the topic but does not support the main promised claim.,true,SYN00445,SYN00455,0.062,0.169,0.136,synthetic-government-synneg00294,new,,
SYNNEG00319,SYNNEG00319,https://synthetic.local/watch?v=SYNNEG00319,උෂ්ණත්වය සම්බන්ධ නව තීරණයක්ද? ජනතාව අහන ප්‍රශ්න,උෂ්ණත්වය සම්බන්ධ අද දවසේ වෙනස්වීම් සහ සෞඛ්‍ය උපදෙස් ගැන සිංහල පැහැදිලි කිරීමක්.,"ගොඩක් අය අහන ප්‍රශ්නයක් වන උෂ්ණත්වය ගැන මෙහි පැහැදිලි කරනවා. අද දවසේ වෙනස්වීම් ගැන කථිකයා පියවරෙන් පියවර පැහැදිලි කරයි. මෙහිදී source ලෙස සඳහන් කරන්නේ සෞඛ්‍ය උපදෙස් යන්නයි. මෙය external fact check එකක් නොව title, description සහ transcript එක එකිනෙකට ගැළපෙනවාද කියලා බලන උදාහරණයක්. වැදගත්ම දෙය නම් claim එකට transcript එක තුළ ප්‍රමාණවත් support තියෙනවාද කියලා පරීක්ෂා කිරීමයි.",Weather,False,Inconsistent,weak_support,Transcript mentions the topic but does not support the main promised claim.,true,SYN00200,SYN00210,0.049,0.153,0.111,synthetic-weather-synneg00319,new,,
SYNNEG00279,SYNNEG00279,https://synthetic.local/watch?v=SYNNEG00279,සුළි කුණාටු අවදානම ගැන ලොකු වෙනසක්? සම්පූර්ණ update මෙන්න,සුළි කුණාටු අවදානම සම්බන්ධ official forecast සහ මුහුදු ප්‍රදේශ අනතුරු ඇඟවීම ගැන සිංහල පැහැදිලි කිරීමක්.,"අද වීඩියෝවෙන් අපි කතා කරන්නේ සුළි කුණාටු අවදානම ගැනයි. official forecast ගැන කථිකයා පියවරෙන් පියවර පැහැදිලි කරයි. මෙහිදී source ලෙස සඳහන් කරන්නේ මුහුදු ප්‍රදේශ අනතුරු ඇඟවීම යන්නයි. මෙය external fact check එකක් නොව title, description සහ transcript එක එකිනෙකට ගැළපෙනවාද කියලා බලන උදාහරණයක්. වැදගත්ම දෙය නම් claim එකට transcript එක තුළ ප්‍රමාණවත් support තියෙනවාද කියලා පරීක්ෂා කිරීමයි.",Weather,False,Inconsistent,weak_support,Transcript mentions the topic but does not support the main promised claim.,true,SYN00300,SYN00310,0.063,0.217,0.182,synthetic-weather-synneg00279,new,,
SYNNEG00257,SYNNEG00257,https://synthetic.local/watch?v=SYNNEG00257,ආගමික උත්සවය ගැන official update - ගමනාගමන සැලැස්ම,"ආගමික උත්සවය ගැන සියලු official ලේඛන, නම් ලැයිස්තු, දිනයන් සහ රහස් තොරතුරු transcript එකේ සම්පූර්ණයෙන් ඇති බව කියයි.","අද වීඩියෝවෙන් අපි කතා කරන්නේ ආගමික උත්සවය ගැනයි. video එක පුරාම ප්‍රධාන අවධානය ගමනාගමන සැලැස්ම මතම තියෙනවා. අවසානයේ viewers ලාට නිල update බලලා තීරණ ගන්න කියනවා. මෙය external fact check එකක් නොව title, description සහ transcript එක එකිනෙකට ගැළපෙනවාද කියලා බලන උදාහරණයක්. වැදගත්ම දෙය නම් claim එකට transcript එක තුළ ප්‍රමාණවත් support තියෙනවාද කියලා පරීක්ෂා කිරීමයි.",Religion,False,Inconsistent,description_transcript_mismatch,Description promises detailed evidence that the transcript does not contain.,true,SYN00078,SYN00088,0.123,0.088,0.182,synthetic-religion-synneg00257,new,,
SYN00298,SYN00298,https://synthetic.local/watch?v=SYN00298,ධර්ම දේශනාව ගැන official update - සජීවී වැඩසටහන,ධර්ම දේශනාව සම්බන්ධ සජීවී වැඩසටහන සහ භික්ෂූන් වහන්සේගේ පැහැදිලි කිරීම ගැන සිංහල පැහැදිලි කිරීමක්.,"මේ update එකේ ප්‍රධාන කරුණ ධර්ම දේශනාව සම්බන්ධයෙන් ලැබුණු තොරතුරුයි. video එක පුරාම ප්‍රධාන අවධානය සජීවී වැඩසටහන මතම තියෙනවා. අවසානයේ viewers ලාට නිල update බලලා තීරණ ගන්න කියනවා. මෙය external fact check එකක් නොව title, description සහ transcript එක එකිනෙකට ගැළපෙනවාද කියලා බලන උදාහරණයක්. වැදගත්ම දෙය නම් claim එකට transcript එක තුළ ප්‍රමාණවත් support තියෙනවාද කියලා පරීක්ෂා කිරීමයි.",Religion,Not False,Consistent,consistent,"Title, description, and transcript discuss the same subject and supported detail.",false,SYN00298,SYN00298,0.125,0.097,0.400,synthetic-religion-syn00298,new,,
SYN00092,SYN00092,https://synthetic.local/watch?v=SYN00092,පාසල් නිවාඩු ගැන official update - කාලසටහන් වෙනස්වීම,පාසල් නිවාඩු සම්බන්ධ කාලසටහන් වෙනස්වීම සහ අධ්‍යාපන අමාත්‍යාංශ update ගැන සිංහල පැහැදිලි කිරීමක්.,"ගොඩක් අය අහන ප්‍රශ්නයක් වන පාසල් නිවාඩු ගැන මෙහි පැහැදිලි කරනවා. කාලසටහන් වෙනස්වීම ගැන කථිකයා පියවරෙන් පියවර පැහැදිලි කරයි. මෙහිදී source ලෙස සඳහන් කරන්නේ අධ්‍යාපන අමාත්‍යාංශ update යන්නයි. මෙය external fact check එකක් නොව title, description සහ transcript එක එකිනෙකට ගැළපෙනවාද කියලා බලන උදාහරණයක්. වැදගත්ම දෙය නම් claim එකට transcript එක තුළ ප්‍රමාණවත් support තියෙනවාද කියලා පරීක්ෂා කිරීමයි.",Education,Not False,Consistent,consistent,"Title, description, and transcript discuss the same subject and supported detail.",false,SYN00092,SYN00092,0.115,0.206,0.412,synthetic-education-syn00092,new,,
SYNNEG00430,SYNNEG00430,https://synthetic.local/watch?v=SYNNEG00430,එළවළු මිල ගැන official update - වෙළඳපොළ update,එළවළු මිල සම්බන්ධ වෙළඳපොළ update සහ කොළඹ සහ දඹුල්ල මිල වෙනස්වීම් ගැන සිංහල පැහැදිලි කිරීමක්.,"ගොඩක් අය අහන ප්‍රශ්නයක් වන ජල සැපයුම ගැන මෙහි පැහැදිලි කරනවා. අවසානයේ viewers ලාට නිල update බලලා තීරණ ගන්න කියනවා. ගොවිබිම් සඳහා කාලසටහන ගැන කථිකයා පියවරෙන් පියවර පැහැදිලි කරයි. මෙය external fact check එකක් නොව title, description සහ transcript එක එකිනෙකට ගැළපෙනවාද කියලා බලන උදාහරණයක්. වැදගත්ම දෙය නම් claim එකට transcript එක තුළ ප්‍රමාණවත් support තියෙනවාද කියලා පරීක්ෂා කිරීමයි.",Agriculture,False,Inconsistent,same_topic_swap,Same-topic hard negative: metadata and transcript are from different synthetic videos.,true,SYN00301,SYN00311,0.066,0.075,0.400,synthetic-agriculture-synneg00430,new,,
SYN00450,SYN00450,https://synthetic.local/watch?v=SYN00450,වැසි තත්ත්වය ගැන official update - කාලගුණ warning,වැසි තත්ත්වය සම්බන්ධ කාලගුණ warning සහ දිස්ත්‍රික්ක අනුව අනාවැකි ගැන සිංහල පැහැදිලි කිරීමක්.,"අද වීඩියෝවෙන් අපි කතා කරන්නේ වැසි තත්ත්වය ගැනයි. video එක පුරාම ප්‍රධාන අවධානය කාලගුණ warning මතම තියෙනවා. අවසානයේ viewers ලාට නිල update බලලා තීරණ ගන්න කියනවා. මෙය external fact check එකක් නොව title, description සහ transcript එක එකිනෙකට ගැළපෙනවාද කියලා බලන උදාහරණයක්. වැදගත්ම දෙය නම් claim එකට transcript එක තුළ ප්‍රමාණවත් support තියෙනවාද කියලා පරීක්ෂා කිරීමයි.",Weather,Not False,Consistent,consistent,"Title, description, and transcript discuss the same subject and supported detail.",false,SYN00450,SYN00450,0.138,0.091,0.333,synthetic-weather-syn00450,new,,
SYNNEG00146,SYNNEG00146,https://synthetic.local/watch?v=SYNNEG00146,100% තහවුරුයි! අමාත්‍ය මණ්ඩලය ගැන official තීරණය එළියට,අමාත්‍ය මණ්ඩලය සම්බන්ධ නව තීරණ සහ මාධ්‍ය හමුවේ විස්තර ගැන සිංහල පැහැදිලි කිරීමක්.,"ගොඩක් අය අහන ප්‍රශ්නයක් වන අමාත්‍ය මණ්ඩලය ගැන මෙහි පැහැදිලි කරනවා. අවසානයේ viewers ලාට නිල update බලලා තීරණ ගන්න කියනවා. නව තීරණ ගැන කථිකයා පියවරෙන් පියවර පැහැදිලි කරයි. මෙය external fact check එකක් නොව title, description සහ transcript එක එකිනෙකට ගැළපෙනවාද කියලා බලන උදාහරණයක්. වැදගත්ම දෙය නම් claim එකට transcript එක තුළ ප්‍රමාණවත් support තියෙනවාද කියලා පරීක්ෂා කිරීමයි.",Politics,False,Inconsistent,title_transcript_mismatch,Title makes a stronger promise than the transcript supports.,true,SYN00467,SYN00477,0.067,0.113,0.167,synthetic-politics-synneg00146,new,,
SYN00015,SYN00015,https://synthetic.local/watch?v=SYN00015,passport සේවාව ගැන official update - online booking update,passport සේවාව සම්බන්ධ online booking update සහ කාර්යාල වේලාවන් ගැන සිංහල පැහැදිලි කිරීමක්.,"අද වීඩියෝවෙන් අපි කතා කරන්නේ passport සේවාව ගැනයි. අවසානයේ viewers ලාට නිල update බලලා තීරණ ගන්න කියනවා. online booking update ගැන කථිකයා පියවරෙන් පියවර පැහැදිලි කරයි. මෙය external fact check එකක් නොව title, description සහ transcript එක එකිනෙකට ගැළපෙනවාද කියලා බලන උදාහරණයක්. වැදගත්ම දෙය නම් claim එකට transcript එක තුළ ප්‍රමාණවත් support තියෙනවාද කියලා පරීක්ෂා කිරීමයි.",Government,Not False,Consistent,consistent,"Title, description, and transcript discuss the same subject and supported detail.",false,SYN00015,SYN00015,0.143,0.148,0.467,synthetic-government-syn00015,new,,
SYN00481,SYN00481,https://synthetic.local/watch?v=SYN00481,වී වගාව ගැන official update - පොහොර සහනාධාරය,වී වගාව සම්බන්ධ පොහොර සහනාධාරය සහ කෘෂිකර්ම නිලධාරීන්ගේ උපදෙස් ගැන සිංහල පැහැදිලි කිරීමක්.,"මේ update එකේ ප්‍රධාන කරුණ වී වගාව සම්බන්ධයෙන් ලැබුණු තොරතුරුයි. මෙහිදී source ලෙස සඳහන් කරන්නේ කෘෂිකර්ම නිලධාරීන්ගේ උපදෙස් යන්නයි. video එක පුරාම ප්‍රධාන අවධානය පොහොර සහනාධාරය මතම තියෙනවා. මෙය external fact check එකක් නොව title, description සහ transcript එක එකිනෙකට ගැළපෙනවාද කියලා බලන උදාහරණයක්. වැදගත්ම දෙය නම් claim එකට transcript එක තුළ ප්‍රමාණවත් support තියෙනවාද කියලා පරීක්ෂා කිරීමයි.",Agriculture,Not False,Consistent,consistent,"Title, description, and transcript discuss the same subject and supported detail.",false,SYN00481,SYN00481,0.102,0.129,0.312,synthetic-agriculture-syn00481,new,,
SYNNEG00497,SYNNEG00497,https://synthetic.local/watch?v=SYNNEG00497,ආගමික උත්සවය ගැන official update - ගමනාගමන සැලැස්ම,"ආගමික උත්සවය ගැන සියලු official ලේඛන, නම් ලැයිස්තු, දිනයන් සහ රහස් තොරතුරු transcript එකේ සම්පූර්ණයෙන් ඇති බව කියයි.","මේ update එකේ ප්‍රධාන කරුණ ආගමික උත්සවය සම්බන්ධයෙන් ලැබුණු තොරතුරුයි. video එක පුරාම ප්‍රධාන අවධානය ගමනාගමන සැලැස්ම මතම තියෙනවා. අවසානයේ viewers ලාට නිල update බලලා තීරණ ගන්න කියනවා. මෙය external fact check එකක් නොව title, description සහ transcript එක එකිනෙකට ගැළපෙනවාද කියලා බලන උදාහරණයක්. වැදගත්ම දෙය නම් claim එකට transcript එක තුළ ප්‍රමාණවත් support තියෙනවාද කියලා පරීක්ෂා කිරීමයි.",Religion,False,Inconsistent,description_transcript_mismatch,Description promises detailed evidence that the transcript does not contain.,true,SYN00478,SYN00488,0.125,0.106,0.182,synthetic-religion-synneg00497,new,,
SYNNEG00369,SYNNEG00369,https://synthetic.local/watch?v=SYNNEG00369,උෂ්ණත්වය ගැන ලොකු වෙනසක්? සම්පූර්ණ update මෙන්න,උෂ්ණත්වය සම්බන්ධ අද දවසේ වෙනස්වීම් සහ සෞඛ්‍ය උපදෙස් ගැන සිංහල පැහැදිලි කිරීමක්.,"ගොඩක් අය අහන ප්‍රශ්නයක් වන උෂ්ණත්වය ගැන මෙහි පැහැදිලි කරනවා. අද දවසේ වෙනස්වීම් ගැන කථිකයා පියවරෙන් පියවර පැහැදිලි කරයි. මෙහිදී source ලෙස සඳහන් කරන්නේ සෞඛ්‍ය උපදෙස් යන්නයි. මෙය external fact check එකක් නොව title, description සහ transcript එක එකිනෙකට ගැළපෙනවාද කියලා බලන උදාහරණයක්. වැදගත්ම දෙය නම් claim එකට transcript එක තුළ ප්‍රමාණවත් support තියෙනවාද කියලා පරීක්ෂා කිරීමයි.",Weather,False,Inconsistent,weak_support,Transcript mentions the topic but does not support the main promised claim.,true,SYN00200,SYN00210,0.032,0.153,0.111,synthetic-weather-synneg00369,new,,
SYN00432,SYN00432,https://synthetic.local/watch?v=SYN00432,ශිෂ්‍යත්ව exam ගැන official update - අයදුම්පත් දිනය,ශිෂ්‍යත්ව exam සම්බන්ධ අයදුම්පත් දිනය සහ පාසල් මට්ටමේ දැනුම්දීම් ගැන සිංහල පැහැදිලි කිරීමක්.,"අද වීඩියෝවෙන් අපි කතා කරන්නේ ශිෂ්‍යත්ව exam ගැනයි. අයදුම්පත් දිනය ගැන කථිකයා පියවරෙන් පියවර පැහැදිලි කරයි. මෙහිදී source ලෙස සඳහන් කරන්නේ පාසල් මට්ටමේ දැනුම්දීම් යන්නයි. මෙය external fact check එකක් නොව title, description සහ transcript එක එකිනෙකට ගැළපෙනවාද කියලා බලන උදාහරණයක්. වැදගත්ම දෙය නම් claim එකට transcript එක තුළ ප්‍රමාණවත් support තියෙනවාද කියලා පරීක්ෂා කිරීමයි.",Education,Not False,Consistent,consistent,"Title, description, and transcript discuss the same subject and supported detail.",false,SYN00432,SYN00432,0.102,0.186,0.353,synthetic-education-syn00432,new,,
SYNNEG00196,SYNNEG00196,https://synthetic.local/watch?v=SYNNEG00196,Breaking! අමාත්‍ය මණ්ඩලය ගැන කවුරුත් නොකියන භයානක රහස,අමාත්‍ය මණ්ඩලය සම්බන්ධ නව තීරණ සහ මාධ්‍ය හමුවේ විස්තර ගැන සිංහල පැහැදිලි කිරීමක්.,"ගොඩක් අය අහන ප්‍රශ්නයක් වන අමාත්‍ය මණ්ඩලය ගැන මෙහි පැහැදිලි කරනවා. අවසානයේ viewers ලාට නිල update බලලා තීරණ ගන්න කියනවා. නව තීරණ ගැන කථිකයා පියවරෙන් පියවර පැහැදිලි කරයි. මෙය external fact check එකක් නොව title, description සහ transcript එක එකිනෙකට ගැළපෙනවාද කියලා බලන උදාහරණයක්. වැදගත්ම දෙය නම් claim එකට transcript එක තුළ ප්‍රමාණවත් support තියෙනවාද කියලා පරීක්ෂා කිරීමයි.",Politics,False,Inconsistent,title_transcript_mismatch,Title makes a stronger promise than the transcript supports.,true,SYN00467,SYN00477,0.049,0.113,0.167,synthetic-politics-synneg00196,new,,
SYNNEG00003,SYNNEG00003,https://synthetic.local/watch?v=SYNNEG00003,Breaking! විදුලි බිල් සහනය ගැන කවුරුත් නොකියන භයානක රහස,මෙම video එක 100% තහවුරු වූ breaking news එකක් කියලා overclaim කරයි.,"මේ update එකේ ප්‍රධාන කරුණ විදුලි බිල් සහනය සම්බන්ධයෙන් ලැබුණු තොරතුරුයි. video එක පුරාම ප්‍රධාන අවධානය ගෙවීම් ක්‍රම මතම තියෙනවා. අවසානයේ viewers ලාට නිල update බලලා තීරණ ගන්න කියනවා. මෙය external fact check එකක් නොව title, description සහ transcript එක එකිනෙකට ගැළපෙනවාද කියලා බලන උදාහරණයක්. වැදගත්ම දෙය නම් claim එකට transcript එක තුළ ප්‍රමාණවත් support තියෙනවාද කියලා පරීක්ෂා කිරීමයි.",Finance,False,Inconsistent,clickbait_overclaim,Metadata overclaims certainty while transcript is only a general discussion.,true,SYN00034,SYN00044,0.048,0.062,0.000,synthetic-finance-synneg00003,new,,
SYN00261,SYN00261,https://synthetic.local/watch?v=SYN00261,එළවළු මිල ගැන official update - වෙළඳපොළ update,එළවළු මිල සම්බන්ධ වෙළඳපොළ update සහ කොළඹ සහ දඹුල්ල මිල වෙනස්වීම් ගැන සිංහල පැහැදිලි කිරීමක්.,"අද වීඩියෝවෙන් අපි කතා කරන්නේ එළවළු මිල ගැනයි. මෙහිදී source ලෙස සඳහන් කරන්නේ කොළඹ සහ දඹුල්ල මිල වෙනස්වීම් යන්නයි. video එක පුරාම ප්‍රධාන අවධානය වෙළඳපොළ update මතම තියෙනවා. මෙය external fact check එකක් නොව title, description සහ transcript එක එකිනෙකට ගැළපෙනවාද කියලා බලන උදාහරණයක්. වැදගත්ම දෙය නම් claim එකට transcript එක තුළ ප්‍රමාණවත් support තියෙනවාද කියලා පරීක්ෂා කිරීමයි.",Agriculture,Not False,Consistent,consistent,"Title, description, and transcript discuss the same subject and supported detail.",false,SYN00261,SYN00261,0.086,0.148,0.400,synthetic-agriculture-syn00261,new,,
SYN00329,SYN00329,https://synthetic.local/watch?v=SYN00329,mobile app ගැන official update - privacy update,mobile app සම්බන්ධ privacy update සහ දත්ත ආරක්ෂාව ගැන පැහැදිලි කිරීම ගැන සිංහල පැහැදිලි කිරීමක්.,"ගොඩක් අය අහන ප්‍රශ්නයක් වන mobile app ගැන මෙහි පැහැදිලි කරනවා. මෙහිදී source ලෙස සඳහන් කරන්නේ දත්ත ආරක්ෂාව ගැන පැහැදිලි කිරීම යන්නයි. video එක පුරාම ප්‍රධාන අවධානය privacy update මතම තියෙනවා. මෙය external fact check එකක් නොව title, description සහ transcript එක එකිනෙකට ගැළපෙනවාද කියලා බලන උදාහරණයක්. වැදගත්ම දෙය නම් claim එකට transcript එක තුළ ප්‍රමාණවත් support තියෙනවාද කියලා පරීක්ෂා කිරීමයි.",Technology,Not False,Consistent,consistent,"Title, description, and transcript discuss the same subject and supported detail.",false,SYN00329,SYN00329,0.100,0.161,0.429,synthetic-technology-syn00329,new,,
SYN00180,SYN00180,https://synthetic.local/watch?v=SYN00180,සුළි කුණාටු අවදානම ගැන official update - official forecast,සුළි කුණාටු අවදානම සම්බන්ධ official forecast සහ මුහුදු ප්‍රදේශ අනතුරු ඇඟවීම ගැන සිංහල පැහැදිලි කිරීමක්.,"අද වීඩියෝවෙන් අපි කතා කරන්නේ සුළි කුණාටු අවදානම ගැනයි. official forecast ගැන කථිකයා පියවරෙන් පියවර පැහැදිලි කරයි. මෙහිදී source ලෙස සඳහන් කරන්නේ මුහුදු ප්‍රදේශ අනතුරු ඇඟවීම යන්නයි. මෙය external fact check එකක් නොව title, description සහ transcript එක එකිනෙකට ගැළපෙනවාද කියලා බලන උදාහරණයක්. වැදගත්ම දෙය නම් claim එකට transcript එක තුළ ප්‍රමාණවත් support තියෙනවාද කියලා පරීක්ෂා කිරීමයි.",Weather,Not False,Consistent,consistent,"Title, description, and transcript discuss the same subject and supported detail.",false,SYN00180,SYN00180,0.102,0.217,0.333,synthetic-weather-syn00180,new,,
SYNNEG00065,SYNNEG00065,https://synthetic.local/watch?v=SYNNEG00065,medicine shortage ගැන official update - රෝහල් තත්ත්වය,medicine shortage සම්බන්ධ රෝහල් තත්ත්වය සහ නිල සැපයුම් update ගැන සිංහල පැහැදිලි කිරීමක්.,"මේ update එකේ ප්‍රධාන කරුණ vaccine update සම්බන්ධයෙන් ලැබුණු තොරතුරුයි. video එක පුරාම ප්‍රධාන අවධානය රෝහල් ලබාදෙන දිනය මතම තියෙනවා. අවසානයේ viewers ලාට නිල update බලලා තීරණ ගන්න කියනවා. මෙය external fact check එකක් නොව title, description සහ transcript එක එකිනෙකට ගැළපෙනවාද කියලා බලන උදාහරණයක්. වැදගත්ම දෙය නම් claim එකට transcript එක තුළ ප්‍රමාණවත් support තියෙනවාද කියලා පරීක්ෂා කිරීමයි.",Health,False,Inconsistent,same_topic_swap,Same-topic hard negative: metadata and transcript are from different synthetic videos.,true,SYN00156,SYN00166,0.068,0.078,0.571,synthetic-health-synneg00065,new,,
SYN00396,SYN00396,https://synthetic.local/watch?v=SYN00396,medicine shortage ගැන official update - රෝහල් තත්ත්වය,medicine shortage සම්බන්ධ රෝහල් තත්ත්වය සහ නිල සැපයුම් update ගැන සිංහල පැහැදිලි කිරීමක්.,"අද වීඩියෝවෙන් අපි කතා කරන්නේ medicine shortage ගැනයි. රෝහල් තත්ත්වය ගැන කථිකයා පියවරෙන් පියවර පැහැදිලි කරයි. මෙහිදී source ලෙස සඳහන් කරන්නේ නිල සැපයුම් update යන්නයි. මෙය external fact check එකක් නොව title, description සහ transcript එක එකිනෙකට ගැළපෙනවාද කියලා බලන උදාහරණයක්. වැදගත්ම දෙය නම් claim එකට transcript එක තුළ ප්‍රමාණවත් support තියෙනවාද කියලා පරීක්ෂා කිරීමයි.",Health,Not False,Consistent,consistent,"Title, description, and transcript discuss the same subject and supported detail.",false,SYN00396,SYN00396,0.143,0.186,0.571,synthetic-health-syn00396,new,,
SYN00496,SYN00496,https://synthetic.local/watch?v=SYN00496,දියවැඩියාව ගැන official update - ආහාර පාලන ක්‍රම,දියවැඩියාව සම්බන්ධ ආහාර පාලන ක්‍රම සහ doctor පැහැදිලි කිරීම ගැන සිංහල පැහැදිලි කිරීමක්.,"මේ update එකේ ප්‍රධාන කරුණ දියවැඩියාව සම්බන්ධයෙන් ලැබුණු තොරතුරුයි. ආහාර පාලන ක්‍රම ගැන කථිකයා පියවරෙන් පියවර පැහැදිලි කරයි. මෙහිදී source ලෙස සඳහන් කරන්නේ doctor පැහැදිලි කිරීම යන්නයි. මෙය external fact check එකක් නොව title, description සහ transcript එක එකිනෙකට ගැළපෙනවාද කියලා බලන උදාහරණයක්. වැදගත්ම දෙය නම් claim එකට transcript එක තුළ ප්‍රමාණවත් support තියෙනවාද කියලා පරීක්ෂා කිරීමයි.",Health,Not False,Consistent,consistent,"Title, description, and transcript discuss the same subject and supported detail.",false,SYN00496,SYN00496,0.136,0.180,0.438,synthetic-health-syn00496,new,,
SYN00036,SYN00036,https://synthetic.local/watch?v=SYN00036,medicine shortage ගැන official update - රෝහල් තත්ත්වය,medicine shortage සම්බන්ධ රෝහල් තත්ත්වය සහ නිල සැපයුම් update ගැන සිංහල පැහැදිලි කිරීමක්.,"අද වීඩියෝවෙන් අපි කතා කරන්නේ medicine shortage ගැනයි. රෝහල් තත්ත්වය ගැන කථිකයා පියවරෙන් පියවර පැහැදිලි කරයි. මෙහිදී source ලෙස සඳහන් කරන්නේ නිල සැපයුම් update යන්නයි. මෙය external fact check එකක් නොව title, description සහ transcript එක එකිනෙකට ගැළපෙනවාද කියලා බලන උදාහරණයක්. වැදගත්ම දෙය නම් claim එකට transcript එක තුළ ප්‍රමාණවත් support තියෙනවාද කියලා පරීක්ෂා කිරීමයි.",Health,Not False,Consistent,consistent,"Title, description, and transcript discuss the same subject and supported detail.",false,SYN00036,SYN00036,0.143,0.186,0.571,synthetic-health-syn00036,new,,
SYN00443,SYN00443,https://synthetic.local/watch?v=SYN00443,නව චිත්‍රපටය ගැන official update - release දිනය,නව චිත්‍රපටය සම්බන්ධ release දිනය සහ අධ්‍යක්ෂවරයාගේ පැහැදිලි කිරීම ගැන සිංහල පැහැදිලි කිරීමක්.,"ගොඩක් අය අහන ප්‍රශ්නයක් වන නව චිත්‍රපටය ගැන මෙහි පැහැදිලි කරනවා. අවසානයේ viewers ලාට නිල update බලලා තීරණ ගන්න කියනවා. release දිනය ගැන කථිකයා පියවරෙන් පියවර පැහැදිලි කරයි. මෙය external fact check එකක් නොව title, description සහ transcript එක එකිනෙකට ගැළපෙනවාද කියලා බලන උදාහරණයක්. වැදගත්ම දෙය නම් claim එකට transcript එක තුළ ප්‍රමාණවත් support තියෙනවාද කියලා පරීක්ෂා කිරීමයි.",Entertainment,Not False,Consistent,consistent,"Title, description, and transcript discuss the same subject and supported detail.",false,SYN00443,SYN00443,0.155,0.143,0.438,synthetic-entertainment-syn00443,new,,
SYNNEG00428,SYNNEG00428,https://synthetic.local/watch?v=SYNNEG00428,දැන්ම බලන්න! mobile app නිසා ලංකාවම කම්පා වෙයි,මෙම video එක 100% තහවුරු වූ breaking news එකක් කියලා overclaim කරයි.,"මේ update එකේ ප්‍රධාන කරුණ mobile app සම්බන්ධයෙන් ලැබුණු තොරතුරුයි. මෙහිදී source ලෙස සඳහන් කරන්නේ දත්ත ආරක්ෂාව ගැන පැහැදිලි කිරීම යන්නයි. video එක පුරාම ප්‍රධාන අවධානය privacy update මතම තියෙනවා. මෙය external fact check එකක් නොව title, description සහ transcript එක එකිනෙකට ගැළපෙනවාද කියලා බලන උදාහරණයක්. වැදගත්ම දෙය නම් claim එකට transcript එක තුළ ප්‍රමාණවත් support තියෙනවාද කියලා පරීක්ෂා කිරීමයි.",Technology,False,Inconsistent,clickbait_overclaim,Metadata overclaims certainty while transcript is only a general discussion.,true,SYN00289,SYN00299,0.032,0.062,0.000,synthetic-technology-synneg00428,new,,
SYNNEG00160,SYNNEG00160,https://synthetic.local/watch?v=SYNNEG00160,එළවළු මිල ගැන official update - වෙළඳපොළ update,එළවළු මිල සම්බන්ධ වෙළඳපොළ update සහ කොළඹ සහ දඹුල්ල මිල වෙනස්වීම් ගැන සිංහල පැහැදිලි කිරීමක්.,"අද වීඩියෝවෙන් අපි කතා කරන්නේ ජල සැපයුම ගැනයි. අවසානයේ viewers ලාට නිල update බලලා තීරණ ගන්න කියනවා. ගොවිබිම් සඳහා කාලසටහන ගැන කථිකයා පියවරෙන් පියවර පැහැදිලි කරයි. මෙය external fact check එකක් නොව title, description සහ transcript එක එකිනෙකට ගැළපෙනවාද කියලා බලන උදාහරණයක්. වැදගත්ම දෙය නම් claim එකට transcript එක තුළ ප්‍රමාණවත් support තියෙනවාද කියලා පරීක්ෂා කිරීමයි.",Agriculture,False,Inconsistent,same_topic_swap,Same-topic hard negative: metadata and transcript are from different synthetic videos.,true,SYN00101,SYN00111,0.067,0.076,0.400,synthetic-agriculture-synneg00160,new,,
SYNNEG00137,SYNNEG00137,https://synthetic.local/watch?v=SYNNEG00137,ධර්ම දේශනාව ගැන official update - සජීවී වැඩසටහන,"ධර්ම දේශනාව ගැන සියලු official ලේඛන, නම් ලැයිස්තු, දිනයන් සහ රහස් තොරතුරු transcript එකේ සම්පූර්ණයෙන් ඇති බව කියයි.","අද වීඩියෝවෙන් අපි කතා කරන්නේ ධර්ම දේශනාව ගැනයි. video එක පුරාම ප්‍රධාන අවධානය සජීවී වැඩසටහන මතම තියෙනවා. අවසානයේ viewers ලාට නිල update බලලා තීරණ ගන්න කියනවා. මෙය external fact check එකක් නොව title, description සහ transcript එක එකිනෙකට ගැළපෙනවාද කියලා බලන උදාහරණයක්. වැදගත්ම දෙය නම් claim එකට transcript එක තුළ ප්‍රමාණවත් support තියෙනවාද කියලා පරීක්ෂා කිරීමයි.",Religion,False,Inconsistent,description_transcript_mismatch,Description promises detailed evidence that the transcript does not contain.,true,SYN00378,SYN00388,0.123,0.088,0.182,synthetic-religion-synneg00137,new,,
SYN00099,SYN00099,https://synthetic.local/watch?v=SYN00099,AI tool ගැන official update - සිංහල භාවිතය,AI tool සම්බන්ධ සිංහල භාවිතය සහ නව feature සහ සීමා ගැන සිංහල පැහැදිලි කිරීමක්.,"අද වීඩියෝවෙන් අපි කතා කරන්නේ AI tool ගැනයි. අවසානයේ viewers ලාට නිල update බලලා තීරණ ගන්න කියනවා. සිංහල භාවිතය ගැන කථිකයා පියවරෙන් පියවර පැහැදිලි කරයි. මෙය external fact check එකක් නොව title, description සහ transcript එක එකිනෙකට ගැළපෙනවාද කියලා බලන උදාහරණයක්. වැදගත්ම දෙය නම් claim එකට transcript එක තුළ ප්‍රමාණවත් support තියෙනවාද කියලා පරීක්ෂා කිරීමයි.",Technology,Not False,Consistent,consistent,"Title, description, and transcript discuss the same subject and supported detail.",false,SYN00099,SYN00099,0.143,0.115,0.333,synthetic-technology-syn00099,new,,
SYN00338,SYN00338,https://synthetic.local/watch?v=SYN00338,ධර්ම දේශනාව ගැන official update - සජීවී වැඩසටහන,ධර්ම දේශනාව සම්බන්ධ සජීවී වැඩසටහන සහ භික්ෂූන් වහන්සේගේ පැහැදිලි කිරීම ගැන සිංහල පැහැදිලි කිරීමක්.,"ගොඩක් අය අහන ප්‍රශ්නයක් වන ධර්ම දේශනාව ගැන මෙහි පැහැදිලි කරනවා. video එක පුරාම ප්‍රධාන අවධානය සජීවී වැඩසටහන මතම තියෙනවා. අවසානයේ viewers ලාට නිල update බලලා තීරණ ගන්න කියනවා. මෙය external fact check එකක් නොව title, description සහ transcript එක එකිනෙකට ගැළපෙනවාද කියලා බලන උදාහරණයක්. වැදගත්ම දෙය නම් claim එකට transcript එක තුළ ප්‍රමාණවත් support තියෙනවාද කියලා පරීක්ෂා කිරීමයි.",Religion,Not False,Consistent,consistent,"Title, description, and transcript discuss the same subject and supported detail.",false,SYN00338,SYN00338,0.136,0.125,0.400,synthetic-religion-syn00338,new,,
SYN00013,SYN00013,https://synthetic.local/watch?v=SYN00013,ජනප්‍රිය ගායකයා ගැන official update - concert update,ජනප්‍රිය ගායකයා සම්බන්ධ concert update සහ ප්‍රවේශපත්‍ර සහ ස්ථානය ගැන සිංහල පැහැදිලි කිරීමක්.,"මේ update එකේ ප්‍රධාන කරුණ ජනප්‍රිය ගායකයා සම්බන්ධයෙන් ලැබුණු තොරතුරුයි. මෙහිදී source ලෙස සඳහන් කරන්නේ ප්‍රවේශපත්‍ර සහ ස්ථානය යන්නයි. video එක පුරාම ප්‍රධාන අවධානය concert update මතම තියෙනවා. මෙය external fact check එකක් නොව title, description සහ transcript එක එකිනෙකට ගැළපෙනවාද කියලා බලන උදාහරණයක්. වැදගත්ම දෙය නම් claim එකට transcript එක තුළ ප්‍රමාණවත් support තියෙනවාද කියලා පරීක්ෂා කිරීමයි.",Entertainment,Not False,Consistent,consistent,"Title, description, and transcript discuss the same subject and supported detail.",false,SYN00013,SYN00013,0.103,0.164,0.438,synthetic-entertainment-syn00013,new,,
SYNNEG00185,SYNNEG00185,https://synthetic.local/watch?v=SYNNEG00185,medicine shortage ගැන official update - රෝහල් තත්ත්වය,medicine shortage සම්බන්ධ රෝහල් තත්ත්වය සහ නිල සැපයුම් update ගැන සිංහල පැහැදිලි කිරීමක්.,"අද වීඩියෝවෙන් අපි කතා කරන්නේ vaccine update ගැනයි. video එක පුරාම ප්‍රධාන අවධානය රෝහල් ලබාදෙන දිනය මතම තියෙනවා. අවසානයේ viewers ලාට නිල update බලලා තීරණ ගන්න කියනවා. මෙය external fact check එකක් නොව title, description සහ transcript එක එකිනෙකට ගැළපෙනවාද කියලා බලන උදාහරණයක්. වැදගත්ම දෙය නම් claim එකට transcript එක තුළ ප්‍රමාණවත් support තියෙනවාද කියලා පරීක්ෂා කිරීමයි.",Health,False,Inconsistent,same_topic_swap,Same-topic hard negative: metadata and transcript are from different synthetic videos.,true,SYN00356,SYN00366,0.067,0.077,0.571,synthetic-health-synneg00185,new,,
SYN00117,SYN00117,https://synthetic.local/watch?v=SYN00117,පක්ෂ රැස්වීම ගැන official update - ප්‍රතිපත්ති ප්‍රකාශය,පක්ෂ රැස්වීම සම්බන්ධ ප්‍රතිපත්ති ප්‍රකාශය සහ නායකත්වයේ අදහස් ගැන සිංහල පැහැදිලි කිරීමක්.,"අද වීඩියෝවෙන් අපි කතා කරන්නේ පක්ෂ රැස්වීම ගැනයි. මෙහිදී source ලෙස සඳහන් කරන්නේ නායකත්වයේ අදහස් යන්නයි. video එක පුරාම ප්‍රධාන අවධානය ප්‍රතිපත්ති ප්‍රකාශය මතම තියෙනවා. මෙය external fact check එකක් නොව title, description සහ transcript එක එකිනෙකට ගැළපෙනවාද කියලා බලන උදාහරණයක්. වැදගත්ම දෙය නම් claim එකට transcript එක තුළ ප්‍රමාණවත් support තියෙනවාද කියලා පරීක්ෂා කිරීමයි.",Politics,Not False,Consistent,consistent,"Title, description, and transcript discuss the same subject and supported detail.",false,SYN00117,SYN00117,0.086,0.136,0.375,synthetic-politics-syn00117,new,,
SYN00447,SYN00447,https://synthetic.local/watch?v=SYN00447,පාර්ලිමේන්තු විවාදය ගැන official update - අද තීරණය,පාර්ලිමේන්තු විවාදය සම්බන්ධ අද තීරණය සහ මන්ත්‍රීවරුන්ගේ අදහස් ගැන සිංහල පැහැදිලි කිරීමක්.,"අද වීඩියෝවෙන් අපි කතා කරන්නේ පාර්ලිමේන්තු විවාදය ගැනයි. අවසානයේ viewers ලාට නිල update බලලා තීරණ ගන්න කියනවා. අද තීරණය ගැන කථිකයා පියවරෙන් පියවර පැහැදිලි කරයි. මෙය external fact check එකක් නොව title, description සහ transcript එක එකිනෙකට ගැළපෙනවාද කියලා බලන උදාහරණයක්. වැදගත්ම දෙය නම් claim එකට transcript එක තුළ ප්‍රමාණවත් support තියෙනවාද කියලා පරීක්ෂා කිරීමයි.",Politics,Not False,Consistent,consistent,"Title, description, and transcript discuss the same subject and supported detail.",false,SYN00447,SYN00447,0.145,0.115,0.312,synthetic-politics-syn00447,new,,
SYN00408,SYN00408,https://synthetic.local/watch?v=SYN00408,පොහොය වැඩසටහන ගැන official update - පන්සල් කාලසටහන,පොහොය වැඩසටහන සම්බන්ධ පන්සල් කාලසටහන සහ දායකයින්ට දැනුම්දීම ගැන සිංහල පැහැදිලි කිරීමක්.,"අද වීඩියෝවෙන් අපි කතා කරන්නේ පොහොය වැඩසටහන ගැනයි. පන්සල් කාලසටහන ගැන කථිකයා පියවරෙන් පියවර පැහැදිලි කරයි. මෙහිදී source ලෙස සඳහන් කරන්නේ දායකයින්ට දැනුම්දීම යන්නයි. මෙය external fact check එකක් නොව title, description සහ transcript එක එකිනෙකට ගැළපෙනවාද කියලා බලන උදාහරණයක්. වැදගත්ම දෙය නම් claim එකට transcript එක තුළ ප්‍රමාණවත් support තියෙනවාද කියලා පරීක්ෂා කිරීමයි.",Religion,Not False,Consistent,consistent,"Title, description, and transcript discuss the same subject and supported detail.",false,SYN00408,SYN00408,0.088,0.158,0.333,synthetic-religion-syn00408,new,,
SYNNEG00316,SYNNEG00316,https://synthetic.local/watch?v=SYNNEG00316,Breaking! පාර්ලිමේන්තු විවාදය ගැන කවුරුත් නොකියන භයානක රහස,පාර්ලිමේන්තු විවාදය සම්බන්ධ අද තීරණය සහ මන්ත්‍රීවරුන්ගේ අදහස් ගැන සිංහල පැහැදිලි කිරීමක්.,"ගොඩක් අය අහන ප්‍රශ්නයක් වන පාර්ලිමේන්තු විවාදය ගැන මෙහි පැහැදිලි කරනවා. අවසානයේ viewers ලාට නිල update බලලා තීරණ ගන්න කියනවා. අද තීරණය ගැන කථිකයා පියවරෙන් පියවර පැහැදිලි කරයි. මෙය external fact check එකක් නොව title, description සහ transcript එක එකිනෙකට ගැළපෙනවාද කියලා බලන උදාහරණයක්. වැදගත්ම දෙය නම් claim එකට transcript එක තුළ ප්‍රමාණවත් support තියෙනවාද කියලා පරීක්ෂා කිරීමයි.",Politics,False,Inconsistent,title_transcript_mismatch,Title makes a stronger promise than the transcript supports.,true,SYN00167,SYN00177,0.048,0.111,0.167,synthetic-politics-synneg00316,new,,
SYN00313,SYN00313,https://synthetic.local/watch?v=SYN00313,viral වීඩියෝව ගැන official update - සමාජ මාධ්‍ය ප්‍රතිචාර,viral වීඩියෝව සම්බන්ධ සමාජ මාධ්‍ය ප්‍රතිචාර සහ කලාකරුවන්ගේ අදහස් ගැන සිංහල පැහැදිලි කිරීමක්.,"මේ update එකේ ප්‍රධාන කරුණ viral වීඩියෝව සම්බන්ධයෙන් ලැබුණු තොරතුරුයි. මෙහිදී source ලෙස සඳහන් කරන්නේ කලාකරුවන්ගේ අදහස් යන්නයි. video එක පුරාම ප්‍රධාන අවධානය සමාජ මාධ්‍ය ප්‍රතිචාර මතම තියෙනවා. මෙය external fact check එකක් නොව title, description සහ transcript එක එකිනෙකට ගැළපෙනවාද කියලා බලන උදාහරණයක්. වැදගත්ම දෙය නම් claim එකට transcript එක තුළ ප්‍රමාණවත් support තියෙනවාද කියලා පරීක්ෂා කිරීමයි.",Entertainment,Not False,Consistent,consistent,"Title, description, and transcript discuss the same subject and supported detail.",false,SYN00313,SYN00313,0.136,0.145,0.412,synthetic-entertainment-syn00313,new,,
SYN00359,SYN00359,https://synthetic.local/watch?v=SYN00359,data package ගැන official update - නව මිල,data package සම්බන්ධ නව මිල සහ telecom company update ගැන සිංහල පැහැදිලි කිරීමක්.,"ගොඩක් අය අහන ප්‍රශ්නයක් වන data package ගැන මෙහි පැහැදිලි කරනවා. අවසානයේ viewers ලාට නිල update බලලා තීරණ ගන්න කියනවා. නව මිල ගැන කථිකයා පියවරෙන් පියවර පැහැදිලි කරයි. මෙය external fact check එකක් නොව title, description සහ transcript එක එකිනෙකට ගැළපෙනවාද කියලා බලන උදාහරණයක්. වැදගත්ම දෙය නම් claim එකට transcript එක තුළ ප්‍රමාණවත් support තියෙනවාද කියලා පරීක්ෂා කිරීමයි.",Technology,Not False,Consistent,consistent,"Title, description, and transcript discuss the same subject and supported detail.",false,SYN00359,SYN00359,0.140,0.145,0.467,synthetic-technology-syn00359,new,,
SYN00472,SYN00472,https://synthetic.local/watch?v=SYN00472,ශිෂ්‍යත්ව exam ගැන official update - අයදුම්පත් දිනය,ශිෂ්‍යත්ව exam සම්බන්ධ අයදුම්පත් දිනය සහ පාසල් මට්ටමේ දැනුම්දීම් ගැන සිංහල පැහැදිලි කිරීමක්.,"මේ update එකේ ප්‍රධාන කරුණ ශිෂ්‍යත්ව exam සම්බන්ධයෙන් ලැබුණු තොරතුරුයි. අයදුම්පත් දිනය ගැන කථිකයා පියවරෙන් පියවර පැහැදිලි කරයි. මෙහිදී source ලෙස සඳහන් කරන්නේ පාසල් මට්ටමේ දැනුම්දීම් යන්නයි. මෙය external fact check එකක් නොව title, description සහ transcript එක එකිනෙකට ගැළපෙනවාද කියලා බලන උදාහරණයක්. වැදගත්ම දෙය නම් claim එකට transcript එක තුළ ප්‍රමාණවත් support තියෙනවාද කියලා පරීක්ෂා කිරීමයි.",Education,Not False,Consistent,consistent,"Title, description, and transcript discuss the same subject and supported detail.",false,SYN00472,SYN00472,0.133,0.177,0.353,synthetic-education-syn00472,new,,
SYN00205,SYN00205,https://synthetic.local/watch?v=SYN00205,රජයේ allowance ගැන official update - official අයදුම් ක්‍රමය,රජයේ allowance සම්බන්ධ official අයදුම් ක්‍රමය සහ ලැබිය යුතු පවුල් කාණ්ඩ ගැන සිංහල පැහැදිලි කිරීමක්.,"මේ update එකේ ප්‍රධාන කරුණ රජයේ allowance සම්බන්ධයෙන් ලැබුණු තොරතුරුයි. මෙහිදී source ලෙස සඳහන් කරන්නේ ලැබිය යුතු පවුල් කාණ්ඩ යන්නයි. video එක පුරාම ප්‍රධාන අවධානය official අයදුම් ක්‍රමය මතම තියෙනවා. මෙය external fact check එකක් නොව title, description සහ transcript එක එකිනෙකට ගැළපෙනවාද කියලා බලන උදාහරණයක්. වැදගත්ම දෙය නම් claim එකට transcript එක තුළ ප්‍රමාණවත් support තියෙනවාද කියලා පරීක්ෂා කිරීමයි.",Government,Not False,Consistent,consistent,"Title, description, and transcript discuss the same subject and supported detail.",false,SYN00205,SYN00205,0.131,0.169,0.389,synthetic-government-syn00205,new,,
SYN00228,SYN00228,https://synthetic.local/watch?v=SYN00228,පුණ්‍ය කටයුතු ගැන official update - උත්සව සංවිධානය,පුණ්‍ය කටයුතු සම්බන්ධ උත්සව සංවිධානය සහ ප්‍රදේශවාසීන්ට උපදෙස් ගැන සිංහල පැහැදිලි කිරීමක්.,"අද වීඩියෝවෙන් අපි කතා කරන්නේ පුණ්‍ය කටයුතු ගැනයි. උත්සව සංවිධානය ගැන කථිකයා පියවරෙන් පියවර පැහැදිලි කරයි. මෙහිදී source ලෙස සඳහන් කරන්නේ ප්‍රදේශවාසීන්ට උපදෙස් යන්නයි. මෙය external fact check එකක් නොව title, description සහ transcript එක එකිනෙකට ගැළපෙනවාද කියලා බලන උදාහරණයක්. වැදගත්ම දෙය නම් claim එකට transcript එක තුළ ප්‍රමාණවත් support තියෙනවාද කියලා පරීක්ෂා කිරීමයි.",Religion,Not False,Consistent,consistent,"Title, description, and transcript discuss the same subject and supported detail.",false,SYN00228,SYN00228,0.088,0.175,0.312,synthetic-religion-syn00228,new,,
SYN00482,SYN00482,https://synthetic.local/watch?v=SYN00482,O/L exam ගැන official update - ප්‍රතිඵල නිකුත් කිරීම,O/L exam සම්බන්ධ ප්‍රතිඵල නිකුත් කිරීම සහ විභාග දෙපාර්තමේන්තුවේ නිවේදනය ගැන සිංහල පැහැදිලි කිරීමක්.,"ගොඩක් අය අහන ප්‍රශ්නයක් වන O/L exam ගැන මෙහි පැහැදිලි කරනවා. video එක පුරාම ප්‍රධාන අවධානය ප්‍රතිඵල නිකුත් කිරීම මතම තියෙනවා. අවසානයේ viewers ලාට නිල update බලලා තීරණ ගන්න කියනවා. මෙය external fact check එකක් නොව title, description සහ transcript එක එකිනෙකට ගැළපෙනවාද කියලා බලන උදාහරණයක්. වැදගත්ම දෙය නම් claim එකට transcript එක තුළ ප්‍රමාණවත් support තියෙනවාද කියලා පරීක්ෂා කිරීමයි.",Education,Not False,Consistent,consistent,"Title, description, and transcript discuss the same subject and supported detail.",false,SYN00482,SYN00482,0.138,0.125,0.375,synthetic-education-syn00482,new,,
SYN00040,SYN00040,https://synthetic.local/watch?v=SYN00040,උෂ්ණත්වය ගැන official update - අද දවසේ වෙනස්වීම්,උෂ්ණත්වය සම්බන්ධ අද දවසේ වෙනස්වීම් සහ සෞඛ්‍ය උපදෙස් ගැන සිංහල පැහැදිලි කිරීමක්.,"මේ update එකේ ප්‍රධාන කරුණ උෂ්ණත්වය සම්බන්ධයෙන් ලැබුණු තොරතුරුයි. අද දවසේ වෙනස්වීම් ගැන කථිකයා පියවරෙන් පියවර පැහැදිලි කරයි. මෙහිදී source ලෙස සඳහන් කරන්නේ සෞඛ්‍ය උපදෙස් යන්නයි. මෙය external fact check එකක් නොව title, description සහ transcript එක එකිනෙකට ගැළපෙනවාද කියලා බලන උදාහරණයක්. වැදගත්ම දෙය නම් claim එකට transcript එක තුළ ප්‍රමාණවත් support තියෙනවාද කියලා පරීක්ෂා කිරීමයි.",Weather,Not False,Consistent,consistent,"Title, description, and transcript discuss the same subject and supported detail.",false,SYN00040,SYN00040,0.121,0.150,0.333,synthetic-weather-syn00040,new,,
SYN00392,SYN00392,https://synthetic.local/watch?v=SYN00392,ශිෂ්‍යත්ව exam ගැන official update - අයදුම්පත් දිනය,ශිෂ්‍යත්ව exam සම්බන්ධ අයදුම්පත් දිනය සහ පාසල් මට්ටමේ දැනුම්දීම් ගැන සිංහල පැහැදිලි කිරීමක්.,"ගොඩක් අය අහන ප්‍රශ්නයක් වන ශිෂ්‍යත්ව exam ගැන මෙහි පැහැදිලි කරනවා. අයදුම්පත් දිනය ගැන කථිකයා පියවරෙන් පියවර පැහැදිලි කරයි. මෙහිදී source ලෙස සඳහන් කරන්නේ පාසල් මට්ටමේ දැනුම්දීම් යන්නයි. මෙය external fact check එකක් නොව title, description සහ transcript එක එකිනෙකට ගැළපෙනවාද කියලා බලන උදාහරණයක්. වැදගත්ම දෙය නම් claim එකට transcript එක තුළ ප්‍රමාණවත් support තියෙනවාද කියලා පරීක්ෂා කිරීමයි.",Education,Not False,Consistent,consistent,"Title, description, and transcript discuss the same subject and supported detail.",false,SYN00392,SYN00392,0.098,0.180,0.353,synthetic-education-syn00392,new,,
SYN00111,SYN00111,https://synthetic.local/watch?v=SYN00111,ජල සැපයුම ගැන official update - ගොවිබිම් සඳහා කාලසටහන,ජල සැපයුම සම්බන්ධ ගොවිබිම් සඳහා කාලසටහන සහ ප්‍රදේශ අනුව ලබාදෙන ජල මුර ගැන සිංහල පැහැදිලි කිරීමක්.,"අද වීඩියෝවෙන් අපි කතා කරන්නේ ජල සැපයුම ගැනයි. අවසානයේ viewers ලාට නිල update බලලා තීරණ ගන්න කියනවා. ගොවිබිම් සඳහා කාලසටහන ගැන කථිකයා පියවරෙන් පියවර පැහැදිලි කරයි. මෙය external fact check එකක් නොව title, description සහ transcript එක එකිනෙකට ගැළපෙනවාද කියලා බලන උදාහරණයක්. වැදගත්ම දෙය නම් claim එකට transcript එක තුළ ප්‍රමාණවත් support තියෙනවාද කියලා පරීක්ෂා කිරීමයි.",Agriculture,Not False,Consistent,consistent,"Title, description, and transcript discuss the same subject and supported detail.",false,SYN00111,SYN00111,0.158,0.141,0.316,synthetic-agriculture-syn00111,new,,
SYNNEG00333,SYNNEG00333,https://synthetic.local/watch?v=SYNNEG00333,100% තහවුරුයි! රන් මිල ගැන official තීරණය එළියට,මෙම video එක 100% තහවුරු වූ breaking news එකක් කියලා overclaim කරයි.,"මේ update එකේ ප්‍රධාන කරුණ රන් මිල සම්බන්ධයෙන් ලැබුණු තොරතුරුයි. video එක පුරාම ප්‍රධාන අවධානය අද වෙළඳපොළ තත්ත්වය මතම තියෙනවා. අවසානයේ viewers ලාට නිල update බලලා තීරණ ගන්න කියනවා. මෙය external fact check එකක් නොව title, description සහ transcript එක එකිනෙකට ගැළපෙනවාද කියලා බලන උදාහරණයක්. වැදගත්ම දෙය නම් claim එකට transcript එක තුළ ප්‍රමාණවත් support තියෙනවාද කියලා පරීක්ෂා කිරීමයි.",Finance,False,Inconsistent,clickbait_overclaim,Metadata overclaims certainty while transcript is only a general discussion.,true,SYN00334,SYN00344,0.049,0.062,0.053,synthetic-finance-synneg00333,new,,
SYNNEG00313,SYNNEG00313,https://synthetic.local/watch?v=SYNNEG00313,100% තහවුරුයි! රන් මිල ගැන official තීරණය එළියට,මෙම video එක 100% තහවුරු වූ breaking news එකක් කියලා overclaim කරයි.,"ගොඩක් අය අහන ප්‍රශ්නයක් වන රන් මිල ගැන මෙහි පැහැදිලි කරනවා. video එක පුරාම ප්‍රධාන අවධානය අද වෙළඳපොළ තත්ත්වය මතම තියෙනවා. අවසානයේ viewers ලාට නිල update බලලා තීරණ ගන්න කියනවා. මෙය external fact check එකක් නොව title, description සහ transcript එක එකිනෙකට ගැළපෙනවාද කියලා බලන උදාහරණයක්. වැදගත්ම දෙය නම් claim එකට transcript එක තුළ ප්‍රමාණවත් support තියෙනවාද කියලා පරීක්ෂා කිරීමයි.",Finance,False,Inconsistent,clickbait_overclaim,Metadata overclaims certainty while transcript is only a general discussion.,true,SYN00134,SYN00144,0.062,0.059,0.053,synthetic-finance-synneg00313,new,,
SYNNEG00463,SYNNEG00463,https://synthetic.local/watch?v=SYNNEG00463,Breaking! රන් මිල ගැන කවුරුත් නොකියන භයානක රහස,මෙම video එක 100% තහවුරු වූ breaking news එකක් කියලා overclaim කරයි.,"ගොඩක් අය අහන ප්‍රශ්නයක් වන රන් මිල ගැන මෙහි පැහැදිලි කරනවා. video එක පුරාම ප්‍රධාන අවධානය අද වෙළඳපොළ තත්ත්වය මතම තියෙනවා. අවසානයේ viewers ලාට නිල update බලලා තීරණ ගන්න කියනවා. මෙය external fact check එකක් නොව title, description සහ transcript එක එකිනෙකට ගැළපෙනවාද කියලා බලන උදාහරණයක්. වැදගත්ම දෙය නම් claim එකට transcript එක තුළ ප්‍රමාණවත් support තියෙනවාද කියලා පරීක්ෂා කිරීමයි.",Finance,False,Inconsistent,clickbait_overclaim,Metadata overclaims certainty while transcript is only a general discussion.,true,SYN00134,SYN00144,0.046,0.059,0.000,synthetic-finance-synneg00463,new,,
SYN00422,SYN00422,https://synthetic.local/watch?v=SYN00422,විශ්වවිද්‍යාල ප්‍රවේශය ගැන official update - නව cut-off ලකුණු,විශ්වවිද්‍යාල ප්‍රවේශය සම්බන්ධ නව cut-off ලකුණු සහ අයදුම්කරුවන්ට උපදෙස් ගැන සිංහල පැහැදිලි කිරීමක්.,"ගොඩක් අය අහන ප්‍රශ්නයක් වන විශ්වවිද්‍යාල ප්‍රවේශය ගැන මෙහි පැහැදිලි කරනවා. video එක පුරාම ප්‍රධාන අවධානය නව cut-off ලකුණු මතම තියෙනවා. අවසානයේ viewers ලාට නිල update බලලා තීරණ ගන්න කියනවා. මෙය external fact check එකක් නොව title, description සහ transcript එක එකිනෙකට ගැළපෙනවාද කියලා බලන උදාහරණයක්. වැදගත්ම දෙය නම් claim එකට transcript එක තුළ ප්‍රමාණවත් support තියෙනවාද කියලා පරීක්ෂා කිරීමයි.",Education,Not False,Consistent,consistent,"Title, description, and transcript discuss the same subject and supported detail.",false,SYN00422,SYN00422,0.194,0.164,0.474,synthetic-education-syn00422,new,,
SYN00341,SYN00341,https://synthetic.local/watch?v=SYN00341,එළවළු මිල ගැන official update - වෙළඳපොළ update,එළවළු මිල සම්බන්ධ වෙළඳපොළ update සහ කොළඹ සහ දඹුල්ල මිල වෙනස්වීම් ගැන සිංහල පැහැදිලි කිරීමක්.,"ගොඩක් අය අහන ප්‍රශ්නයක් වන එළවළු මිල ගැන මෙහි පැහැදිලි කරනවා. මෙහිදී source ලෙස සඳහන් කරන්නේ කොළඹ සහ දඹුල්ල මිල වෙනස්වීම් යන්නයි. video එක පුරාම ප්‍රධාන අවධානය වෙළඳපොළ update මතම තියෙනවා. මෙය external fact check එකක් නොව title, description සහ transcript එක එකිනෙකට ගැළපෙනවාද කියලා බලන උදාහරණයක්. වැදගත්ම දෙය නම් claim එකට transcript එක තුළ ප්‍රමාණවත් support තියෙනවාද කියලා පරීක්ෂා කිරීමයි.",Agriculture,Not False,Consistent,consistent,"Title, description, and transcript discuss the same subject and supported detail.",false,SYN00341,SYN00341,0.098,0.175,0.400,synthetic-agriculture-syn00341,new,,
SYN00184,SYN00184,https://synthetic.local/watch?v=SYN00184,crypto investment ගැන official update - අවදානම් සහ වාසි,crypto investment සම්බන්ධ අවදානම් සහ වාසි සහ මුදල් උපදේශකගේ පැහැදිලි කිරීම ගැන සිංහල පැහැදිලි කිරීමක්.,"මේ update එකේ ප්‍රධාන කරුණ crypto investment සම්බන්ධයෙන් ලැබුණු තොරතුරුයි. අවදානම් සහ වාසි ගැන කථිකයා පියවරෙන් පියවර පැහැදිලි කරයි. මෙහිදී source ලෙස සඳහන් කරන්නේ මුදල් උපදේශකගේ පැහැදිලි කිරීම යන්නයි. මෙය external fact check එකක් නොව title, description සහ transcript එක එකිනෙකට ගැළපෙනවාද කියලා බලන උදාහරණයක්. වැදගත්ම දෙය නම් claim එකට transcript එක තුළ ප්‍රමාණවත් support තියෙනවාද කියලා පරීක්ෂා කිරීමයි.",Finance,Not False,Consistent,consistent,"Title, description, and transcript discuss the same subject and supported detail.",false,SYN00184,SYN00184,0.153,0.180,0.500,synthetic-finance-syn00184,new,,
SYNNEG00498,SYNNEG00498,https://synthetic.local/watch?v=SYNNEG00498,ඔවුන් මේක සඟවනවා! mobile app ගැන සම්පූර්ණ ඇත්ත,මෙම video එක 100% තහවුරු වූ breaking news එකක් කියලා overclaim කරයි.,"අද වීඩියෝවෙන් අපි කතා කරන්නේ mobile app ගැනයි. මෙහිදී source ලෙස සඳහන් කරන්නේ දත්ත ආරක්ෂාව ගැන පැහැදිලි කිරීම යන්නයි. video එක පුරාම ප්‍රධාන අවධානය privacy update මතම තියෙනවා. මෙය external fact check එකක් නොව title, description සහ transcript එක එකිනෙකට ගැළපෙනවාද කියලා බලන උදාහරණයක්. වැදගත්ම දෙය නම් claim එකට transcript එක තුළ ප්‍රමාණවත් support තියෙනවාද කියලා පරීක්ෂා කිරීමයි.",Technology,False,Inconsistent,clickbait_overclaim,Metadata overclaims certainty while transcript is only a general discussion.,true,SYN00489,SYN00499,0.048,0.062,0.000,synthetic-technology-synneg00498,new,,
SYN00423,SYN00423,https://synthetic.local/watch?v=SYN00423,ටෙලි නාට්‍යය ගැන official update - අලුත් episode,ටෙලි නාට්‍යය සම්බන්ධ අලුත් episode සහ කතාවේ ඉදිරි වෙනස්කම් ගැන සිංහල පැහැදිලි කිරීමක්.,"අද වීඩියෝවෙන් අපි කතා කරන්නේ ටෙලි නාට්‍යය ගැනයි. අවසානයේ viewers ලාට නිල update බලලා තීරණ ගන්න කියනවා. අලුත් episode ගැන කථිකයා පියවරෙන් පියවර පැහැදිලි කරයි. මෙය external fact check එකක් නොව title, description සහ transcript එක එකිනෙකට ගැළපෙනවාද කියලා බලන උදාහරණයක්. වැදගත්ම දෙය නම් claim එකට transcript එක තුළ ප්‍රමාණවත් support තියෙනවාද කියලා පරීක්ෂා කිරීමයි.",Entertainment,Not False,Consistent,consistent,"Title, description, and transcript discuss the same subject and supported detail.",false,SYN00423,SYN00423,0.158,0.127,0.353,synthetic-entertainment-syn00423,new,,
SYN00182,SYN00182,https://synthetic.local/watch?v=SYN00182,විශ්වවිද්‍යාල ප්‍රවේශය ගැන official update - නව cut-off ලකුණු,විශ්වවිද්‍යාල ප්‍රවේශය සම්බන්ධ නව cut-off ලකුණු සහ අයදුම්කරුවන්ට උපදෙස් ගැන සිංහල පැහැදිලි කිරීමක්.,"ගොඩක් අය අහන ප්‍රශ්නයක් වන විශ්වවිද්‍යාල ප්‍රවේශය ගැන මෙහි පැහැදිලි කරනවා. video එක පුරාම ප්‍රධාන අවධානය නව cut-off ලකුණු මතම තියෙනවා. අවසානයේ viewers ලාට නිල update බලලා තීරණ ගන්න කියනවා. මෙය external fact check එකක් නොව title, description සහ transcript එක එකිනෙකට ගැළපෙනවාද කියලා බලන උදාහරණයක්. වැදගත්ම දෙය නම් claim එකට transcript එක තුළ ප්‍රමාණවත් support තියෙනවාද කියලා පරීක්ෂා කිරීමයි.",Education,Not False,Consistent,consistent,"Title, description, and transcript discuss the same subject and supported detail.",false,SYN00182,SYN00182,0.194,0.164,0.474,synthetic-education-syn00182,new,,
SYNNEG00405,SYNNEG00405,https://synthetic.local/watch?v=SYNNEG00405,දියවැඩියාව ගැන official update - ආහාර පාලන ක්‍රම,දියවැඩියාව සම්බන්ධ ආහාර පාලන ක්‍රම සහ doctor පැහැදිලි කිරීම ගැන සිංහල පැහැදිලි කිරීමක්.,"අද වීඩියෝවෙන් අපි කතා කරන්නේ උණ රෝගය ගැනයි. video එක පුරාම ප්‍රධාන අවධානය ලක්ෂණ සහ ප්‍රතිකාර මතම තියෙනවා. අවසානයේ viewers ලාට නිල update බලලා තීරණ ගන්න කියනවා. මෙය external fact check එකක් නොව title, description සහ transcript එක එකිනෙකට ගැළපෙනවාද කියලා බලන උදාහරණයක්. වැදගත්ම දෙය නම් claim එකට transcript එක තුළ ප්‍රමාණවත් support තියෙනවාද කියලා පරීක්ෂා කිරීමයි.",Health,False,Inconsistent,same_topic_swap,Same-topic hard negative: metadata and transcript are from different synthetic videos.,true,SYN00056,SYN00066,0.048,0.029,0.438,synthetic-health-synneg00405,new,,
SYNNEG00362,SYNNEG00362,https://synthetic.local/watch?v=SYNNEG00362,නව චිත්‍රපටය ගැන official update - release දිනය,"නව චිත්‍රපටය ගැන සියලු official ලේඛන, නම් ලැයිස්තු, දිනයන් සහ රහස් තොරතුරු transcript එකේ සම්පූර්ණයෙන් ඇති බව කියයි.","අද වීඩියෝවෙන් අපි කතා කරන්නේ නව චිත්‍රපටය ගැනයි. අවසානයේ viewers ලාට නිල update බලලා තීරණ ගන්න කියනවා. release දිනය ගැන කථිකයා පියවරෙන් පියවර පැහැදිලි කරයි. මෙය external fact check එකක් නොව title, description සහ transcript එක එකිනෙකට ගැළපෙනවාද කියලා බලන උදාහරණයක්. වැදගත්ම දෙය නම් claim එකට transcript එක තුළ ප්‍රමාණවත් support තියෙනවාද කියලා පරීක්ෂා කිරීමයි.",Entertainment,False,Inconsistent,description_transcript_mismatch,Description promises detailed evidence that the transcript does not contain.,true,SYN00123,SYN00133,0.158,0.118,0.217,synthetic-entertainment-synneg00362,new,,
SYNNEG00150,SYNNEG00150,https://synthetic.local/watch?v=SYNNEG00150,වී වගාව ගැන official update - පොහොර සහනාධාරය,වී වගාව සම්බන්ධ පොහොර සහනාධාරය සහ කෘෂිකර්ම නිලධාරීන්ගේ උපදෙස් ගැන සිංහල පැහැදිලි කිරීමක්.,"ගොඩක් අය අහන ප්‍රශ්නයක් වන තේ වගාව ගැන මෙහි පැහැදිලි කරනවා. අවසානයේ viewers ලාට නිල update බලලා තීරණ ගන්න කියනවා. නව රෝග පාලන ක්‍රම ගැන කථිකයා පියවරෙන් පියවර පැහැදිලි කරයි. මෙය external fact check එකක් නොව title, description සහ transcript එක එකිනෙකට ගැළපෙනවාද කියලා බලන උදාහරණයක්. වැදගත්ම දෙය නම් claim එකට transcript එක තුළ ප්‍රමාණවත් support තියෙනවාද කියලා පරීක්ෂා කිරීමයි.",Agriculture,False,Inconsistent,same_topic_swap,Same-topic hard negative: metadata and transcript are from different synthetic videos.,true,SYN00001,SYN00011,0.079,0.058,0.312,synthetic-agriculture-synneg00150,new,,
SYNNEG00246,SYNNEG00246,https://synthetic.local/watch?v=SYNNEG00246,100% තහවුරුයි! අමාත්‍ය මණ්ඩලය ගැන official තීරණය එළියට,අමාත්‍ය මණ්ඩලය සම්බන්ධ නව තීරණ සහ මාධ්‍ය හමුවේ විස්තර ගැන සිංහල පැහැදිලි කිරීමක්.,"ගොඩක් අය අහන ප්‍රශ්නයක් වන අමාත්‍ය මණ්ඩලය ගැන මෙහි පැහැදිලි කරනවා. අවසානයේ viewers ලාට නිල update බලලා තීරණ ගන්න කියනවා. නව තීරණ ගැන කථිකයා පියවරෙන් පියවර පැහැදිලි කරයි. මෙය external fact check එකක් නොව title, description සහ transcript එක එකිනෙකට ගැළපෙනවාද කියලා බලන උදාහරණයක්. වැදගත්ම දෙය නම් claim එකට transcript එක තුළ ප්‍රමාණවත් support තියෙනවාද කියලා පරීක්ෂා කිරීමයි.",Politics,False,Inconsistent,title_transcript_mismatch,Title makes a stronger promise than the transcript supports.,true,SYN00467,SYN00477,0.067,0.113,0.167,synthetic-politics-synneg00246,new,,
SYNNEG00201,SYNNEG00201,https://synthetic.local/watch?v=SYNNEG00201,දැන්ම බලන්න! පාසල් නිවාඩු නිසා ලංකාවම කම්පා වෙයි,පාසල් නිවාඩු සම්බන්ධ කාලසටහන් වෙනස්වීම සහ අධ්‍යාපන අමාත්‍යාංශ update ගැන සිංහල පැහැදිලි කිරීමක්.,"අද වීඩියෝවෙන් අපි කතා කරන්නේ පාසල් නිවාඩු ගැනයි. කාලසටහන් වෙනස්වීම ගැන කථිකයා පියවරෙන් පියවර පැහැදිලි කරයි. මෙහිදී source ලෙස සඳහන් කරන්නේ අධ්‍යාපන අමාත්‍යාංශ update යන්නයි. මෙය external fact check එකක් නොව title, description සහ transcript එක එකිනෙකට ගැළපෙනවාද කියලා බලන උදාහරණයක්. වැදගත්ම දෙය නම් claim එකට transcript එක තුළ ප්‍රමාණවත් support තියෙනවාද කියලා පරීක්ෂා කිරීමයි.",Education,False,Inconsistent,title_transcript_mismatch,Title makes a stronger promise than the transcript supports.,true,SYN00012,SYN00022,0.031,0.213,0.091,synthetic-education-synneg00201,new,,
SYN00106,SYN00106,https://synthetic.local/watch?v=SYN00106,උණ රෝගය ගැන official update - ලක්ෂණ සහ ප්‍රතිකාර,උණ රෝගය සම්බන්ධ ලක්ෂණ සහ ප්‍රතිකාර සහ සෞඛ්‍ය අංශ අනතුරු ඇඟවීම ගැන සිංහල පැහැදිලි කිරීමක්.,"මේ update එකේ ප්‍රධාන කරුණ උණ රෝගය සම්බන්ධයෙන් ලැබුණු තොරතුරුයි. video එක පුරාම ප්‍රධාන අවධානය ලක්ෂණ සහ ප්‍රතිකාර මතම තියෙනවා. අවසානයේ viewers ලාට නිල update බලලා තීරණ ගන්න කියනවා. මෙය external fact check එකක් නොව title, description සහ transcript එක එකිනෙකට ගැළපෙනවාද කියලා බලන උදාහරණයක්. වැදගත්ම දෙය නම් claim එකට transcript එක තුළ ප්‍රමාණවත් support තියෙනවාද කියලා පරීක්ෂා කිරීමයි.",Health,Not False,Consistent,consistent,"Title, description, and transcript discuss the same subject and supported detail.",false,SYN00106,SYN00106,0.161,0.094,0.389,synthetic-health-syn00106,new,,
SYNNEG00420,SYNNEG00420,https://synthetic.local/watch?v=SYNNEG00420,වී වගාව ගැන official update - පොහොර සහනාධාරය,වී වගාව සම්බන්ධ පොහොර සහනාධාරය සහ කෘෂිකර්ම නිලධාරීන්ගේ උපදෙස් ගැන සිංහල පැහැදිලි කිරීමක්.,"මේ update එකේ ප්‍රධාන කරුණ තේ වගාව සම්බන්ධයෙන් ලැබුණු තොරතුරුයි. අවසානයේ viewers ලාට නිල update බලලා තීරණ ගන්න කියනවා. නව රෝග පාලන ක්‍රම ගැන කථිකයා පියවරෙන් පියවර පැහැදිලි කරයි. මෙය external fact check එකක් නොව title, description සහ transcript එක එකිනෙකට ගැළපෙනවාද කියලා බලන උදාහරණයක්. වැදගත්ම දෙය නම් claim එකට transcript එක තුළ ප්‍රමාණවත් support තියෙනවාද කියලා පරීක්ෂා කිරීමයි.",Agriculture,False,Inconsistent,same_topic_swap,Same-topic hard negative: metadata and transcript are from different synthetic videos.,true,SYN00201,SYN00211,0.081,0.059,0.312,synthetic-agriculture-synneg00420,new,,
SYNNEG00152,SYNNEG00152,https://synthetic.local/watch?v=SYNNEG00152,ටෙලි නාට්‍යය ගැන official update - අලුත් episode,"ටෙලි නාට්‍යය ගැන සියලු official ලේඛන, නම් ලැයිස්තු, දිනයන් සහ රහස් තොරතුරු transcript එකේ සම්පූර්ණයෙන් ඇති බව කියයි.","ගොඩක් අය අහන ප්‍රශ්නයක් වන ටෙලි නාට්‍යය ගැන මෙහි පැහැදිලි කරනවා. අවසානයේ viewers ලාට නිල update බලලා තීරණ ගන්න කියනවා. අලුත් episode ගැන කථිකයා පියවරෙන් පියවර පැහැදිලි කරයි. මෙය external fact check එකක් නොව title, description සහ transcript එක එකිනෙකට ගැළපෙනවාද කියලා බලන උදාහරණයක්. වැදගත්ම දෙය නම් claim එකට transcript එක තුළ ප්‍රමාණවත් support තියෙනවාද කියලා පරීක්ෂා කිරීමයි.",Entertainment,False,Inconsistent,description_transcript_mismatch,Description promises detailed evidence that the transcript does not contain.,true,SYN00023,SYN00033,0.155,0.116,0.217,synthetic-entertainment-synneg00152,new,,
SYN00367,SYN00367,https://synthetic.local/watch?v=SYN00367,පාර්ලිමේන්තු විවාදය ගැන official update - අද තීරණය,පාර්ලිමේන්තු විවාදය සම්බන්ධ අද තීරණය සහ මන්ත්‍රීවරුන්ගේ අදහස් ගැන සිංහල පැහැදිලි කිරීමක්.,"මේ update එකේ ප්‍රධාන කරුණ පාර්ලිමේන්තු විවාදය සම්බන්ධයෙන් ලැබුණු තොරතුරුයි. අවසානයේ viewers ලාට නිල update බලලා තීරණ ගන්න කියනවා. අද තීරණය ගැන කථිකයා පියවරෙන් පියවර පැහැදිලි කරයි. මෙය external fact check එකක් නොව title, description සහ transcript එක එකිනෙකට ගැළපෙනවාද කියලා බලන උදාහරණයක්. වැදගත්ම දෙය නම් claim එකට transcript එක තුළ ප්‍රමාණවත් support තියෙනවාද කියලා පරීක්ෂා කිරීමයි.",Politics,Not False,Consistent,consistent,"Title, description, and transcript discuss the same subject and supported detail.",false,SYN00367,SYN00367,0.143,0.113,0.312,synthetic-politics-syn00367,new,,
SYNNEG00120,SYNNEG00120,https://synthetic.local/watch?v=SYNNEG00120,වී වගාව ගැන official update - පොහොර සහනාධාරය,වී වගාව සම්බන්ධ පොහොර සහනාධාරය සහ කෘෂිකර්ම නිලධාරීන්ගේ උපදෙස් ගැන සිංහල පැහැදිලි කිරීමක්.,"මේ update එකේ ප්‍රධාන කරුණ තේ වගාව සම්බන්ධයෙන් ලැබුණු තොරතුරුයි. අවසානයේ viewers ලාට නිල update බලලා තීරණ ගන්න කියනවා. නව රෝග පාලන ක්‍රම ගැන කථිකයා පියවරෙන් පියවර පැහැදිලි කරයි. මෙය external fact check එකක් නොව title, description සහ transcript එක එකිනෙකට ගැළපෙනවාද කියලා බලන උදාහරණයක්. වැදගත්ම දෙය නම් claim එකට transcript එක තුළ ප්‍රමාණවත් support තියෙනවාද කියලා පරීක්ෂා කිරීමයි.",Agriculture,False,Inconsistent,same_topic_swap,Same-topic hard negative: metadata and transcript are from different synthetic videos.,true,SYN00201,SYN00211,0.081,0.059,0.312,synthetic-agriculture-synneg00120,new,,
SYNNEG00406,SYNNEG00406,https://synthetic.local/watch?v=SYNNEG00406,100% තහවුරුයි! අමාත්‍ය මණ්ඩලය ගැන official තීරණය එළියට,අමාත්‍ය මණ්ඩලය සම්බන්ධ නව තීරණ සහ මාධ්‍ය හමුවේ විස්තර ගැන සිංහල පැහැදිලි කිරීමක්.,"මේ update එකේ ප්‍රධාන කරුණ අමාත්‍ය මණ්ඩලය සම්බන්ධයෙන් ලැබුණු තොරතුරුයි. අවසානයේ viewers ලාට නිල update බලලා තීරණ ගන්න කියනවා. නව තීරණ ගැන කථිකයා පියවරෙන් පියවර පැහැදිලි කරයි. මෙය external fact check එකක් නොව title, description සහ transcript එක එකිනෙකට ගැළපෙනවාද කියලා බලන උදාහරණයක්. වැදගත්ම දෙය නම් claim එකට transcript එක තුළ ප්‍රමාණවත් support තියෙනවාද කියලා පරීක්ෂා කිරීමයි.",Politics,False,Inconsistent,title_transcript_mismatch,Title makes a stronger promise than the transcript supports.,true,SYN00067,SYN00077,0.068,0.115,0.167,synthetic-politics-synneg00406,new,,
SYN00316,SYN00316,https://synthetic.local/watch?v=SYN00316,medicine shortage ගැන official update - රෝහල් තත්ත්වය,medicine shortage සම්බන්ධ රෝහල් තත්ත්වය සහ නිල සැපයුම් update ගැන සිංහල පැහැදිලි කිරීමක්.,"මේ update එකේ ප්‍රධාන කරුණ medicine shortage සම්බන්ධයෙන් ලැබුණු තොරතුරුයි. රෝහල් තත්ත්වය ගැන කථිකයා පියවරෙන් පියවර පැහැදිලි කරයි. මෙහිදී source ලෙස සඳහන් කරන්නේ නිල සැපයුම් update යන්නයි. මෙය external fact check එකක් නොව title, description සහ transcript එක එකිනෙකට ගැළපෙනවාද කියලා බලන උදාහරණයක්. වැදගත්ම දෙය නම් claim එකට transcript එක තුළ ප්‍රමාණවත් support තියෙනවාද කියලා පරීක්ෂා කිරීමයි.",Health,Not False,Consistent,consistent,"Title, description, and transcript discuss the same subject and supported detail.",false,SYN00316,SYN00316,0.140,0.183,0.571,synthetic-health-syn00316,new,,
SYN00043,SYN00043,https://synthetic.local/watch?v=SYN00043,නව චිත්‍රපටය ගැන official update - release දිනය,නව චිත්‍රපටය සම්බන්ධ release දිනය සහ අධ්‍යක්ෂවරයාගේ පැහැදිලි කිරීම ගැන සිංහල පැහැදිලි කිරීමක්.,"මේ update එකේ ප්‍රධාන කරුණ නව චිත්‍රපටය සම්බන්ධයෙන් ලැබුණු තොරතුරුයි. අවසානයේ viewers ලාට නිල update බලලා තීරණ ගන්න කියනවා. release දිනය ගැන කථිකයා පියවරෙන් පියවර පැහැදිලි කරයි. මෙය external fact check එකක් නොව title, description සහ transcript එක එකිනෙකට ගැළපෙනවාද කියලා බලන උදාහරණයක්. වැදගත්ම දෙය නම් claim එකට transcript එක තුළ ප්‍රමාණවත් support තියෙනවාද කියලා පරීක්ෂා කිරීමයි.",Entertainment,Not False,Consistent,consistent,"Title, description, and transcript discuss the same subject and supported detail.",false,SYN00043,SYN00043,0.158,0.145,0.438,synthetic-entertainment-syn00043,new,,
SYN00131,SYN00131,https://synthetic.local/watch?v=SYN00131,තේ වගාව ගැන official update - නව රෝග පාලන ක්‍රම,තේ වගාව සම්බන්ධ නව රෝග පාලන ක්‍රම සහ ගොවීන්ට ලබාදෙන උපදෙස් ගැන සිංහල පැහැදිලි කිරීමක්.,"ගොඩක් අය අහන ප්‍රශ්නයක් වන තේ වගාව ගැන මෙහි පැහැදිලි කරනවා. අවසානයේ viewers ලාට නිල update බලලා තීරණ ගන්න කියනවා. නව රෝග පාලන ක්‍රම ගැන කථිකයා පියවරෙන් පියවර පැහැදිලි කරයි. මෙය external fact check එකක් නොව title, description සහ transcript එක එකිනෙකට ගැළපෙනවාද කියලා බලන උදාහරණයක්. වැදගත්ම දෙය නම් claim එකට transcript එක තුළ ප්‍රමාණවත් support තියෙනවාද කියලා පරීක්ෂා කිරීමයි.",Agriculture,Not False,Consistent,consistent,"Title, description, and transcript discuss the same subject and supported detail.",false,SYN00131,SYN00131,0.183,0.152,0.421,synthetic-agriculture-syn00131,new,,
SYN00441,SYN00441,https://synthetic.local/watch?v=SYN00441,වී වගාව ගැන official update - පොහොර සහනාධාරය,වී වගාව සම්බන්ධ පොහොර සහනාධාරය සහ කෘෂිකර්ම නිලධාරීන්ගේ උපදෙස් ගැන සිංහල පැහැදිලි කිරීමක්.,"අද වීඩියෝවෙන් අපි කතා කරන්නේ වී වගාව ගැනයි. මෙහිදී source ලෙස සඳහන් කරන්නේ කෘෂිකර්ම නිලධාරීන්ගේ උපදෙස් යන්නයි. video එක පුරාම ප්‍රධාන අවධානය පොහොර සහනාධාරය මතම තියෙනවා. මෙය external fact check එකක් නොව title, description සහ transcript එක එකිනෙකට ගැළපෙනවාද කියලා බලන උදාහරණයක්. වැදගත්ම දෙය නම් claim එකට transcript එක තුළ ප්‍රමාණවත් support තියෙනවාද කියලා පරීක්ෂා කිරීමයි.",Agriculture,Not False,Consistent,consistent,"Title, description, and transcript discuss the same subject and supported detail.",false,SYN00441,SYN00441,0.068,0.133,0.312,synthetic-agriculture-syn00441,new,,
SYN00152,SYN00152,https://synthetic.local/watch?v=SYN00152,ශිෂ්‍යත්ව exam ගැන official update - අයදුම්පත් දිනය,ශිෂ්‍යත්ව exam සම්බන්ධ අයදුම්පත් දිනය සහ පාසල් මට්ටමේ දැනුම්දීම් ගැන සිංහල පැහැදිලි කිරීමක්.,"ගොඩක් අය අහන ප්‍රශ්නයක් වන ශිෂ්‍යත්ව exam ගැන මෙහි පැහැදිලි කරනවා. අයදුම්පත් දිනය ගැන කථිකයා පියවරෙන් පියවර පැහැදිලි කරයි. මෙහිදී source ලෙස සඳහන් කරන්නේ පාසල් මට්ටමේ දැනුම්දීම් යන්නයි. මෙය external fact check එකක් නොව title, description සහ transcript එක එකිනෙකට ගැළපෙනවාද කියලා බලන උදාහරණයක්. වැදගත්ම දෙය නම් claim එකට transcript එක තුළ ප්‍රමාණවත් support තියෙනවාද කියලා පරීක්ෂා කිරීමයි.",Education,Not False,Consistent,consistent,"Title, description, and transcript discuss the same subject and supported detail.",false,SYN00152,SYN00152,0.098,0.180,0.353,synthetic-education-syn00152,new,,
SYNNEG00089,SYNNEG00089,https://synthetic.local/watch?v=SYNNEG00089,උෂ්ණත්වය ගැන හදිසි warning එකක්ද? අද තත්ත්වය,උෂ්ණත්වය සම්බන්ධ අද දවසේ වෙනස්වීම් සහ සෞඛ්‍ය උපදෙස් ගැන සිංහල පැහැදිලි කිරීමක්.,"මේ update එකේ ප්‍රධාන කරුණ උෂ්ණත්වය සම්බන්ධයෙන් ලැබුණු තොරතුරුයි. අද දවසේ වෙනස්වීම් ගැන කථිකයා පියවරෙන් පියවර පැහැදිලි කරයි. මෙහිදී source ලෙස සඳහන් කරන්නේ සෞඛ්‍ය උපදෙස් යන්නයි. මෙය external fact check එකක් නොව title, description සහ transcript එක එකිනෙකට ගැළපෙනවාද කියලා බලන උදාහරණයක්. වැදගත්ම දෙය නම් claim එකට transcript එක තුළ ප්‍රමාණවත් support තියෙනවාද කියලා පරීක්ෂා කිරීමයි.",Weather,False,Inconsistent,weak_support,Transcript mentions the topic but does not support the main promised claim.,true,SYN00400,SYN00410,0.048,0.150,0.176,synthetic-weather-synneg00089,new,,
SYN00037,SYN00037,https://synthetic.local/watch?v=SYN00037,පක්ෂ රැස්වීම ගැන official update - ප්‍රතිපත්ති ප්‍රකාශය,පක්ෂ රැස්වීම සම්බන්ධ ප්‍රතිපත්ති ප්‍රකාශය සහ නායකත්වයේ අදහස් ගැන සිංහල පැහැදිලි කිරීමක්.,"මේ update එකේ ප්‍රධාන කරුණ පක්ෂ රැස්වීම සම්බන්ධයෙන් ලැබුණු තොරතුරුයි. මෙහිදී source ලෙස සඳහන් කරන්නේ නායකත්වයේ අදහස් යන්නයි. video එක පුරාම ප්‍රධාන අවධානය ප්‍රතිපත්ති ප්‍රකාශය මතම තියෙනවා. මෙය external fact check එකක් නොව title, description සහ transcript එක එකිනෙකට ගැළපෙනවාද කියලා බලන උදාහරණයක්. වැදගත්ම දෙය නම් claim එකට transcript එක තුළ ප්‍රමාණවත් support තියෙනවාද කියලා පරීක්ෂා කිරීමයි.",Politics,Not False,Consistent,consistent,"Title, description, and transcript discuss the same subject and supported detail.",false,SYN00037,SYN00037,0.121,0.131,0.375,synthetic-politics-syn00037,new,,
SYN00153,SYN00153,https://synthetic.local/watch?v=SYN00153,viral වීඩියෝව ගැන official update - සමාජ මාධ්‍ය ප්‍රතිචාර,viral වීඩියෝව සම්බන්ධ සමාජ මාධ්‍ය ප්‍රතිචාර සහ කලාකරුවන්ගේ අදහස් ගැන සිංහල පැහැදිලි කිරීමක්.,"අද වීඩියෝවෙන් අපි කතා කරන්නේ viral වීඩියෝව ගැනයි. මෙහිදී source ලෙස සඳහන් කරන්නේ කලාකරුවන්ගේ අදහස් යන්නයි. video එක පුරාම ප්‍රධාන අවධානය සමාජ මාධ්‍ය ප්‍රතිචාර මතම තියෙනවා. මෙය external fact check එකක් නොව title, description සහ transcript එක එකිනෙකට ගැළපෙනවාද කියලා බලන උදාහරණයක්. වැදගත්ම දෙය නම් claim එකට transcript එක තුළ ප්‍රමාණවත් support තියෙනවාද කියලා පරීක්ෂා කිරීමයි.",Entertainment,Not False,Consistent,consistent,"Title, description, and transcript discuss the same subject and supported detail.",false,SYN00153,SYN00153,0.102,0.150,0.412,synthetic-entertainment-syn00153,new,,
SYNNEG00177,SYNNEG00177,https://synthetic.local/watch?v=SYNNEG00177,ආගමික උත්සවය ගැන official update - ගමනාගමන සැලැස්ම,"ආගමික උත්සවය ගැන සියලු official ලේඛන, නම් ලැයිස්තු, දිනයන් සහ රහස් තොරතුරු transcript එකේ සම්පූර්ණයෙන් ඇති බව කියයි.","ගොඩක් අය අහන ප්‍රශ්නයක් වන ආගමික උත්සවය ගැන මෙහි පැහැදිලි කරනවා. video එක පුරාම ප්‍රධාන අවධානය ගමනාගමන සැලැස්ම මතම තියෙනවා. අවසානයේ viewers ලාට නිල update බලලා තීරණ ගන්න කියනවා. මෙය external fact check එකක් නොව title, description සහ transcript එක එකිනෙකට ගැළපෙනවාද කියලා බලන උදාහරණයක්. වැදගත්ම දෙය නම් claim එකට transcript එක තුළ ප්‍රමාණවත් support තියෙනවාද කියලා පරීක්ෂා කිරීමයි.",Religion,False,Inconsistent,description_transcript_mismatch,Description promises detailed evidence that the transcript does not contain.,true,SYN00278,SYN00288,0.136,0.100,0.182,synthetic-religion-synneg00177,new,,
SYNNEG00461,SYNNEG00461,https://synthetic.local/watch?v=SYNNEG00461,දැන්ම බලන්න! ශිෂ්‍යත්ව exam නිසා ලංකාවම කම්පා වෙයි,ශිෂ්‍යත්ව exam සම්බන්ධ අයදුම්පත් දිනය සහ පාසල් මට්ටමේ දැනුම්දීම් ගැන සිංහල පැහැදිලි කිරීමක්.,"මේ update එකේ ප්‍රධාන කරුණ ශිෂ්‍යත්ව exam සම්බන්ධයෙන් ලැබුණු තොරතුරුයි. අයදුම්පත් දිනය ගැන කථිකයා පියවරෙන් පියවර පැහැදිලි කරයි. මෙහිදී source ලෙස සඳහන් කරන්නේ පාසල් මට්ටමේ දැනුම්දීම් යන්නයි. මෙය external fact check එකක් නොව title, description සහ transcript එක එකිනෙකට ගැළපෙනවාද කියලා බලන උදාහරණයක්. වැදගත්ම දෙය නම් claim එකට transcript එක තුළ ප්‍රමාණවත් support තියෙනවාද කියලා පරීක්ෂා කිරීමයි.",Education,False,Inconsistent,title_transcript_mismatch,Title makes a stronger promise than the transcript supports.,true,SYN00112,SYN00122,0.046,0.177,0.150,synthetic-education-synneg00461,new,,
SYNNEG00102,SYNNEG00102,https://synthetic.local/watch?v=SYNNEG00102,ටෙලි නාට්‍යය ගැන official update - අලුත් episode,"ටෙලි නාට්‍යය ගැන සියලු official ලේඛන, නම් ලැයිස්තු, දිනයන් සහ රහස් තොරතුරු transcript එකේ සම්පූර්ණයෙන් ඇති බව කියයි.","ගොඩක් අය අහන ප්‍රශ්නයක් වන ටෙලි නාට්‍යය ගැන මෙහි පැහැදිලි කරනවා. අවසානයේ viewers ලාට නිල update බලලා තීරණ ගන්න කියනවා. අලුත් episode ගැන කථිකයා පියවරෙන් පියවර පැහැදිලි කරයි. මෙය external fact check එකක් නොව title, description සහ transcript එක එකිනෙකට ගැළපෙනවාද කියලා බලන උදාහරණයක්. වැදගත්ම දෙය නම් claim එකට transcript එක තුළ ප්‍රමාණවත් support තියෙනවාද කියලා පරීක්ෂා කිරීමයි.",Entertainment,False,Inconsistent,description_transcript_mismatch,Description promises detailed evidence that the transcript does not contain.,true,SYN00023,SYN00033,0.155,0.116,0.217,synthetic-entertainment-synneg00102,new,,
SYN00438,SYN00438,https://synthetic.local/watch?v=SYN00438,ආගමික උත්සවය ගැන official update - ගමනාගමන සැලැස්ම,ආගමික උත්සවය සම්බන්ධ ගමනාගමන සැලැස්ම සහ පොලීසියේ දැනුම්දීම ගැන සිංහල පැහැදිලි කිරීමක්.,"අද වීඩියෝවෙන් අපි කතා කරන්නේ ආගමික උත්සවය ගැනයි. video එක පුරාම ප්‍රධාන අවධානය ගමනාගමන සැලැස්ම මතම තියෙනවා. අවසානයේ viewers ලාට නිල update බලලා තීරණ ගන්න කියනවා. මෙය external fact check එකක් නොව title, description සහ transcript එක එකිනෙකට ගැළපෙනවාද කියලා බලන උදාහරණයක්. වැදගත්ම දෙය නම් claim එකට transcript එක තුළ ප්‍රමාණවත් support තියෙනවාද කියලා පරීක්ෂා කිරීමයි.",Religion,Not False,Consistent,consistent,"Title, description, and transcript discuss the same subject and supported detail.",false,SYN00438,SYN00438,0.123,0.079,0.333,synthetic-religion-syn00438,new,,
SYN00453,SYN00453,https://synthetic.local/watch?v=SYN00453,ජනප්‍රිය ගායකයා ගැන official update - concert update,ජනප්‍රිය ගායකයා සම්බන්ධ concert update සහ ප්‍රවේශපත්‍ර සහ ස්ථානය ගැන සිංහල පැහැදිලි කිරීමක්.,"අද වීඩියෝවෙන් අපි කතා කරන්නේ ජනප්‍රිය ගායකයා ගැනයි. මෙහිදී source ලෙස සඳහන් කරන්නේ ප්‍රවේශපත්‍ර සහ ස්ථානය යන්නයි. video එක පුරාම ප්‍රධාන අවධානය concert update මතම තියෙනවා. මෙය external fact check එකක් නොව title, description සහ transcript එක එකිනෙකට ගැළපෙනවාද කියලා බලන උදාහරණයක්. වැදගත්ම දෙය නම් claim එකට transcript එක තුළ ප්‍රමාණවත් support තියෙනවාද කියලා පරීක්ෂා කිරීමයි.",Entertainment,Not False,Consistent,consistent,"Title, description, and transcript discuss the same subject and supported detail.",false,SYN00453,SYN00453,0.103,0.164,0.438,synthetic-entertainment-syn00453,new,,
SYNNEG00286,SYNNEG00286,https://synthetic.local/watch?v=SYNNEG00286,100% තහවුරුයි! පාර්ලිමේන්තු විවාදය ගැන official තීරණය එළියට,පාර්ලිමේන්තු විවාදය සම්බන්ධ අද තීරණය සහ මන්ත්‍රීවරුන්ගේ අදහස් ගැන සිංහල පැහැදිලි කිරීමක්.,"මේ update එකේ ප්‍රධාන කරුණ පාර්ලිමේන්තු විවාදය සම්බන්ධයෙන් ලැබුණු තොරතුරුයි. අවසානයේ viewers ලාට නිල update බලලා තීරණ ගන්න කියනවා. අද තීරණය ගැන කථිකයා පියවරෙන් පියවර පැහැදිලි කරයි. මෙය external fact check එකක් නොව title, description සහ transcript එක එකිනෙකට ගැළපෙනවාද කියලා බලන උදාහරණයක්. වැදගත්ම දෙය නම් claim එකට transcript එක තුළ ප්‍රමාණවත් support තියෙනවාද කියලා පරීක්ෂා කිරීමයි.",Politics,False,Inconsistent,title_transcript_mismatch,Title makes a stronger promise than the transcript supports.,true,SYN00367,SYN00377,0.085,0.113,0.235,synthetic-politics-synneg00286,new,,
SYN00269,SYN00269,https://synthetic.local/watch?v=SYN00269,Facebook account ගැන official update - security warning,Facebook account සම්බන්ධ security warning සහ password ආරක්ෂාව ගැන සිංහල පැහැදිලි කිරීමක්.,"ගොඩක් අය අහන ප්‍රශ්නයක් වන Facebook account ගැන මෙහි පැහැදිලි කරනවා. මෙහිදී source ලෙස සඳහන් කරන්නේ password ආරක්ෂාව යන්නයි. video එක පුරාම ප්‍රධාන අවධානය security warning මතම තියෙනවා. මෙය external fact check එකක් නොව title, description සහ transcript එක එකිනෙකට ගැළපෙනවාද කියලා බලන උදාහරණයක්. වැදගත්ම දෙය නම් claim එකට transcript එක තුළ ප්‍රමාණවත් support තියෙනවාද කියලා පරීක්ෂා කිරීමයි.",Technology,Not False,Consistent,consistent,"Title, description, and transcript discuss the same subject and supported detail.",false,SYN00269,SYN00269,0.097,0.161,0.375,synthetic-technology-syn00269,new,,
SYN00134,SYN00134,https://synthetic.local/watch?v=SYN00134,රන් මිල ගැන official update - අද වෙළඳපොළ තත්ත්වය,රන් මිල සම්බන්ධ අද වෙළඳපොළ තත්ත්වය සහ මිල වෙනස්වීමට හේතු ගැන සිංහල පැහැදිලි කිරීමක්.,"ගොඩක් අය අහන ප්‍රශ්නයක් වන රන් මිල ගැන මෙහි පැහැදිලි කරනවා. video එක පුරාම ප්‍රධාන අවධානය අද වෙළඳපොළ තත්ත්වය මතම තියෙනවා. අවසානයේ viewers ලාට නිල update බලලා තීරණ ගන්න කියනවා. මෙය external fact check එකක් නොව title, description සහ transcript එක එකිනෙකට ගැළපෙනවාද කියලා බලන උදාහරණයක්. වැදගත්ම දෙය නම් claim එකට transcript එක තුළ ප්‍රමාණවත් support තියෙනවාද කියලා පරීක්ෂා කිරීමයි.",Finance,Not False,Consistent,consistent,"Title, description, and transcript discuss the same subject and supported detail.",false,SYN00134,SYN00134,0.150,0.123,0.375,synthetic-finance-syn00134,new,,
SYN00342,SYN00342,https://synthetic.local/watch?v=SYN00342,විශ්වවිද්‍යාල ප්‍රවේශය ගැන official update - නව cut-off ලකුණු,විශ්වවිද්‍යාල ප්‍රවේශය සම්බන්ධ නව cut-off ලකුණු සහ අයදුම්කරුවන්ට උපදෙස් ගැන සිංහල පැහැදිලි කිරීමක්.,"අද වීඩියෝවෙන් අපි කතා කරන්නේ විශ්වවිද්‍යාල ප්‍රවේශය ගැනයි. video එක පුරාම ප්‍රධාන අවධානය නව cut-off ලකුණු මතම තියෙනවා. අවසානයේ viewers ලාට නිල update බලලා තීරණ ගන්න කියනවා. මෙය external fact check එකක් නොව title, description සහ transcript එක එකිනෙකට ගැළපෙනවාද කියලා බලන උදාහරණයක්. වැදගත්ම දෙය නම් claim එකට transcript එක තුළ ප්‍රමාණවත් support තියෙනවාද කියලා පරීක්ෂා කිරීමයි.",Education,Not False,Consistent,consistent,"Title, description, and transcript discuss the same subject and supported detail.",false,SYN00342,SYN00342,0.183,0.136,0.474,synthetic-education-syn00342,new,,
SYNNEG00304,SYNNEG00304,https://synthetic.local/watch?v=SYNNEG00304,රජයේ allowance සම්බන්ධ නව තීරණයක්ද? ජනතාව අහන ප්‍රශ්න,රජයේ allowance සම්බන්ධ official අයදුම් ක්‍රමය සහ ලැබිය යුතු පවුල් කාණ්ඩ ගැන සිංහල පැහැදිලි කිරීමක්.,"අද වීඩියෝවෙන් අපි කතා කරන්නේ රජයේ allowance ගැනයි. මෙහිදී source ලෙස සඳහන් කරන්නේ ලැබිය යුතු පවුල් කාණ්ඩ යන්නයි. video එක පුරාම ප්‍රධාන අවධානය official අයදුම් ක්‍රමය මතම තියෙනවා. මෙය external fact check එකක් නොව title, description සහ transcript එක එකිනෙකට ගැළපෙනවාද කියලා බලන උදාහරණයක්. වැදගත්ම දෙය නම් claim එකට transcript එක තුළ ප්‍රමාණවත් support තියෙනවාද කියලා පරීක්ෂා කිරීමයි.",Government,False,Inconsistent,weak_support,Transcript mentions the topic but does not support the main promised claim.,true,SYN00045,SYN00055,0.047,0.175,0.136,synthetic-government-synneg00304,new,,
SYN00046,SYN00046,https://synthetic.local/watch?v=SYN00046,vaccine update ගැන official update - රෝහල් ලබාදෙන දිනය,vaccine update සම්බන්ධ රෝහල් ලබාදෙන දිනය සහ වෛද්‍යවරයාගේ උපදෙස් ගැන සිංහල පැහැදිලි කිරීමක්.,"මේ update එකේ ප්‍රධාන කරුණ vaccine update සම්බන්ධයෙන් ලැබුණු තොරතුරුයි. video එක පුරාම ප්‍රධාන අවධානය රෝහල් ලබාදෙන දිනය මතම තියෙනවා. අවසානයේ viewers ලාට නිල update බලලා තීරණ ගන්න කියනවා. මෙය external fact check එකක් නොව title, description සහ transcript එක එකිනෙකට ගැළපෙනවාද කියලා බලන උදාහරණයක්. වැදගත්ම දෙය නම් claim එකට transcript එක තුළ ප්‍රමාණවත් support තියෙනවාද කියලා පරීක්ෂා කිරීමයි.",Health,Not False,Consistent,consistent,"Title, description, and transcript discuss the same subject and supported detail.",false,SYN00046,SYN00046,0.125,0.111,0.438,synthetic-health-syn00046,new,,
SYN00284,SYN00284,https://synthetic.local/watch?v=SYN00284,බැංකු loan ගැන official update - පොලී අනුපාත update,බැංකු loan සම්බන්ධ පොලී අනුපාත update සහ අයදුම් කිරීමේ කොන්දේසි ගැන සිංහල පැහැදිලි කිරීමක්.,"ගොඩක් අය අහන ප්‍රශ්නයක් වන බැංකු loan ගැන මෙහි පැහැදිලි කරනවා. පොලී අනුපාත update ගැන කථිකයා පියවරෙන් පියවර පැහැදිලි කරයි. මෙහිදී source ලෙස සඳහන් කරන්නේ අයදුම් කිරීමේ කොන්දේසි යන්නයි. මෙය external fact check එකක් නොව title, description සහ transcript එක එකිනෙකට ගැළපෙනවාද කියලා බලන උදාහරණයක්. වැදගත්ම දෙය නම් claim එකට transcript එක තුළ ප්‍රමාණවත් support තියෙනවාද කියලා පරීක්ෂා කිරීමයි.",Finance,Not False,Consistent,consistent,"Title, description, and transcript discuss the same subject and supported detail.",false,SYN00284,SYN00284,0.117,0.194,0.438,synthetic-finance-syn00284,new,,
SYNNEG00153,SYNNEG00153,https://synthetic.local/watch?v=SYNNEG00153,100% තහවුරුයි! විදුලි බිල් සහනය ගැන official තීරණය එළියට,මෙම video එක 100% තහවුරු වූ breaking news එකක් කියලා overclaim කරයි.,"මේ update එකේ ප්‍රධාන කරුණ විදුලි බිල් සහනය සම්බන්ධයෙන් ලැබුණු තොරතුරුයි. video එක පුරාම ප්‍රධාන අවධානය ගෙවීම් ක්‍රම මතම තියෙනවා. අවසානයේ viewers ලාට නිල update බලලා තීරණ ගන්න කියනවා. මෙය external fact check එකක් නොව title, description සහ transcript එක එකිනෙකට ගැළපෙනවාද කියලා බලන උදාහරණයක්. වැදගත්ම දෙය නම් claim එකට transcript එක තුළ ප්‍රමාණවත් support තියෙනවාද කියලා පරීක්ෂා කිරීමයි.",Finance,False,Inconsistent,clickbait_overclaim,Metadata overclaims certainty while transcript is only a general discussion.,true,SYN00034,SYN00044,0.065,0.062,0.050,synthetic-finance-synneg00153,new,,
SYNNEG00449,SYNNEG00449,https://synthetic.local/watch?v=SYNNEG00449,සුළි කුණාටු අවදානම ගැන හදිසි warning එකක්ද? අද තත්ත්වය,සුළි කුණාටු අවදානම සම්බන්ධ official forecast සහ මුහුදු ප්‍රදේශ අනතුරු ඇඟවීම ගැන සිංහල පැහැදිලි කිරීමක්.,"ගොඩක් අය අහන ප්‍රශ්නයක් වන සුළි කුණාටු අවදානම ගැන මෙහි පැහැදිලි කරනවා. official forecast ගැන කථිකයා පියවරෙන් පියවර පැහැදිලි කරයි. මෙහිදී source ලෙස සඳහන් කරන්නේ මුහුදු ප්‍රදේශ අනතුරු ඇඟවීම යන්නයි. මෙය external fact check එකක් නොව title, description සහ transcript එක එකිනෙකට ගැළපෙනවාද කියලා බලන උදාහරණයක්. වැදගත්ම දෙය නම් claim එකට transcript එක තුළ ප්‍රමාණවත් support තියෙනවාද කියලා පරීක්ෂා කිරීමයි.",Weather,False,Inconsistent,weak_support,Transcript mentions the topic but does not support the main promised claim.,true,SYN00500,SYN00010,0.095,0.210,0.300,synthetic-weather-synneg00449,new,,
SYN00053,SYN00053,https://synthetic.local/watch?v=SYN00053,ජනප්‍රිය ගායකයා ගැන official update - concert update,ජනප්‍රිය ගායකයා සම්බන්ධ concert update සහ ප්‍රවේශපත්‍ර සහ ස්ථානය ගැන සිංහල පැහැදිලි කිරීමක්.,"ගොඩක් අය අහන ප්‍රශ්නයක් වන ජනප්‍රිය ගායකයා ගැන මෙහි පැහැදිලි කරනවා. මෙහිදී source ලෙස සඳහන් කරන්නේ ප්‍රවේශපත්‍ර සහ ස්ථානය යන්නයි. video එක පුරාම ප්‍රධාන අවධානය concert update මතම තියෙනවා. මෙය external fact check එකක් නොව title, description සහ transcript එක එකිනෙකට ගැළපෙනවාද කියලා බලන උදාහරණයක්. වැදගත්ම දෙය නම් claim එකට transcript එක තුළ ප්‍රමාණවත් support තියෙනවාද කියලා පරීක්ෂා කිරීමයි.",Entertainment,Not False,Consistent,consistent,"Title, description, and transcript discuss the same subject and supported detail.",false,SYN00053,SYN00053,0.115,0.190,0.438,synthetic-entertainment-syn00053,new,,
SYNNEG00322,SYNNEG00322,https://synthetic.local/watch?v=SYNNEG00322,ටෙලි නාට්‍යය ගැන official update - අලුත් episode,"ටෙලි නාට්‍යය ගැන සියලු official ලේඛන, නම් ලැයිස්තු, දිනයන් සහ රහස් තොරතුරු transcript එකේ සම්පූර්ණයෙන් ඇති බව කියයි.","මේ update එකේ ප්‍රධාන කරුණ ටෙලි නාට්‍යය සම්බන්ධයෙන් ලැබුණු තොරතුරුයි. අවසානයේ viewers ලාට නිල update බලලා තීරණ ගන්න කියනවා. අලුත් episode ගැන කථිකයා පියවරෙන් පියවර පැහැදිලි කරයි. මෙය external fact check එකක් නොව title, description සහ transcript එක එකිනෙකට ගැළපෙනවාද කියලා බලන උදාහරණයක්. වැදගත්ම දෙය නම් claim එකට transcript එක තුළ ප්‍රමාණවත් support තියෙනවාද කියලා පරීක්ෂා කිරීමයි.",Entertainment,False,Inconsistent,description_transcript_mismatch,Description promises detailed evidence that the transcript does not contain.,true,SYN00223,SYN00233,0.158,0.134,0.217,synthetic-entertainment-synneg00322,new,,
SYNNEG00280,SYNNEG00280,https://synthetic.local/watch?v=SYNNEG00280,එළවළු මිල ගැන official update - වෙළඳපොළ update,එළවළු මිල සම්බන්ධ වෙළඳපොළ update සහ කොළඹ සහ දඹුල්ල මිල වෙනස්වීම් ගැන සිංහල පැහැදිලි කිරීමක්.,"ගොඩක් අය අහන ප්‍රශ්නයක් වන ජල සැපයුම ගැන මෙහි පැහැදිලි කරනවා. අවසානයේ viewers ලාට නිල update බලලා තීරණ ගන්න කියනවා. ගොවිබිම් සඳහා කාලසටහන ගැන කථිකයා පියවරෙන් පියවර පැහැදිලි කරයි. මෙය external fact check එකක් නොව title, description සහ transcript එක එකිනෙකට ගැළපෙනවාද කියලා බලන උදාහරණයක්. වැදගත්ම දෙය නම් claim එකට transcript එක තුළ ප්‍රමාණවත් support තියෙනවාද කියලා පරීක්ෂා කිරීමයි.",Agriculture,False,Inconsistent,same_topic_swap,Same-topic hard negative: metadata and transcript are from different synthetic videos.,true,SYN00301,SYN00311,0.066,0.075,0.400,synthetic-agriculture-synneg00280,new,,
SYNNEG00478,SYNNEG00478,https://synthetic.local/watch?v=SYNNEG00478,ඔවුන් මේක සඟවනවා! mobile app ගැන සම්පූර්ණ ඇත්ත,මෙම video එක 100% තහවුරු වූ breaking news එකක් කියලා overclaim කරයි.,"මේ update එකේ ප්‍රධාන කරුණ mobile app සම්බන්ධයෙන් ලැබුණු තොරතුරුයි. මෙහිදී source ලෙස සඳහන් කරන්නේ දත්ත ආරක්ෂාව ගැන පැහැදිලි කිරීම යන්නයි. video එක පුරාම ප්‍රධාන අවධානය privacy update මතම තියෙනවා. මෙය external fact check එකක් නොව title, description සහ transcript එක එකිනෙකට ගැළපෙනවාද කියලා බලන උදාහරණයක්. වැදගත්ම දෙය නම් claim එකට transcript එක තුළ ප්‍රමාණවත් support තියෙනවාද කියලා පරීක්ෂා කිරීමයි.",Technology,False,Inconsistent,clickbait_overclaim,Metadata overclaims certainty while transcript is only a general discussion.,true,SYN00289,SYN00299,0.048,0.062,0.000,synthetic-technology-synneg00478,new,,
SYNNEG00100,SYNNEG00100,https://synthetic.local/watch?v=SYNNEG00100,වී වගාව ගැන official update - පොහොර සහනාධාරය,වී වගාව සම්බන්ධ පොහොර සහනාධාරය සහ කෘෂිකර්ම නිලධාරීන්ගේ උපදෙස් ගැන සිංහල පැහැදිලි කිරීමක්.,"ගොඩක් අය අහන ප්‍රශ්නයක් වන තේ වගාව ගැන මෙහි පැහැදිලි කරනවා. අවසානයේ viewers ලාට නිල update බලලා තීරණ ගන්න කියනවා. නව රෝග පාලන ක්‍රම ගැන කථිකයා පියවරෙන් පියවර පැහැදිලි කරයි. මෙය external fact check එකක් නොව title, description සහ transcript එක එකිනෙකට ගැළපෙනවාද කියලා බලන උදාහරණයක්. වැදගත්ම දෙය නම් claim එකට transcript එක තුළ ප්‍රමාණවත් support තියෙනවාද කියලා පරීක්ෂා කිරීමයි.",Agriculture,False,Inconsistent,same_topic_swap,Same-topic hard negative: metadata and transcript are from different synthetic videos.,true,SYN00001,SYN00011,0.079,0.058,0.312,synthetic-agriculture-synneg00100,new,,
SYN00209,SYN00209,https://synthetic.local/watch?v=SYN00209,mobile app ගැන official update - privacy update,mobile app සම්බන්ධ privacy update සහ දත්ත ආරක්ෂාව ගැන පැහැදිලි කිරීම ගැන සිංහල පැහැදිලි කිරීමක්.,"ගොඩක් අය අහන ප්‍රශ්නයක් වන mobile app ගැන මෙහි පැහැදිලි කරනවා. මෙහිදී source ලෙස සඳහන් කරන්නේ දත්ත ආරක්ෂාව ගැන පැහැදිලි කිරීම යන්නයි. video එක පුරාම ප්‍රධාන අවධානය privacy update මතම තියෙනවා. මෙය external fact check එකක් නොව title, description සහ transcript එක එකිනෙකට ගැළපෙනවාද කියලා බලන උදාහරණයක්. වැදගත්ම දෙය නම් claim එකට transcript එක තුළ ප්‍රමාණවත් support තියෙනවාද කියලා පරීක්ෂා කිරීමයි.",Technology,Not False,Consistent,consistent,"Title, description, and transcript discuss the same subject and supported detail.",false,SYN00209,SYN00209,0.100,0.161,0.429,synthetic-technology-syn00209,new,,
SYN00352,SYN00352,https://synthetic.local/watch?v=SYN00352,ශිෂ්‍යත්ව exam ගැන official update - අයදුම්පත් දිනය,ශිෂ්‍යත්ව exam සම්බන්ධ අයදුම්පත් දිනය සහ පාසල් මට්ටමේ දැනුම්දීම් ගැන සිංහල පැහැදිලි කිරීමක්.,"මේ update එකේ ප්‍රධාන කරුණ ශිෂ්‍යත්ව exam සම්බන්ධයෙන් ලැබුණු තොරතුරුයි. අයදුම්පත් දිනය ගැන කථිකයා පියවරෙන් පියවර පැහැදිලි කරයි. මෙහිදී source ලෙස සඳහන් කරන්නේ පාසල් මට්ටමේ දැනුම්දීම් යන්නයි. මෙය external fact check එකක් නොව title, description සහ transcript එක එකිනෙකට ගැළපෙනවාද කියලා බලන උදාහරණයක්. වැදගත්ම දෙය නම් claim එකට transcript එක තුළ ප්‍රමාණවත් support තියෙනවාද කියලා පරීක්ෂා කිරීමයි.",Education,Not False,Consistent,consistent,"Title, description, and transcript discuss the same subject and supported detail.",false,SYN00352,SYN00352,0.133,0.177,0.353,synthetic-education-syn00352,new,,
SYN00216,SYN00216,https://synthetic.local/watch?v=SYN00216,දියවැඩියාව ගැන official update - ආහාර පාලන ක්‍රම,දියවැඩියාව සම්බන්ධ ආහාර පාලන ක්‍රම සහ doctor පැහැදිලි කිරීම ගැන සිංහල පැහැදිලි කිරීමක්.,"අද වීඩියෝවෙන් අපි කතා කරන්නේ දියවැඩියාව ගැනයි. ආහාර පාලන ක්‍රම ගැන කථිකයා පියවරෙන් පියවර පැහැදිලි කරයි. මෙහිදී source ලෙස සඳහන් කරන්නේ doctor පැහැදිලි කිරීම යන්නයි. මෙය external fact check එකක් නොව title, description සහ transcript එක එකිනෙකට ගැළපෙනවාද කියලා බලන උදාහරණයක්. වැදගත්ම දෙය නම් claim එකට transcript එක තුළ ප්‍රමාණවත් support තියෙනවාද කියලා පරීක්ෂා කිරීමයි.",Health,Not False,Consistent,consistent,"Title, description, and transcript discuss the same subject and supported detail.",false,SYN00216,SYN00216,0.121,0.186,0.438,synthetic-health-syn00216,new,,
SYN00289,SYN00289,https://synthetic.local/watch?v=SYN00289,mobile app ගැන official update - privacy update,mobile app සම්බන්ධ privacy update සහ දත්ත ආරක්ෂාව ගැන පැහැදිලි කිරීම ගැන සිංහල පැහැදිලි කිරීමක්.,"මේ update එකේ ප්‍රධාන කරුණ mobile app සම්බන්ධයෙන් ලැබුණු තොරතුරුයි. මෙහිදී source ලෙස සඳහන් කරන්නේ දත්ත ආරක්ෂාව ගැන පැහැදිලි කිරීම යන්නයි. video එක පුරාම ප්‍රධාන අවධානය privacy update මතම තියෙනවා. මෙය external fact check එකක් නොව title, description සහ transcript එක එකිනෙකට ගැළපෙනවාද කියලා බලන උදාහරණයක්. වැදගත්ම දෙය නම් claim එකට transcript එක තුළ ප්‍රමාණවත් support තියෙනවාද කියලා පරීක්ෂා කිරීමයි.",Technology,Not False,Consistent,consistent,"Title, description, and transcript discuss the same subject and supported detail.",false,SYN00289,SYN00289,0.103,0.167,0.429,synthetic-technology-syn00289,new,,
SYN00279,SYN00279,https://synthetic.local/watch?v=SYN00279,data package ගැන official update - නව මිල,data package සම්බන්ධ නව මිල සහ telecom company update ගැන සිංහල පැහැදිලි කිරීමක්.,"අද වීඩියෝවෙන් අපි කතා කරන්නේ data package ගැනයි. අවසානයේ viewers ලාට නිල update බලලා තීරණ ගන්න කියනවා. නව මිල ගැන කථිකයා පියවරෙන් පියවර පැහැදිලි කරයි. මෙය external fact check එකක් නොව title, description සහ transcript එක එකිනෙකට ගැළපෙනවාද කියලා බලන උදාහරණයක්. වැදගත්ම දෙය නම් claim එකට transcript එක තුළ ප්‍රමාණවත් support තියෙනවාද කියලා පරීක්ෂා කිරීමයි.",Technology,Not False,Consistent,consistent,"Title, description, and transcript discuss the same subject and supported detail.",false,SYN00279,SYN00279,0.143,0.148,0.467,synthetic-technology-syn00279,new,,
SYNNEG00454,SYNNEG00454,https://synthetic.local/watch?v=SYNNEG00454,රජයේ allowance සම්බන්ධ නව තීරණයක්ද? ජනතාව අහන ප්‍රශ්න,රජයේ allowance සම්බන්ධ official අයදුම් ක්‍රමය සහ ලැබිය යුතු පවුල් කාණ්ඩ ගැන සිංහල පැහැදිලි කිරීමක්.,"අද වීඩියෝවෙන් අපි කතා කරන්නේ රජයේ allowance ගැනයි. මෙහිදී source ලෙස සඳහන් කරන්නේ ලැබිය යුතු පවුල් කාණ්ඩ යන්නයි. video එක පුරාම ප්‍රධාන අවධානය official අයදුම් ක්‍රමය මතම තියෙනවා. මෙය external fact check එකක් නොව title, description සහ transcript එක එකිනෙකට ගැළපෙනවාද කියලා බලන උදාහරණයක්. වැදගත්ම දෙය නම් claim එකට transcript එක තුළ ප්‍රමාණවත් support තියෙනවාද කියලා පරීක්ෂා කිරීමයි.",Government,False,Inconsistent,weak_support,Transcript mentions the topic but does not support the main promised claim.,true,SYN00045,SYN00055,0.047,0.175,0.136,synthetic-government-synneg00454,new,,
SYNNEG00321,SYNNEG00321,https://synthetic.local/watch?v=SYNNEG00321,දැන්ම බලන්න! පාසල් නිවාඩු නිසා ලංකාවම කම්පා වෙයි,පාසල් නිවාඩු සම්බන්ධ කාලසටහන් වෙනස්වීම සහ අධ්‍යාපන අමාත්‍යාංශ update ගැන සිංහල පැහැදිලි කිරීමක්.,"ගොඩක් අය අහන ප්‍රශ්නයක් වන පාසල් නිවාඩු ගැන මෙහි පැහැදිලි කරනවා. කාලසටහන් වෙනස්වීම ගැන කථිකයා පියවරෙන් පියවර පැහැදිලි කරයි. මෙහිදී source ලෙස සඳහන් කරන්නේ අධ්‍යාපන අමාත්‍යාංශ update යන්නයි. මෙය external fact check එකක් නොව title, description සහ transcript එක එකිනෙකට ගැළපෙනවාද කියලා බලන උදාහරණයක්. වැදගත්ම දෙය නම් claim එකට transcript එක තුළ ප්‍රමාණවත් support තියෙනවාද කියලා පරීක්ෂා කිරීමයි.",Education,False,Inconsistent,title_transcript_mismatch,Title makes a stronger promise than the transcript supports.,true,SYN00212,SYN00222,0.030,0.206,0.091,synthetic-education-synneg00321,new,,
SYN00110,SYN00110,https://synthetic.local/watch?v=SYN00110,ගංවතුර තත්ත්වය ගැන official update - ජල මට්ටම් update,ගංවතුර තත්ත්වය සම්බන්ධ ජල මට්ටම් update සහ ආපදා කළමනාකරණ උපදෙස් ගැන සිංහල පැහැදිලි කිරීමක්.,"ගොඩක් අය අහන ප්‍රශ්නයක් වන ගංවතුර තත්ත්වය ගැන මෙහි පැහැදිලි කරනවා. video එක පුරාම ප්‍රධාන අවධානය ජල මට්ටම් update මතම තියෙනවා. අවසානයේ viewers ලාට නිල update බලලා තීරණ ගන්න කියනවා. මෙය external fact check එකක් නොව title, description සහ transcript එක එකිනෙකට ගැළපෙනවාද කියලා බලන උදාහරණයක්. වැදගත්ම දෙය නම් claim එකට transcript එක තුළ ප්‍රමාණවත් support තියෙනවාද කියලා පරීක්ෂා කිරීමයි.",Weather,Not False,Consistent,consistent,"Title, description, and transcript discuss the same subject and supported detail.",false,SYN00110,SYN00110,0.136,0.138,0.438,synthetic-weather-syn00110,new,,
SYN00119,SYN00119,https://synthetic.local/watch?v=SYN00119,data package ගැන official update - නව මිල,data package සම්බන්ධ නව මිල සහ telecom company update ගැන සිංහල පැහැදිලි කිරීමක්.,"ගොඩක් අය අහන ප්‍රශ්නයක් වන data package ගැන මෙහි පැහැදිලි කරනවා. අවසානයේ viewers ලාට නිල update බලලා තීරණ ගන්න කියනවා. නව මිල ගැන කථිකයා පියවරෙන් පියවර පැහැදිලි කරයි. මෙය external fact check එකක් නොව title, description සහ transcript එක එකිනෙකට ගැළපෙනවාද කියලා බලන උදාහරණයක්. වැදගත්ම දෙය නම් claim එකට transcript එක තුළ ප්‍රමාණවත් support තියෙනවාද කියලා පරීක්ෂා කිරීමයි.",Technology,Not False,Consistent,consistent,"Title, description, and transcript discuss the same subject and supported detail.",false,SYN00119,SYN00119,0.140,0.145,0.467,synthetic-technology-syn00119,new,,
SYNNEG00442,SYNNEG00442,https://synthetic.local/watch?v=SYNNEG00442,ටෙලි නාට්‍යය ගැන official update - අලුත් episode,"ටෙලි නාට්‍යය ගැන සියලු official ලේඛන, නම් ලැයිස්තු, දිනයන් සහ රහස් තොරතුරු transcript එකේ සම්පූර්ණයෙන් ඇති බව කියයි.","අද වීඩියෝවෙන් අපි කතා කරන්නේ ටෙලි නාට්‍යය ගැනයි. අවසානයේ viewers ලාට නිල update බලලා තීරණ ගන්න කියනවා. අලුත් episode ගැන කථිකයා පියවරෙන් පියවර පැහැදිලි කරයි. මෙය external fact check එකක් නොව title, description සහ transcript එක එකිනෙකට ගැළපෙනවාද කියලා බලන උදාහරණයක්. වැදගත්ම දෙය නම් claim එකට transcript එක තුළ ප්‍රමාණවත් support තියෙනවාද කියලා පරීක්ෂා කිරීමයි.",Entertainment,False,Inconsistent,description_transcript_mismatch,Description promises detailed evidence that the transcript does not contain.,true,SYN00423,SYN00433,0.158,0.118,0.217,synthetic-entertainment-synneg00442,new,,
SYN00138,SYN00138,https://synthetic.local/watch?v=SYN00138,ධර්ම දේශනාව ගැන official update - සජීවී වැඩසටහන,ධර්ම දේශනාව සම්බන්ධ සජීවී වැඩසටහන සහ භික්ෂූන් වහන්සේගේ පැහැදිලි කිරීම ගැන සිංහල පැහැදිලි කිරීමක්.,"අද වීඩියෝවෙන් අපි කතා කරන්නේ ධර්ම දේශනාව ගැනයි. video එක පුරාම ප්‍රධාන අවධානය සජීවී වැඩසටහන මතම තියෙනවා. අවසානයේ viewers ලාට නිල update බලලා තීරණ ගන්න කියනවා. මෙය external fact check එකක් නොව title, description සහ transcript එක එකිනෙකට ගැළපෙනවාද කියලා බලන උදාහරණයක්. වැදගත්ම දෙය නම් claim එකට transcript එක තුළ ප්‍රමාණවත් support තියෙනවාද කියලා පරීක්ෂා කිරීමයි.",Religion,Not False,Consistent,consistent,"Title, description, and transcript discuss the same subject and supported detail.",false,SYN00138,SYN00138,0.123,0.095,0.400,synthetic-religion-syn00138,new,,
SYN00107,SYN00107,https://synthetic.local/watch?v=SYN00107,අමාත්‍ය මණ්ඩලය ගැන official update - නව තීරණ,අමාත්‍ය මණ්ඩලය සම්බන්ධ නව තීරණ සහ මාධ්‍ය හමුවේ විස්තර ගැන සිංහල පැහැදිලි කිරීමක්.,"ගොඩක් අය අහන ප්‍රශ්නයක් වන අමාත්‍ය මණ්ඩලය ගැන මෙහි පැහැදිලි කරනවා. අවසානයේ viewers ලාට නිල update බලලා තීරණ ගන්න කියනවා. නව තීරණ ගැන කථිකයා පියවරෙන් පියවර පැහැදිලි කරයි. මෙය external fact check එකක් නොව title, description සහ transcript එක එකිනෙකට ගැළපෙනවාද කියලා බලන උදාහරණයක්. වැදගත්ම දෙය නම් claim එකට transcript එක තුළ ප්‍රමාණවත් support තියෙනවාද කියලා පරීක්ෂා කිරීමයි.",Politics,Not False,Consistent,consistent,"Title, description, and transcript discuss the same subject and supported detail.",false,SYN00107,SYN00107,0.143,0.113,0.312,synthetic-politics-syn00107,new,,
SYN00307,SYN00307,https://synthetic.local/watch?v=SYN00307,අමාත්‍ය මණ්ඩලය ගැන official update - නව තීරණ,අමාත්‍ය මණ්ඩලය සම්බන්ධ නව තීරණ සහ මාධ්‍ය හමුවේ විස්තර ගැන සිංහල පැහැදිලි කිරීමක්.,"මේ update එකේ ප්‍රධාන කරුණ අමාත්‍ය මණ්ඩලය සම්බන්ධයෙන් ලැබුණු තොරතුරුයි. අවසානයේ viewers ලාට නිල update බලලා තීරණ ගන්න කියනවා. නව තීරණ ගැන කථිකයා පියවරෙන් පියවර පැහැදිලි කරයි. මෙය external fact check එකක් නොව title, description සහ transcript එක එකිනෙකට ගැළපෙනවාද කියලා බලන උදාහරණයක්. වැදගත්ම දෙය නම් claim එකට transcript එක තුළ ප්‍රමාණවත් support තියෙනවාද කියලා පරීක්ෂා කිරීමයි.",Politics,Not False,Consistent,consistent,"Title, description, and transcript discuss the same subject and supported detail.",false,SYN00307,SYN00307,0.145,0.115,0.312,synthetic-politics-syn00307,new,,
SYNNEG00473,SYNNEG00473,https://synthetic.local/watch?v=SYNNEG00473,100% තහවුරුයි! විදුලි බිල් සහනය ගැන official තීරණය එළියට,මෙම video එක 100% තහවුරු වූ breaking news එකක් කියලා overclaim කරයි.,"අද වීඩියෝවෙන් අපි කතා කරන්නේ විදුලි බිල් සහනය ගැනයි. video එක පුරාම ප්‍රධාන අවධානය ගෙවීම් ක්‍රම මතම තියෙනවා. අවසානයේ viewers ලාට නිල update බලලා තීරණ ගන්න කියනවා. මෙය external fact check එකක් නොව title, description සහ transcript එක එකිනෙකට ගැළපෙනවාද කියලා බලන උදාහරණයක්. වැදගත්ම දෙය නම් claim එකට transcript එක තුළ ප්‍රමාණවත් support තියෙනවාද කියලා පරීක්ෂා කිරීමයි.",Finance,False,Inconsistent,clickbait_overclaim,Metadata overclaims certainty while transcript is only a general discussion.,true,SYN00234,SYN00244,0.063,0.061,0.050,synthetic-finance-synneg00473,new,,
SYN00009,SYN00009,https://synthetic.local/watch?v=SYN00009,mobile app ගැන official update - privacy update,mobile app සම්බන්ධ privacy update සහ දත්ත ආරක්ෂාව ගැන පැහැදිලි කිරීම ගැන සිංහල පැහැදිලි කිරීමක්.,"අද වීඩියෝවෙන් අපි කතා කරන්නේ mobile app ගැනයි. මෙහිදී source ලෙස සඳහන් කරන්නේ දත්ත ආරක්ෂාව ගැන පැහැදිලි කිරීම යන්නයි. video එක පුරාම ප්‍රධාන අවධානය privacy update මතම තියෙනවා. මෙය external fact check එකක් නොව title, description සහ transcript එක එකිනෙකට ගැළපෙනවාද කියලා බලන උදාහරණයක්. වැදගත්ම දෙය නම් claim එකට transcript එක තුළ ප්‍රමාණවත් support තියෙනවාද කියලා පරීක්ෂා කිරීමයි.",Technology,Not False,Consistent,consistent,"Title, description, and transcript discuss the same subject and supported detail.",false,SYN00009,SYN00009,0.103,0.167,0.429,synthetic-technology-syn00009,new,,
SYNNEG00323,SYNNEG00323,https://synthetic.local/watch?v=SYNNEG00323,Breaking! විදුලි බිල් සහනය ගැන කවුරුත් නොකියන භයානක රහස,මෙම video එක 100% තහවුරු වූ breaking news එකක් කියලා overclaim කරයි.,"අද වීඩියෝවෙන් අපි කතා කරන්නේ විදුලි බිල් සහනය ගැනයි. video එක පුරාම ප්‍රධාන අවධානය ගෙවීම් ක්‍රම මතම තියෙනවා. අවසානයේ viewers ලාට නිල update බලලා තීරණ ගන්න කියනවා. මෙය external fact check එකක් නොව title, description සහ transcript එක එකිනෙකට ගැළපෙනවාද කියලා බලන උදාහරණයක්. වැදගත්ම දෙය නම් claim එකට transcript එක තුළ ප්‍රමාණවත් support තියෙනවාද කියලා පරීක්ෂා කිරීමයි.",Finance,False,Inconsistent,clickbait_overclaim,Metadata overclaims certainty while transcript is only a general discussion.,true,SYN00234,SYN00244,0.047,0.061,0.000,synthetic-finance-synneg00323,new,,
SYN00310,SYN00310,https://synthetic.local/watch?v=SYN00310,ගංවතුර තත්ත්වය ගැන official update - ජල මට්ටම් update,ගංවතුර තත්ත්වය සම්බන්ධ ජල මට්ටම් update සහ ආපදා කළමනාකරණ උපදෙස් ගැන සිංහල පැහැදිලි කිරීමක්.,"මේ update එකේ ප්‍රධාන කරුණ ගංවතුර තත්ත්වය සම්බන්ධයෙන් ලැබුණු තොරතුරුයි. video එක පුරාම ප්‍රධාන අවධානය ජල මට්ටම් update මතම තියෙනවා. අවසානයේ viewers ලාට නිල update බලලා තීරණ ගන්න කියනවා. මෙය external fact check එකක් නොව title, description සහ transcript එක එකිනෙකට ගැළපෙනවාද කියලා බලන උදාහරණයක්. වැදගත්ම දෙය නම් claim එකට transcript එක තුළ ප්‍රමාණවත් support තියෙනවාද කියලා පරීක්ෂා කිරීමයි.",Weather,Not False,Consistent,consistent,"Title, description, and transcript discuss the same subject and supported detail.",false,SYN00310,SYN00310,0.125,0.111,0.438,synthetic-weather-syn00310,new,,
SYNNEG00057,SYNNEG00057,https://synthetic.local/watch?v=SYNNEG00057,ආගමික උත්සවය ගැන official update - ගමනාගමන සැලැස්ම,"ආගමික උත්සවය ගැන සියලු official ලේඛන, නම් ලැයිස්තු, දිනයන් සහ රහස් තොරතුරු transcript එකේ සම්පූර්ණයෙන් ඇති බව කියයි.","අද වීඩියෝවෙන් අපි කතා කරන්නේ ආගමික උත්සවය ගැනයි. video එක පුරාම ප්‍රධාන අවධානය ගමනාගමන සැලැස්ම මතම තියෙනවා. අවසානයේ viewers ලාට නිල update බලලා තීරණ ගන්න කියනවා. මෙය external fact check එකක් නොව title, description සහ transcript එක එකිනෙකට ගැළපෙනවාද කියලා බලන උදාහරණයක්. වැදගත්ම දෙය නම් claim එකට transcript එක තුළ ප්‍රමාණවත් support තියෙනවාද කියලා පරීක්ෂා කිරීමයි.",Religion,False,Inconsistent,description_transcript_mismatch,Description promises detailed evidence that the transcript does not contain.,true,SYN00078,SYN00088,0.123,0.088,0.182,synthetic-religion-synneg00057,new,,
SYNNEG00244,SYNNEG00244,https://synthetic.local/watch?v=SYNNEG00244,රජයේ allowance සම්බන්ධ නව තීරණයක්ද? ජනතාව අහන ප්‍රශ්න,රජයේ allowance සම්බන්ධ official අයදුම් ක්‍රමය සහ ලැබිය යුතු පවුල් කාණ්ඩ ගැන සිංහල පැහැදිලි කිරීමක්.,"මේ update එකේ ප්‍රධාන කරුණ රජයේ allowance සම්බන්ධයෙන් ලැබුණු තොරතුරුයි. මෙහිදී source ලෙස සඳහන් කරන්නේ ලැබිය යුතු පවුල් කාණ්ඩ යන්නයි. video එක පුරාම ප්‍රධාන අවධානය official අයදුම් ක්‍රමය මතම තියෙනවා. මෙය external fact check එකක් නොව title, description සහ transcript එක එකිනෙකට ගැළපෙනවාද කියලා බලන උදාහරණයක්. වැදගත්ම දෙය නම් claim එකට transcript එක තුළ ප්‍රමාණවත් support තියෙනවාද කියලා පරීක්ෂා කිරීමයි.",Government,False,Inconsistent,weak_support,Transcript mentions the topic but does not support the main promised claim.,true,SYN00445,SYN00455,0.045,0.169,0.136,synthetic-government-synneg00244,new,,
SYNNEG00135,SYNNEG00135,https://synthetic.local/watch?v=SYNNEG00135,medicine shortage ගැන official update - රෝහල් තත්ත්වය,medicine shortage සම්බන්ධ රෝහල් තත්ත්වය සහ නිල සැපයුම් update ගැන සිංහල පැහැදිලි කිරීමක්.,"අද වීඩියෝවෙන් අපි කතා කරන්නේ vaccine update ගැනයි. video එක පුරාම ප්‍රධාන අවධානය රෝහල් ලබාදෙන දිනය මතම තියෙනවා. අවසානයේ viewers ලාට නිල update බලලා තීරණ ගන්න කියනවා. මෙය external fact check එකක් නොව title, description සහ transcript එක එකිනෙකට ගැළපෙනවාද කියලා බලන උදාහරණයක්. වැදගත්ම දෙය නම් claim එකට transcript එක තුළ ප්‍රමාණවත් support තියෙනවාද කියලා පරීක්ෂා කිරීමයි.",Health,False,Inconsistent,same_topic_swap,Same-topic hard negative: metadata and transcript are from different synthetic videos.,true,SYN00356,SYN00366,0.067,0.077,0.571,synthetic-health-synneg00135,new,,
SYN00292,SYN00292,https://synthetic.local/watch?v=SYN00292,පාසල් නිවාඩු ගැන official update - කාලසටහන් වෙනස්වීම,පාසල් නිවාඩු සම්බන්ධ කාලසටහන් වෙනස්වීම සහ අධ්‍යාපන අමාත්‍යාංශ update ගැන සිංහල පැහැදිලි කිරීමක්.,"මේ update එකේ ප්‍රධාන කරුණ පාසල් නිවාඩු සම්බන්ධයෙන් ලැබුණු තොරතුරුයි. කාලසටහන් වෙනස්වීම ගැන කථිකයා පියවරෙන් පියවර පැහැදිලි කරයි. මෙහිදී source ලෙස සඳහන් කරන්නේ අධ්‍යාපන අමාත්‍යාංශ update යන්නයි. මෙය external fact check එකක් නොව title, description සහ transcript එක එකිනෙකට ගැළපෙනවාද කියලා බලන උදාහරණයක්. වැදගත්ම දෙය නම් claim එකට transcript එක තුළ ප්‍රමාණවත් support තියෙනවාද කියලා පරීක්ෂා කිරීමයි.",Education,Not False,Consistent,consistent,"Title, description, and transcript discuss the same subject and supported detail.",false,SYN00292,SYN00292,0.117,0.210,0.412,synthetic-education-syn00292,new,,
SYN00379,SYN00379,https://synthetic.local/watch?v=SYN00379,AI tool ගැන official update - සිංහල භාවිතය,AI tool සම්බන්ධ සිංහල භාවිතය සහ නව feature සහ සීමා ගැන සිංහල පැහැදිලි කිරීමක්.,"මේ update එකේ ප්‍රධාන කරුණ AI tool සම්බන්ධයෙන් ලැබුණු තොරතුරුයි. අවසානයේ viewers ලාට නිල update බලලා තීරණ ගන්න කියනවා. සිංහල භාවිතය ගැන කථිකයා පියවරෙන් පියවර පැහැදිලි කරයි. මෙය external fact check එකක් නොව title, description සහ transcript එක එකිනෙකට ගැළපෙනවාද කියලා බලන උදාහරණයක්. වැදගත්ම දෙය නම් claim එකට transcript එක තුළ ප්‍රමාණවත් support තියෙනවාද කියලා පරීක්ෂා කිරීමයි.",Technology,Not False,Consistent,consistent,"Title, description, and transcript discuss the same subject and supported detail.",false,SYN00379,SYN00379,0.143,0.115,0.333,synthetic-technology-syn00379,new,,
SYNNEG00390,SYNNEG00390,https://synthetic.local/watch?v=SYNNEG00390,වී වගාව ගැන official update - පොහොර සහනාධාරය,වී වගාව සම්බන්ධ පොහොර සහනාධාරය සහ කෘෂිකර්ම නිලධාරීන්ගේ උපදෙස් ගැන සිංහල පැහැදිලි කිරීමක්.,"අද වීඩියෝවෙන් අපි කතා කරන්නේ තේ වගාව ගැනයි. අවසානයේ viewers ලාට නිල update බලලා තීරණ ගන්න කියනවා. නව රෝග පාලන ක්‍රම ගැන කථිකයා පියවරෙන් පියවර පැහැදිලි කරයි. මෙය external fact check එකක් නොව title, description සහ transcript එක එකිනෙකට ගැළපෙනවාද කියලා බලන උදාහරණයක්. වැදගත්ම දෙය නම් claim එකට transcript එක තුළ ප්‍රමාණවත් support තියෙනවාද කියලා පරීක්ෂා කිරීමයි.",Agriculture,False,Inconsistent,same_topic_swap,Same-topic hard negative: metadata and transcript are from different synthetic videos.,true,SYN00401,SYN00411,0.081,0.059,0.312,synthetic-agriculture-synneg00390,new,,
SYNNEG00130,SYNNEG00130,https://synthetic.local/watch?v=SYNNEG00130,එළවළු මිල ගැන official update - වෙළඳපොළ update,එළවළු මිල සම්බන්ධ වෙළඳපොළ update සහ කොළඹ සහ දඹුල්ල මිල වෙනස්වීම් ගැන සිංහල පැහැදිලි කිරීමක්.,"ගොඩක් අය අහන ප්‍රශ්නයක් වන ජල සැපයුම ගැන මෙහි පැහැදිලි කරනවා. අවසානයේ viewers ලාට නිල update බලලා තීරණ ගන්න කියනවා. ගොවිබිම් සඳහා කාලසටහන ගැන කථිකයා පියවරෙන් පියවර පැහැදිලි කරයි. මෙය external fact check එකක් නොව title, description සහ transcript එක එකිනෙකට ගැළපෙනවාද කියලා බලන උදාහරණයක්. වැදගත්ම දෙය නම් claim එකට transcript එක තුළ ප්‍රමාණවත් support තියෙනවාද කියලා පරීක්ෂා කිරීමයි.",Agriculture,False,Inconsistent,same_topic_swap,Same-topic hard negative: metadata and transcript are from different synthetic videos.,true,SYN00301,SYN00311,0.066,0.075,0.400,synthetic-agriculture-synneg00130,new,,
SYN00358,SYN00358,https://synthetic.local/watch?v=SYN00358,ආගමික උත්සවය ගැන official update - ගමනාගමන සැලැස්ම,ආගමික උත්සවය සම්බන්ධ ගමනාගමන සැලැස්ම සහ පොලීසියේ දැනුම්දීම ගැන සිංහල පැහැදිලි කිරීමක්.,"මේ update එකේ ප්‍රධාන කරුණ ආගමික උත්සවය සම්බන්ධයෙන් ලැබුණු තොරතුරුයි. video එක පුරාම ප්‍රධාන අවධානය ගමනාගමන සැලැස්ම මතම තියෙනවා. අවසානයේ viewers ලාට නිල update බලලා තීරණ ගන්න කියනවා. මෙය external fact check එකක් නොව title, description සහ transcript එක එකිනෙකට ගැළපෙනවාද කියලා බලන උදාහරණයක්. වැදගත්ම දෙය නම් claim එකට transcript එක තුළ ප්‍රමාණවත් support තියෙනවාද කියලා පරීක්ෂා කිරීමයි.",Religion,Not False,Consistent,consistent,"Title, description, and transcript discuss the same subject and supported detail.",false,SYN00358,SYN00358,0.125,0.081,0.333,synthetic-religion-syn00358,new,,
SYNNEG00213,SYNNEG00213,https://synthetic.local/watch?v=SYNNEG00213,100% තහවුරුයි! රන් මිල ගැන official තීරණය එළියට,මෙම video එක 100% තහවුරු වූ breaking news එකක් කියලා overclaim කරයි.,"ගොඩක් අය අහන ප්‍රශ්නයක් වන රන් මිල ගැන මෙහි පැහැදිලි කරනවා. video එක පුරාම ප්‍රධාන අවධානය අද වෙළඳපොළ තත්ත්වය මතම තියෙනවා. අවසානයේ viewers ලාට නිල update බලලා තීරණ ගන්න කියනවා. මෙය external fact check එකක් නොව title, description සහ transcript එක එකිනෙකට ගැළපෙනවාද කියලා බලන උදාහරණයක්. වැදගත්ම දෙය නම් claim එකට transcript එක තුළ ප්‍රමාණවත් support තියෙනවාද කියලා පරීක්ෂා කිරීමයි.",Finance,False,Inconsistent,clickbait_overclaim,Metadata overclaims certainty while transcript is only a general discussion.,true,SYN00134,SYN00144,0.062,0.059,0.053,synthetic-finance-synneg00213,new,,
SYNNEG00121,SYNNEG00121,https://synthetic.local/watch?v=SYNNEG00121,දැන්ම බලන්න! පාසල් නිවාඩු නිසා ලංකාවම කම්පා වෙයි,පාසල් නිවාඩු සම්බන්ධ කාලසටහන් වෙනස්වීම සහ අධ්‍යාපන අමාත්‍යාංශ update ගැන සිංහල පැහැදිලි කිරීමක්.,"ගොඩක් අය අහන ප්‍රශ්නයක් වන පාසල් නිවාඩු ගැන මෙහි පැහැදිලි කරනවා. කාලසටහන් වෙනස්වීම ගැන කථිකයා පියවරෙන් පියවර පැහැදිලි කරයි. මෙහිදී source ලෙස සඳහන් කරන්නේ අධ්‍යාපන අමාත්‍යාංශ update යන්නයි. මෙය external fact check එකක් නොව title, description සහ transcript එක එකිනෙකට ගැළපෙනවාද කියලා බලන උදාහරණයක්. වැදගත්ම දෙය නම් claim එකට transcript එක තුළ ප්‍රමාණවත් support තියෙනවාද කියලා පරීක්ෂා කිරීමයි.",Education,False,Inconsistent,title_transcript_mismatch,Title makes a stronger promise than the transcript supports.,true,SYN00212,SYN00222,0.030,0.206,0.091,synthetic-education-synneg00121,new,,
SYNNEG00019,SYNNEG00019,https://synthetic.local/watch?v=SYNNEG00019,උෂ්ණත්වය සම්බන්ධ නව තීරණයක්ද? ජනතාව අහන ප්‍රශ්න,උෂ්ණත්වය සම්බන්ධ අද දවසේ වෙනස්වීම් සහ සෞඛ්‍ය උපදෙස් ගැන සිංහල පැහැදිලි කිරීමක්.,"ගොඩක් අය අහන ප්‍රශ්නයක් වන උෂ්ණත්වය ගැන මෙහි පැහැදිලි කරනවා. අද දවසේ වෙනස්වීම් ගැන කථිකයා පියවරෙන් පියවර පැහැදිලි කරයි. මෙහිදී source ලෙස සඳහන් කරන්නේ සෞඛ්‍ය උපදෙස් යන්නයි. මෙය external fact check එකක් නොව title, description සහ transcript එක එකිනෙකට ගැළපෙනවාද කියලා බලන උදාහරණයක්. වැදගත්ම දෙය නම් claim එකට transcript එක තුළ ප්‍රමාණවත් support තියෙනවාද කියලා පරීක්ෂා කිරීමයි.",Weather,False,Inconsistent,weak_support,Transcript mentions the topic but does not support the main promised claim.,true,SYN00200,SYN00210,0.049,0.153,0.111,synthetic-weather-synneg00019,new,,
SYNNEG00163,SYNNEG00163,https://synthetic.local/watch?v=SYNNEG00163,Breaking! රන් මිල ගැන කවුරුත් නොකියන භයානක රහස,මෙම video එක 100% තහවුරු වූ breaking news එකක් කියලා overclaim කරයි.,"ගොඩක් අය අහන ප්‍රශ්නයක් වන රන් මිල ගැන මෙහි පැහැදිලි කරනවා. video එක පුරාම ප්‍රධාන අවධානය අද වෙළඳපොළ තත්ත්වය මතම තියෙනවා. අවසානයේ viewers ලාට නිල update බලලා තීරණ ගන්න කියනවා. මෙය external fact check එකක් නොව title, description සහ transcript එක එකිනෙකට ගැළපෙනවාද කියලා බලන උදාහරණයක්. වැදගත්ම දෙය නම් claim එකට transcript එක තුළ ප්‍රමාණවත් support තියෙනවාද කියලා පරීක්ෂා කිරීමයි.",Finance,False,Inconsistent,clickbait_overclaim,Metadata overclaims certainty while transcript is only a general discussion.,true,SYN00134,SYN00144,0.046,0.059,0.000,synthetic-finance-synneg00163,new,,
SYNNEG00051,SYNNEG00051,https://synthetic.local/watch?v=SYNNEG00051,ඔවුන් මේක සඟවනවා! පාසල් නිවාඩු ගැන සම්පූර්ණ ඇත්ත,පාසල් නිවාඩු සම්බන්ධ කාලසටහන් වෙනස්වීම සහ අධ්‍යාපන අමාත්‍යාංශ update ගැන සිංහල පැහැදිලි කිරීමක්.,"අද වීඩියෝවෙන් අපි කතා කරන්නේ පාසල් නිවාඩු ගැනයි. කාලසටහන් වෙනස්වීම ගැන කථිකයා පියවරෙන් පියවර පැහැදිලි කරයි. මෙහිදී source ලෙස සඳහන් කරන්නේ අධ්‍යාපන අමාත්‍යාංශ update යන්නයි. මෙය external fact check එකක් නොව title, description සහ transcript එක එකිනෙකට ගැළපෙනවාද කියලා බලන උදාහරණයක්. වැදගත්ම දෙය නම් claim එකට transcript එක තුළ ප්‍රමාණවත් support තියෙනවාද කියලා පරීක්ෂා කිරීමයි.",Education,False,Inconsistent,title_transcript_mismatch,Title makes a stronger promise than the transcript supports.,true,SYN00012,SYN00022,0.048,0.213,0.143,synthetic-education-synneg00051,new,,
SYN00076,SYN00076,https://synthetic.local/watch?v=SYN00076,medicine shortage ගැන official update - රෝහල් තත්ත්වය,medicine shortage සම්බන්ධ රෝහල් තත්ත්වය සහ නිල සැපයුම් update ගැන සිංහල පැහැදිලි කිරීමක්.,"මේ update එකේ ප්‍රධාන කරුණ medicine shortage සම්බන්ධයෙන් ලැබුණු තොරතුරුයි. රෝහල් තත්ත්වය ගැන කථිකයා පියවරෙන් පියවර පැහැදිලි කරයි. මෙහිදී source ලෙස සඳහන් කරන්නේ නිල සැපයුම් update යන්නයි. මෙය external fact check එකක් නොව title, description සහ transcript එක එකිනෙකට ගැළපෙනවාද කියලා බලන උදාහරණයක්. වැදගත්ම දෙය නම් claim එකට transcript එක තුළ ප්‍රමාණවත් support තියෙනවාද කියලා පරීක්ෂා කිරීමයි.",Health,Not False,Consistent,consistent,"Title, description, and transcript discuss the same subject and supported detail.",false,SYN00076,SYN00076,0.140,0.183,0.571,synthetic-health-syn00076,new,,
SYN00103,SYN00103,https://synthetic.local/watch?v=SYN00103,ටෙලි නාට්‍යය ගැන official update - අලුත් episode,ටෙලි නාට්‍යය සම්බන්ධ අලුත් episode සහ කතාවේ ඉදිරි වෙනස්කම් ගැන සිංහල පැහැදිලි කිරීමක්.,"මේ update එකේ ප්‍රධාන කරුණ ටෙලි නාට්‍යය සම්බන්ධයෙන් ලැබුණු තොරතුරුයි. අවසානයේ viewers ලාට නිල update බලලා තීරණ ගන්න කියනවා. අලුත් episode ගැන කථිකයා පියවරෙන් පියවර පැහැදිලි කරයි. මෙය external fact check එකක් නොව title, description සහ transcript එක එකිනෙකට ගැළපෙනවාද කියලා බලන උදාහරණයක්. වැදගත්ම දෙය නම් claim එකට transcript එක තුළ ප්‍රමාණවත් support තියෙනවාද කියලා පරීක්ෂා කිරීමයි.",Entertainment,Not False,Consistent,consistent,"Title, description, and transcript discuss the same subject and supported detail.",false,SYN00103,SYN00103,0.158,0.127,0.353,synthetic-entertainment-syn00103,new,,
SYNNEG00077,SYNNEG00077,https://synthetic.local/watch?v=SYNNEG00077,ආගමික උත්සවය ගැන official update - ගමනාගමන සැලැස්ම,"ආගමික උත්සවය ගැන සියලු official ලේඛන, නම් ලැයිස්තු, දිනයන් සහ රහස් තොරතුරු transcript එකේ සම්පූර්ණයෙන් ඇති බව කියයි.","ගොඩක් අය අහන ප්‍රශ්නයක් වන ආගමික උත්සවය ගැන මෙහි පැහැදිලි කරනවා. video එක පුරාම ප්‍රධාන අවධානය ගමනාගමන සැලැස්ම මතම තියෙනවා. අවසානයේ viewers ලාට නිල update බලලා තීරණ ගන්න කියනවා. මෙය external fact check එකක් නොව title, description සහ transcript එක එකිනෙකට ගැළපෙනවාද කියලා බලන උදාහරණයක්. වැදගත්ම දෙය නම් claim එකට transcript එක තුළ ප්‍රමාණවත් support තියෙනවාද කියලා පරීක්ෂා කිරීමයි.",Religion,False,Inconsistent,description_transcript_mismatch,Description promises detailed evidence that the transcript does not contain.,true,SYN00278,SYN00288,0.136,0.100,0.182,synthetic-religion-synneg00077,new,,
SYNNEG00358,SYNNEG00358,https://synthetic.local/watch?v=SYNNEG00358,ඔවුන් මේක සඟවනවා! mobile app ගැන සම්පූර්ණ ඇත්ත,මෙම video එක 100% තහවුරු වූ breaking news එකක් කියලා overclaim කරයි.,"ගොඩක් අය අහන ප්‍රශ්නයක් වන mobile app ගැන මෙහි පැහැදිලි කරනවා. මෙහිදී source ලෙස සඳහන් කරන්නේ දත්ත ආරක්ෂාව ගැන පැහැදිලි කිරීම යන්නයි. video එක පුරාම ප්‍රධාන අවධානය privacy update මතම තියෙනවා. මෙය external fact check එකක් නොව title, description සහ transcript එක එකිනෙකට ගැළපෙනවාද කියලා බලන උදාහරණයක්. වැදගත්ම දෙය නම් claim එකට transcript එක තුළ ප්‍රමාණවත් support තියෙනවාද කියලා පරීක්ෂා කිරීමයි.",Technology,False,Inconsistent,clickbait_overclaim,Metadata overclaims certainty while transcript is only a general discussion.,true,SYN00089,SYN00099,0.047,0.060,0.000,synthetic-technology-synneg00358,new,,
SYN00010,SYN00010,https://synthetic.local/watch?v=SYN00010,වැසි තත්ත්වය ගැන official update - කාලගුණ warning,වැසි තත්ත්වය සම්බන්ධ කාලගුණ warning සහ දිස්ත්‍රික්ක අනුව අනාවැකි ගැන සිංහල පැහැදිලි කිරීමක්.,"මේ update එකේ ප්‍රධාන කරුණ වැසි තත්ත්වය සම්බන්ධයෙන් ලැබුණු තොරතුරුයි. video එක පුරාම ප්‍රධාන අවධානය කාලගුණ warning මතම තියෙනවා. අවසානයේ viewers ලාට නිල update බලලා තීරණ ගන්න කියනවා. මෙය external fact check එකක් නොව title, description සහ transcript එක එකිනෙකට ගැළපෙනවාද කියලා බලන උදාහරණයක්. වැදගත්ම දෙය නම් claim එකට transcript එක තුළ ප්‍රමාණවත් support තියෙනවාද කියලා පරීක්ෂා කිරීමයි.",Weather,Not False,Consistent,consistent,"Title, description, and transcript discuss the same subject and supported detail.",false,SYN00010,SYN00010,0.140,0.092,0.333,synthetic-weather-syn00010,new,,
SYN00075,SYN00075,https://synthetic.local/watch?v=SYN00075,රජයේ job ගැන official update - අයදුම්පත් කැඳවීම,රජයේ job සම්බන්ධ අයදුම්පත් කැඳවීම සහ සුදුසුකම් සහ අවසන් දිනය ගැන සිංහල පැහැදිලි කිරීමක්.,"අද වීඩියෝවෙන් අපි කතා කරන්නේ රජයේ job ගැනයි. අවසානයේ viewers ලාට නිල update බලලා තීරණ ගන්න කියනවා. අයදුම්පත් කැඳවීම ගැන කථිකයා පියවරෙන් පියවර පැහැදිලි කරයි. මෙය external fact check එකක් නොව title, description සහ transcript එක එකිනෙකට ගැළපෙනවාද කියලා බලන උදාහරණයක්. වැදගත්ම දෙය නම් claim එකට transcript එක තුළ ප්‍රමාණවත් support තියෙනවාද කියලා පරීක්ෂා කිරීමයි.",Government,Not False,Consistent,consistent,"Title, description, and transcript discuss the same subject and supported detail.",false,SYN00075,SYN00075,0.143,0.113,0.312,synthetic-government-syn00075,new,,
SYNNEG00452,SYNNEG00452,https://synthetic.local/watch?v=SYNNEG00452,ටෙලි නාට්‍යය ගැන official update - අලුත් episode,"ටෙලි නාට්‍යය ගැන සියලු official ලේඛන, නම් ලැයිස්තු, දිනයන් සහ රහස් තොරතුරු transcript එකේ සම්පූර්ණයෙන් ඇති බව කියයි.","ගොඩක් අය අහන ප්‍රශ්නයක් වන ටෙලි නාට්‍යය ගැන මෙහි පැහැදිලි කරනවා. අවසානයේ viewers ලාට නිල update බලලා තීරණ ගන්න කියනවා. අලුත් episode ගැන කථිකයා පියවරෙන් පියවර පැහැදිලි කරයි. මෙය external fact check එකක් නොව title, description සහ transcript එක එකිනෙකට ගැළපෙනවාද කියලා බලන උදාහරණයක්. වැදගත්ම දෙය නම් claim එකට transcript එක තුළ ප්‍රමාණවත් support තියෙනවාද කියලා පරීක්ෂා කිරීමයි.",Entertainment,False,Inconsistent,description_transcript_mismatch,Description promises detailed evidence that the transcript does not contain.,true,SYN00023,SYN00033,0.155,0.116,0.217,synthetic-entertainment-synneg00452,new,,
SYN00469,SYN00469,https://synthetic.local/watch?v=SYN00469,Facebook account ගැන official update - security warning,Facebook account සම්බන්ධ security warning සහ password ආරක්ෂාව ගැන සිංහල පැහැදිලි කිරීමක්.,"මේ update එකේ ප්‍රධාන කරුණ Facebook account සම්බන්ධයෙන් ලැබුණු තොරතුරුයි. මෙහිදී source ලෙස සඳහන් කරන්නේ password ආරක්ෂාව යන්නයි. video එක පුරාම ප්‍රධාන අවධානය security warning මතම තියෙනවා. මෙය external fact check එකක් නොව title, description සහ transcript එක එකිනෙකට ගැළපෙනවාද කියලා බලන උදාහරණයක්. වැදගත්ම දෙය නම් claim එකට transcript එක තුළ ප්‍රමාණවත් support තියෙනවාද කියලා පරීක්ෂා කිරීමයි.",Technology,Not False,Consistent,consistent,"Title, description, and transcript discuss the same subject and supported detail.",false,SYN00469,SYN00469,0.119,0.129,0.375,synthetic-technology-syn00469,new,,
SYN00308,SYN00308,https://synthetic.local/watch?v=SYN00308,පුණ්‍ය කටයුතු ගැන official update - උත්සව සංවිධානය,පුණ්‍ය කටයුතු සම්බන්ධ උත්සව සංවිධානය සහ ප්‍රදේශවාසීන්ට උපදෙස් ගැන සිංහල පැහැදිලි කිරීමක්.,"ගොඩක් අය අහන ප්‍රශ්නයක් වන පුණ්‍ය කටයුතු ගැන මෙහි පැහැදිලි කරනවා. උත්සව සංවිධානය ගැන කථිකයා පියවරෙන් පියවර පැහැදිලි කරයි. මෙහිදී source ලෙස සඳහන් කරන්නේ ප්‍රදේශවාසීන්ට උපදෙස් යන්නයි. මෙය external fact check එකක් නොව title, description සහ transcript එක එකිනෙකට ගැළපෙනවාද කියලා බලන උදාහරණයක්. වැදගත්ම දෙය නම් claim එකට transcript එක තුළ ප්‍රමාණවත් support තියෙනවාද කියලා පරීක්ෂා කිරීමයි.",Religion,Not False,Consistent,consistent,"Title, description, and transcript discuss the same subject and supported detail.",false,SYN00308,SYN00308,0.085,0.169,0.312,synthetic-religion-syn00308,new,,
SYN00135,SYN00135,https://synthetic.local/watch?v=SYN00135,passport සේවාව ගැන official update - online booking update,passport සේවාව සම්බන්ධ online booking update සහ කාර්යාල වේලාවන් ගැන සිංහල පැහැදිලි කිරීමක්.,"අද වීඩියෝවෙන් අපි කතා කරන්නේ passport සේවාව ගැනයි. අවසානයේ viewers ලාට නිල update බලලා තීරණ ගන්න කියනවා. online booking update ගැන කථිකයා පියවරෙන් පියවර පැහැදිලි කරයි. මෙය external fact check එකක් නොව title, description සහ transcript එක එකිනෙකට ගැළපෙනවාද කියලා බලන උදාහරණයක්. වැදගත්ම දෙය නම් claim එකට transcript එක තුළ ප්‍රමාණවත් support තියෙනවාද කියලා පරීක්ෂා කිරීමයි.",Government,Not False,Consistent,consistent,"Title, description, and transcript discuss the same subject and supported detail.",false,SYN00135,SYN00135,0.143,0.148,0.467,synthetic-government-syn00135,new,,
SYNNEG00360,SYNNEG00360,https://synthetic.local/watch?v=SYNNEG00360,එළවළු මිල ගැන official update - වෙළඳපොළ update,එළවළු මිල සම්බන්ධ වෙළඳපොළ update සහ කොළඹ සහ දඹුල්ල මිල වෙනස්වීම් ගැන සිංහල පැහැදිලි කිරීමක්.,"අද වීඩියෝවෙන් අපි කතා කරන්නේ ජල සැපයුම ගැනයි. අවසානයේ viewers ලාට නිල update බලලා තීරණ ගන්න කියනවා. ගොවිබිම් සඳහා කාලසටහන ගැන කථිකයා පියවරෙන් පියවර පැහැදිලි කරයි. මෙය external fact check එකක් නොව title, description සහ transcript එක එකිනෙකට ගැළපෙනවාද කියලා බලන උදාහරණයක්. වැදගත්ම දෙය නම් claim එකට transcript එක තුළ ප්‍රමාණවත් support තියෙනවාද කියලා පරීක්ෂා කිරීමයි.",Agriculture,False,Inconsistent,same_topic_swap,Same-topic hard negative: metadata and transcript are from different synthetic videos.,true,SYN00101,SYN00111,0.067,0.076,0.400,synthetic-agriculture-synneg00360,new,,
SYNNEG00385,SYNNEG00385,https://synthetic.local/watch?v=SYNNEG00385,medicine shortage ගැන official update - රෝහල් තත්ත්වය,medicine shortage සම්බන්ධ රෝහල් තත්ත්වය සහ නිල සැපයුම් update ගැන සිංහල පැහැදිලි කිරීමක්.,"අද වීඩියෝවෙන් අපි කතා කරන්නේ vaccine update ගැනයි. video එක පුරාම ප්‍රධාන අවධානය රෝහල් ලබාදෙන දිනය මතම තියෙනවා. අවසානයේ viewers ලාට නිල update බලලා තීරණ ගන්න කියනවා. මෙය external fact check එකක් නොව title, description සහ transcript එක එකිනෙකට ගැළපෙනවාද කියලා බලන උදාහරණයක්. වැදගත්ම දෙය නම් claim එකට transcript එක තුළ ප්‍රමාණවත් support තියෙනවාද කියලා පරීක්ෂා කිරීමයි.",Health,False,Inconsistent,same_topic_swap,Same-topic hard negative: metadata and transcript are from different synthetic videos.,true,SYN00356,SYN00366,0.067,0.077,0.571,synthetic-health-synneg00385,new,,
SYN00245,SYN00245,https://synthetic.local/watch?v=SYN00245,රජයේ allowance ගැන official update - official අයදුම් ක්‍රමය,රජයේ allowance සම්බන්ධ official අයදුම් ක්‍රමය සහ ලැබිය යුතු පවුල් කාණ්ඩ ගැන සිංහල පැහැදිලි කිරීමක්.,"ගොඩක් අය අහන ප්‍රශ්නයක් වන රජයේ allowance ගැන මෙහි පැහැදිලි කරනවා. මෙහිදී source ලෙස සඳහන් කරන්නේ ලැබිය යුතු පවුල් කාණ්ඩ යන්නයි. video එක පුරාම ප්‍රධාන අවධානය official අයදුම් ක්‍රමය මතම තියෙනවා. මෙය external fact check එකක් නොව title, description සහ transcript එක එකිනෙකට ගැළපෙනවාද කියලා බලන උදාහරණයක්. වැදගත්ම දෙය නම් claim එකට transcript එක තුළ ප්‍රමාණවත් support තියෙනවාද කියලා පරීක්ෂා කිරීමයි.",Government,Not False,Consistent,consistent,"Title, description, and transcript discuss the same subject and supported detail.",false,SYN00245,SYN00245,0.109,0.200,0.389,synthetic-government-syn00245,new,,
SYNNEG00142,SYNNEG00142,https://synthetic.local/watch?v=SYNNEG00142,ටෙලි නාට්‍යය ගැන official update - අලුත් episode,"ටෙලි නාට්‍යය ගැන සියලු official ලේඛන, නම් ලැයිස්තු, දිනයන් සහ රහස් තොරතුරු transcript එකේ සම්පූර්ණයෙන් ඇති බව කියයි.","අද වීඩියෝවෙන් අපි කතා කරන්නේ ටෙලි නාට්‍යය ගැනයි. අවසානයේ viewers ලාට නිල update බලලා තීරණ ගන්න කියනවා. අලුත් episode ගැන කථිකයා පියවරෙන් පියවර පැහැදිලි කරයි. මෙය external fact check එකක් නොව title, description සහ transcript එක එකිනෙකට ගැළපෙනවාද කියලා බලන උදාහරණයක්. වැදගත්ම දෙය නම් claim එකට transcript එක තුළ ප්‍රමාණවත් support තියෙනවාද කියලා පරීක්ෂා කිරීමයි.",Entertainment,False,Inconsistent,description_transcript_mismatch,Description promises detailed evidence that the transcript does not contain.,true,SYN00423,SYN00433,0.158,0.118,0.217,synthetic-entertainment-synneg00142,new,,
SYN00210,SYN00210,https://synthetic.local/watch?v=SYN00210,වැසි තත්ත්වය ගැන official update - කාලගුණ warning,වැසි තත්ත්වය සම්බන්ධ කාලගුණ warning සහ දිස්ත්‍රික්ක අනුව අනාවැකි ගැන සිංහල පැහැදිලි කිරීමක්.,"අද වීඩියෝවෙන් අපි කතා කරන්නේ වැසි තත්ත්වය ගැනයි. video එක පුරාම ප්‍රධාන අවධානය කාලගුණ warning මතම තියෙනවා. අවසානයේ viewers ලාට නිල update බලලා තීරණ ගන්න කියනවා. මෙය external fact check එකක් නොව title, description සහ transcript එක එකිනෙකට ගැළපෙනවාද කියලා බලන උදාහරණයක්. වැදගත්ම දෙය නම් claim එකට transcript එක තුළ ප්‍රමාණවත් support තියෙනවාද කියලා පරීක්ෂා කිරීමයි.",Weather,Not False,Consistent,consistent,"Title, description, and transcript discuss the same subject and supported detail.",false,SYN00210,SYN00210,0.138,0.091,0.333,synthetic-weather-syn00210,new,,
SYN00268,SYN00268,https://synthetic.local/watch?v=SYN00268,පුණ්‍ය කටයුතු ගැන official update - උත්සව සංවිධානය,පුණ්‍ය කටයුතු සම්බන්ධ උත්සව සංවිධානය සහ ප්‍රදේශවාසීන්ට උපදෙස් ගැන සිංහල පැහැදිලි කිරීමක්.,"මේ update එකේ ප්‍රධාන කරුණ පුණ්‍ය කටයුතු සම්බන්ධයෙන් ලැබුණු තොරතුරුයි. උත්සව සංවිධානය ගැන කථිකයා පියවරෙන් පියවර පැහැදිලි කරයි. මෙහිදී source ලෙස සඳහන් කරන්නේ ප්‍රදේශවාසීන්ට උපදෙස් යන්නයි. මෙය external fact check එකක් නොව title, description සහ transcript එක එකිනෙකට ගැළපෙනවාද කියලා බලන උදාහරණයක්. වැදගත්ම දෙය නම් claim එකට transcript එක තුළ ප්‍රමාණවත් support තියෙනවාද කියලා පරීක්ෂා කිරීමයි.",Religion,Not False,Consistent,consistent,"Title, description, and transcript discuss the same subject and supported detail.",false,SYN00268,SYN00268,0.121,0.167,0.312,synthetic-religion-syn00268,new,,
SYNNEG00371,SYNNEG00371,https://synthetic.local/watch?v=SYNNEG00371,ඔවුන් මේක සඟවනවා! පාසල් නිවාඩු ගැන සම්පූර්ණ ඇත්ත,පාසල් නිවාඩු සම්බන්ධ කාලසටහන් වෙනස්වීම සහ අධ්‍යාපන අමාත්‍යාංශ update ගැන සිංහල පැහැදිලි කිරීමක්.,"ගොඩක් අය අහන ප්‍රශ්නයක් වන පාසල් නිවාඩු ගැන මෙහි පැහැදිලි කරනවා. කාලසටහන් වෙනස්වීම ගැන කථිකයා පියවරෙන් පියවර පැහැදිලි කරයි. මෙහිදී source ලෙස සඳහන් කරන්නේ අධ්‍යාපන අමාත්‍යාංශ update යන්නයි. මෙය external fact check එකක් නොව title, description සහ transcript එක එකිනෙකට ගැළපෙනවාද කියලා බලන උදාහරණයක්. වැදගත්ම දෙය නම් claim එකට transcript එක තුළ ප්‍රමාණවත් support තියෙනවාද කියලා පරීක්ෂා කිරීමයි.",Education,False,Inconsistent,title_transcript_mismatch,Title makes a stronger promise than the transcript supports.,true,SYN00212,SYN00222,0.046,0.206,0.143,synthetic-education-synneg00371,new,,
SYNNEG00036,SYNNEG00036,https://synthetic.local/watch?v=SYNNEG00036,Breaking! පාර්ලිමේන්තු විවාදය ගැන කවුරුත් නොකියන භයානක රහස,පාර්ලිමේන්තු විවාදය සම්බන්ධ අද තීරණය සහ මන්ත්‍රීවරුන්ගේ අදහස් ගැන සිංහල පැහැදිලි කිරීමක්.,"මේ update එකේ ප්‍රධාන කරුණ පාර්ලිමේන්තු විවාදය සම්බන්ධයෙන් ලැබුණු තොරතුරුයි. අවසානයේ viewers ලාට නිල update බලලා තීරණ ගන්න කියනවා. අද තීරණය ගැන කථිකයා පියවරෙන් පියවර පැහැදිලි කරයි. මෙය external fact check එකක් නොව title, description සහ transcript එක එකිනෙකට ගැළපෙනවාද කියලා බලන උදාහරණයක්. වැදගත්ම දෙය නම් claim එකට transcript එක තුළ ප්‍රමාණවත් support තියෙනවාද කියලා පරීක්ෂා කිරීමයි.",Politics,False,Inconsistent,title_transcript_mismatch,Title makes a stronger promise than the transcript supports.,true,SYN00367,SYN00377,0.049,0.113,0.167,synthetic-politics-synneg00036,new,,
SYNNEG00079,SYNNEG00079,https://synthetic.local/watch?v=SYNNEG00079,සුළි කුණාටු අවදානම සම්බන්ධ නව තීරණයක්ද? ජනතාව අහන ප්‍රශ්න,සුළි කුණාටු අවදානම සම්බන්ධ official forecast සහ මුහුදු ප්‍රදේශ අනතුරු ඇඟවීම ගැන සිංහල පැහැදිලි කිරීමක්.,"අද වීඩියෝවෙන් අපි කතා කරන්නේ සුළි කුණාටු අවදානම ගැනයි. official forecast ගැන කථිකයා පියවරෙන් පියවර පැහැදිලි කරයි. මෙහිදී source ලෙස සඳහන් කරන්නේ මුහුදු ප්‍රදේශ අනතුරු ඇඟවීම යන්නයි. මෙය external fact check එකක් නොව title, description සහ transcript එක එකිනෙකට ගැළපෙනවාද කියලා බලන උදාහරණයක්. වැදගත්ම දෙය නම් claim එකට transcript එක තුළ ප්‍රමාණවත් support තියෙනවාද කියලා පරීක්ෂා කිරීමයි.",Weather,False,Inconsistent,weak_support,Transcript mentions the topic but does not support the main promised claim.,true,SYN00300,SYN00310,0.063,0.217,0.238,synthetic-weather-synneg00079,new,,
SYNNEG00346,SYNNEG00346,https://synthetic.local/watch?v=SYNNEG00346,100% තහවුරුයි! අමාත්‍ය මණ්ඩලය ගැන official තීරණය එළියට,අමාත්‍ය මණ්ඩලය සම්බන්ධ නව තීරණ සහ මාධ්‍ය හමුවේ විස්තර ගැන සිංහල පැහැදිලි කිරීමක්.,"ගොඩක් අය අහන ප්‍රශ්නයක් වන අමාත්‍ය මණ්ඩලය ගැන මෙහි පැහැදිලි කරනවා. අවසානයේ viewers ලාට නිල update බලලා තීරණ ගන්න කියනවා. නව තීරණ ගැන කථිකයා පියවරෙන් පියවර පැහැදිලි කරයි. මෙය external fact check එකක් නොව title, description සහ transcript එක එකිනෙකට ගැළපෙනවාද කියලා බලන උදාහරණයක්. වැදගත්ම දෙය නම් claim එකට transcript එක තුළ ප්‍රමාණවත් support තියෙනවාද කියලා පරීක්ෂා කිරීමයි.",Politics,False,Inconsistent,title_transcript_mismatch,Title makes a stronger promise than the transcript supports.,true,SYN00467,SYN00477,0.067,0.113,0.167,synthetic-politics-synneg00346,new,,
SYNNEG00469,SYNNEG00469,https://synthetic.local/watch?v=SYNNEG00469,උෂ්ණත්වය සම්බන්ධ නව තීරණයක්ද? ජනතාව අහන ප්‍රශ්න,උෂ්ණත්වය සම්බන්ධ අද දවසේ වෙනස්වීම් සහ සෞඛ්‍ය උපදෙස් ගැන සිංහල පැහැදිලි කිරීමක්.,"ගොඩක් අය අහන ප්‍රශ්නයක් වන උෂ්ණත්වය ගැන මෙහි පැහැදිලි කරනවා. අද දවසේ වෙනස්වීම් ගැන කථිකයා පියවරෙන් පියවර පැහැදිලි කරයි. මෙහිදී source ලෙස සඳහන් කරන්නේ සෞඛ්‍ය උපදෙස් යන්නයි. මෙය external fact check එකක් නොව title, description සහ transcript එක එකිනෙකට ගැළපෙනවාද කියලා බලන උදාහරණයක්. වැදගත්ම දෙය නම් claim එකට transcript එක තුළ ප්‍රමාණවත් support තියෙනවාද කියලා පරීක්ෂා කිරීමයි.",Weather,False,Inconsistent,weak_support,Transcript mentions the topic but does not support the main promised claim.,true,SYN00200,SYN00210,0.049,0.153,0.111,synthetic-weather-synneg00469,new,,
SYN00084,SYN00084,https://synthetic.local/watch?v=SYN00084,බැංකු loan ගැන official update - පොලී අනුපාත update,බැංකු loan සම්බන්ධ පොලී අනුපාත update සහ අයදුම් කිරීමේ කොන්දේසි ගැන සිංහල පැහැදිලි කිරීමක්.,"අද වීඩියෝවෙන් අපි කතා කරන්නේ බැංකු loan ගැනයි. පොලී අනුපාත update ගැන කථිකයා පියවරෙන් පියවර පැහැදිලි කරයි. මෙහිදී source ලෙස සඳහන් කරන්නේ අයදුම් කිරීමේ කොන්දේසි යන්නයි. මෙය external fact check එකක් නොව title, description සහ transcript එක එකිනෙකට ගැළපෙනවාද කියලා බලන උදාහරණයක්. වැදගත්ම දෙය නම් claim එකට transcript එක තුළ ප්‍රමාණවත් support තියෙනවාද කියලා පරීක්ෂා කිරීමයි.",Finance,Not False,Consistent,consistent,"Title, description, and transcript discuss the same subject and supported detail.",false,SYN00084,SYN00084,0.121,0.200,0.438,synthetic-finance-syn00084,new,,
SYN00041,SYN00041,https://synthetic.local/watch?v=SYN00041,වී වගාව ගැන official update - පොහොර සහනාධාරය,වී වගාව සම්බන්ධ පොහොර සහනාධාරය සහ කෘෂිකර්ම නිලධාරීන්ගේ උපදෙස් ගැන සිංහල පැහැදිලි කිරීමක්.,"ගොඩක් අය අහන ප්‍රශ්නයක් වන වී වගාව ගැන මෙහි පැහැදිලි කරනවා. මෙහිදී source ලෙස සඳහන් කරන්නේ කෘෂිකර්ම නිලධාරීන්ගේ උපදෙස් යන්නයි. video එක පුරාම ප්‍රධාන අවධානය පොහොර සහනාධාරය මතම තියෙනවා. මෙය external fact check එකක් නොව title, description සහ transcript එක එකිනෙකට ගැළපෙනවාද කියලා බලන උදාහරණයක්. වැදගත්ම දෙය නම් claim එකට transcript එක තුළ ප්‍රමාණවත් support තියෙනවාද කියලා පරීක්ෂා කිරීමයි.",Agriculture,Not False,Consistent,consistent,"Title, description, and transcript discuss the same subject and supported detail.",false,SYN00041,SYN00041,0.081,0.161,0.312,synthetic-agriculture-syn00041,new,,
SYNNEG00109,SYNNEG00109,https://synthetic.local/watch?v=SYNNEG00109,සුළි කුණාටු අවදානම සම්බන්ධ නව තීරණයක්ද? ජනතාව අහන ප්‍රශ්න,සුළි කුණාටු අවදානම සම්බන්ධ official forecast සහ මුහුදු ප්‍රදේශ අනතුරු ඇඟවීම ගැන සිංහල පැහැදිලි කිරීමක්.,"මේ update එකේ ප්‍රධාන කරුණ සුළි කුණාටු අවදානම සම්බන්ධයෙන් ලැබුණු තොරතුරුයි. official forecast ගැන කථිකයා පියවරෙන් පියවර පැහැදිලි කරයි. මෙහිදී source ලෙස සඳහන් කරන්නේ මුහුදු ප්‍රදේශ අනතුරු ඇඟවීම යන්නයි. මෙය external fact check එකක් නොව title, description සහ transcript එක එකිනෙකට ගැළපෙනවාද කියලා බලන උදාහරණයක්. වැදගත්ම දෙය නම් claim එකට transcript එක තුළ ප්‍රමාණවත් support තියෙනවාද කියලා පරීක්ෂා කිරීමයි.",Weather,False,Inconsistent,weak_support,Transcript mentions the topic but does not support the main promised claim.,true,SYN00100,SYN00110,0.061,0.206,0.238,synthetic-weather-synneg00109,new,,
SYNNEG00093,SYNNEG00093,https://synthetic.local/watch?v=SYNNEG00093,100% තහවුරුයි! විදුලි බිල් සහනය ගැන official තීරණය එළියට,මෙම video එක 100% තහවුරු වූ breaking news එකක් කියලා overclaim කරයි.,"ගොඩක් අය අහන ප්‍රශ්නයක් වන විදුලි බිල් සහනය ගැන මෙහි පැහැදිලි කරනවා. video එක පුරාම ප්‍රධාන අවධානය ගෙවීම් ක්‍රම මතම තියෙනවා. අවසානයේ viewers ලාට නිල update බලලා තීරණ ගන්න කියනවා. මෙය external fact check එකක් නොව title, description සහ transcript එක එකිනෙකට ගැළපෙනවාද කියලා බලන උදාහරණයක්. වැදගත්ම දෙය නම් claim එකට transcript එක තුළ ප්‍රමාණවත් support තියෙනවාද කියලා පරීක්ෂා කිරීමයි.",Finance,False,Inconsistent,clickbait_overclaim,Metadata overclaims certainty while transcript is only a general discussion.,true,SYN00434,SYN00444,0.077,0.058,0.050,synthetic-finance-synneg00093,new,,
SYNNEG00354,SYNNEG00354,https://synthetic.local/watch?v=SYNNEG00354,රජයේ allowance ගැන ලොකු වෙනසක්? සම්පූර්ණ update මෙන්න,රජයේ allowance සම්බන්ධ official අයදුම් ක්‍රමය සහ ලැබිය යුතු පවුල් කාණ්ඩ ගැන සිංහල පැහැදිලි කිරීමක්.,"අද වීඩියෝවෙන් අපි කතා කරන්නේ රජයේ allowance ගැනයි. මෙහිදී source ලෙස සඳහන් කරන්නේ ලැබිය යුතු පවුල් කාණ්ඩ යන්නයි. video එක පුරාම ප්‍රධාන අවධානය official අයදුම් ක්‍රමය මතම තියෙනවා. මෙය external fact check එකක් නොව title, description සහ transcript එක එකිනෙකට ගැළපෙනවාද කියලා බලන උදාහරණයක්. වැදගත්ම දෙය නම් claim එකට transcript එක තුළ ප්‍රමාණවත් support තියෙනවාද කියලා පරීක්ෂා කිරීමයි.",Government,False,Inconsistent,weak_support,Transcript mentions the topic but does not support the main promised claim.,true,SYN00045,SYN00055,0.031,0.175,0.136,synthetic-government-synneg00354,new,,
SYNNEG00084,SYNNEG00084,https://synthetic.local/watch?v=SYNNEG00084,gazette නිවේදනය ගැන ලොකු වෙනසක්? සම්පූර්ණ update මෙන්න,gazette නිවේදනය සම්බන්ධ නව නියමයන් සහ අදාළ දිනය සහ බලපෑම ගැන සිංහල පැහැදිලි කිරීමක්.,"අද වීඩියෝවෙන් අපි කතා කරන්නේ gazette නිවේදනය ගැනයි. මෙහිදී source ලෙස සඳහන් කරන්නේ අදාළ දිනය සහ බලපෑම යන්නයි. video එක පුරාම ප්‍රධාන අවධානය නව නියමයන් මතම තියෙනවා. මෙය external fact check එකක් නොව title, description සහ transcript එක එකිනෙකට ගැළපෙනවාද කියලා බලන උදාහරණයක්. වැදගත්ම දෙය නම් claim එකට transcript එක තුළ ප්‍රමාණවත් support තියෙනවාද කියලා පරීක්ෂා කිරීමයි.",Government,False,Inconsistent,weak_support,Transcript mentions the topic but does not support the main promised claim.,true,SYN00345,SYN00355,0.032,0.133,0.158,synthetic-government-synneg00084,new,,
SYN00123,SYN00123,https://synthetic.local/watch?v=SYN00123,නව චිත්‍රපටය ගැන official update - release දිනය,නව චිත්‍රපටය සම්බන්ධ release දිනය සහ අධ්‍යක්ෂවරයාගේ පැහැදිලි කිරීම ගැන සිංහල පැහැදිලි කිරීමක්.,"අද වීඩියෝවෙන් අපි කතා කරන්නේ නව චිත්‍රපටය ගැනයි. අවසානයේ viewers ලාට නිල update බලලා තීරණ ගන්න කියනවා. release දිනය ගැන කථිකයා පියවරෙන් පියවර පැහැදිලි කරයි. මෙය external fact check එකක් නොව title, description සහ transcript එක එකිනෙකට ගැළපෙනවාද කියලා බලන උදාහරණයක්. වැදගත්ම දෙය නම් claim එකට transcript එක තුළ ප්‍රමාණවත් support තියෙනවාද කියලා පරීක්ෂා කිරීමයි.",Entertainment,Not False,Consistent,consistent,"Title, description, and transcript discuss the same subject and supported detail.",false,SYN00123,SYN00123,0.158,0.145,0.438,synthetic-entertainment-syn00123,new,,
SYN00414,SYN00414,https://synthetic.local/watch?v=SYN00414,රන් මිල ගැන official update - අද වෙළඳපොළ තත්ත්වය,රන් මිල සම්බන්ධ අද වෙළඳපොළ තත්ත්වය සහ මිල වෙනස්වීමට හේතු ගැන සිංහල පැහැදිලි කිරීමක්.,"අද වීඩියෝවෙන් අපි කතා කරන්නේ රන් මිල ගැනයි. video එක පුරාම ප්‍රධාන අවධානය අද වෙළඳපොළ තත්ත්වය මතම තියෙනවා. අවසානයේ viewers ලාට නිල update බලලා තීරණ ගන්න කියනවා. මෙය external fact check එකක් නොව title, description සහ transcript එක එකිනෙකට ගැළපෙනවාද කියලා බලන උදාහරණයක්. වැදගත්ම දෙය නම් claim එකට transcript එක තුළ ප්‍රමාණවත් support තියෙනවාද කියලා පරීක්ෂා කිරීමයි.",Finance,Not False,Consistent,consistent,"Title, description, and transcript discuss the same subject and supported detail.",false,SYN00414,SYN00414,0.140,0.095,0.375,synthetic-finance-syn00414,new,,
SYN00241,SYN00241,https://synthetic.local/watch?v=SYN00241,වී වගාව ගැන official update - පොහොර සහනාධාරය,වී වගාව සම්බන්ධ පොහොර සහනාධාරය සහ කෘෂිකර්ම නිලධාරීන්ගේ උපදෙස් ගැන සිංහල පැහැදිලි කිරීමක්.,"මේ update එකේ ප්‍රධාන කරුණ වී වගාව සම්බන්ධයෙන් ලැබුණු තොරතුරුයි. මෙහිදී source ලෙස සඳහන් කරන්නේ කෘෂිකර්ම නිලධාරීන්ගේ උපදෙස් යන්නයි. video එක පුරාම ප්‍රධාන අවධානය පොහොර සහනාධාරය මතම තියෙනවා. මෙය external fact check එකක් නොව title, description සහ transcript එක එකිනෙකට ගැළපෙනවාද කියලා බලන උදාහරණයක්. වැදගත්ම දෙය නම් claim එකට transcript එක තුළ ප්‍රමාණවත් support තියෙනවාද කියලා පරීක්ෂා කිරීමයි.",Agriculture,Not False,Consistent,consistent,"Title, description, and transcript discuss the same subject and supported detail.",false,SYN00241,SYN00241,0.102,0.129,0.312,synthetic-agriculture-syn00241,new,,
SYNNEG00224,SYNNEG00224,https://synthetic.local/watch?v=SYNNEG00224,රජයේ allowance ගැන හදිසි warning එකක්ද? අද තත්ත්වය,රජයේ allowance සම්බන්ධ official අයදුම් ක්‍රමය සහ ලැබිය යුතු පවුල් කාණ්ඩ ගැන සිංහල පැහැදිලි කිරීමක්.,"ගොඩක් අය අහන ප්‍රශ්නයක් වන රජයේ allowance ගැන මෙහි පැහැදිලි කරනවා. මෙහිදී source ලෙස සඳහන් කරන්නේ ලැබිය යුතු පවුල් කාණ්ඩ යන්නයි. video එක පුරාම ප්‍රධාන අවධානය official අයදුම් ක්‍රමය මතම තියෙනවා. මෙය external fact check එකක් නොව title, description සහ transcript එක එකිනෙකට ගැළපෙනවාද කියලා බලන උදාහරණයක්. වැදගත්ම දෙය නම් claim එකට transcript එක තුළ ප්‍රමාණවත් support තියෙනවාද කියලා පරීක්ෂා කිරීමයි.",Government,False,Inconsistent,weak_support,Transcript mentions the topic but does not support the main promised claim.,true,SYN00245,SYN00255,0.044,0.200,0.136,synthetic-government-synneg00224,new,,
SYNNEG00110,SYNNEG00110,https://synthetic.local/watch?v=SYNNEG00110,එළවළු මිල ගැන official update - වෙළඳපොළ update,එළවළු මිල සම්බන්ධ වෙළඳපොළ update සහ කොළඹ සහ දඹුල්ල මිල වෙනස්වීම් ගැන සිංහල පැහැදිලි කිරීමක්.,"අද වීඩියෝවෙන් අපි කතා කරන්නේ ජල සැපයුම ගැනයි. අවසානයේ viewers ලාට නිල update බලලා තීරණ ගන්න කියනවා. ගොවිබිම් සඳහා කාලසටහන ගැන කථිකයා පියවරෙන් පියවර පැහැදිලි කරයි. මෙය external fact check එකක් නොව title, description සහ transcript එක එකිනෙකට ගැළපෙනවාද කියලා බලන උදාහරණයක්. වැදගත්ම දෙය නම් claim එකට transcript එක තුළ ප්‍රමාණවත් support තියෙනවාද කියලා පරීක්ෂා කිරීමයි.",Agriculture,False,Inconsistent,same_topic_swap,Same-topic hard negative: metadata and transcript are from different synthetic videos.,true,SYN00101,SYN00111,0.067,0.076,0.400,synthetic-agriculture-synneg00110,new,,
SYNNEG00267,SYNNEG00267,https://synthetic.local/watch?v=SYNNEG00267,ධර්ම දේශනාව ගැන official update - සජීවී වැඩසටහන,"ධර්ම දේශනාව ගැන සියලු official ලේඛන, නම් ලැයිස්තු, දිනයන් සහ රහස් තොරතුරු transcript එකේ සම්පූර්ණයෙන් ඇති බව කියයි.","මේ update එකේ ප්‍රධාන කරුණ ධර්ම දේශනාව සම්බන්ධයෙන් ලැබුණු තොරතුරුයි. video එක පුරාම ප්‍රධාන අවධානය සජීවී වැඩසටහන මතම තියෙනවා. අවසානයේ viewers ලාට නිල update බලලා තීරණ ගන්න කියනවා. මෙය external fact check එකක් නොව title, description සහ transcript එක එකිනෙකට ගැළපෙනවාද කියලා බලන උදාහරණයක්. වැදගත්ම දෙය නම් claim එකට transcript එක තුළ ප්‍රමාණවත් support තියෙනවාද කියලා පරීක්ෂා කිරීමයි.",Religion,False,Inconsistent,description_transcript_mismatch,Description promises detailed evidence that the transcript does not contain.,true,SYN00178,SYN00188,0.125,0.106,0.182,synthetic-religion-synneg00267,new,,
SYN00191,SYN00191,https://synthetic.local/watch?v=SYN00191,ජල සැපයුම ගැන official update - ගොවිබිම් සඳහා කාලසටහන,ජල සැපයුම සම්බන්ධ ගොවිබිම් සඳහා කාලසටහන සහ ප්‍රදේශ අනුව ලබාදෙන ජල මුර ගැන සිංහල පැහැදිලි කිරීමක්.,"ගොඩක් අය අහන ප්‍රශ්නයක් වන ජල සැපයුම ගැන මෙහි පැහැදිලි කරනවා. අවසානයේ viewers ලාට නිල update බලලා තීරණ ගන්න කියනවා. ගොවිබිම් සඳහා කාලසටහන ගැන කථිකයා පියවරෙන් පියවර පැහැදිලි කරයි. මෙය external fact check එකක් නොව title, description සහ transcript එක එකිනෙකට ගැළපෙනවාද කියලා බලන උදාහරණයක්. වැදගත්ම දෙය නම් claim එකට transcript එක තුළ ප්‍රමාණවත් support තියෙනවාද කියලා පරීක්ෂා කිරීමයි.",Agriculture,Not False,Consistent,consistent,"Title, description, and transcript discuss the same subject and supported detail.",false,SYN00191,SYN00191,0.155,0.138,0.316,synthetic-agriculture-syn00191,new,,
SYN00083,SYN00083,https://synthetic.local/watch?v=SYN00083,නව චිත්‍රපටය ගැන official update - release දිනය,නව චිත්‍රපටය සම්බන්ධ release දිනය සහ අධ්‍යක්ෂවරයාගේ පැහැදිලි කිරීම ගැන සිංහල පැහැදිලි කිරීමක්.,"ගොඩක් අය අහන ප්‍රශ්නයක් වන නව චිත්‍රපටය ගැන මෙහි පැහැදිලි කරනවා. අවසානයේ viewers ලාට නිල update බලලා තීරණ ගන්න කියනවා. release දිනය ගැන කථිකයා පියවරෙන් පියවර පැහැදිලි කරයි. මෙය external fact check එකක් නොව title, description සහ transcript එක එකිනෙකට ගැළපෙනවාද කියලා බලන උදාහරණයක්. වැදගත්ම දෙය නම් claim එකට transcript එක තුළ ප්‍රමාණවත් support තියෙනවාද කියලා පරීක්ෂා කිරීමයි.",Entertainment,Not False,Consistent,consistent,"Title, description, and transcript discuss the same subject and supported detail.",false,SYN00083,SYN00083,0.155,0.143,0.438,synthetic-entertainment-syn00083,new,,
SYNNEG00021,SYNNEG00021,https://synthetic.local/watch?v=SYNNEG00021,දැන්ම බලන්න! පාසල් නිවාඩු නිසා ලංකාවම කම්පා වෙයි,පාසල් නිවාඩු සම්බන්ධ කාලසටහන් වෙනස්වීම සහ අධ්‍යාපන අමාත්‍යාංශ update ගැන සිංහල පැහැදිලි කිරීමක්.,"ගොඩක් අය අහන ප්‍රශ්නයක් වන පාසල් නිවාඩු ගැන මෙහි පැහැදිලි කරනවා. කාලසටහන් වෙනස්වීම ගැන කථිකයා පියවරෙන් පියවර පැහැදිලි කරයි. මෙහිදී source ලෙස සඳහන් කරන්නේ අධ්‍යාපන අමාත්‍යාංශ update යන්නයි. මෙය external fact check එකක් නොව title, description සහ transcript එක එකිනෙකට ගැළපෙනවාද කියලා බලන උදාහරණයක්. වැදගත්ම දෙය නම් claim එකට transcript එක තුළ ප්‍රමාණවත් support තියෙනවාද කියලා පරීක්ෂා කිරීමයි.",Education,False,Inconsistent,title_transcript_mismatch,Title makes a stronger promise than the transcript supports.,true,SYN00212,SYN00222,0.030,0.206,0.091,synthetic-education-synneg00021,new,,
SYNNEG00377,SYNNEG00377,https://synthetic.local/watch?v=SYNNEG00377,ආගමික උත්සවය ගැන official update - ගමනාගමන සැලැස්ම,"ආගමික උත්සවය ගැන සියලු official ලේඛන, නම් ලැයිස්තු, දිනයන් සහ රහස් තොරතුරු transcript එකේ සම්පූර්ණයෙන් ඇති බව කියයි.","ගොඩක් අය අහන ප්‍රශ්නයක් වන ආගමික උත්සවය ගැන මෙහි පැහැදිලි කරනවා. video එක පුරාම ප්‍රධාන අවධානය ගමනාගමන සැලැස්ම මතම තියෙනවා. අවසානයේ viewers ලාට නිල update බලලා තීරණ ගන්න කියනවා. මෙය external fact check එකක් නොව title, description සහ transcript එක එකිනෙකට ගැළපෙනවාද කියලා බලන උදාහරණයක්. වැදගත්ම දෙය නම් claim එකට transcript එක තුළ ප්‍රමාණවත් support තියෙනවාද කියලා පරීක්ෂා කිරීමයි.",Religion,False,Inconsistent,description_transcript_mismatch,Description promises detailed evidence that the transcript does not contain.,true,SYN00278,SYN00288,0.136,0.100,0.182,synthetic-religion-synneg00377,new,,
SYNNEG00306,SYNNEG00306,https://synthetic.local/watch?v=SYNNEG00306,100% තහවුරුයි! අමාත්‍ය මණ්ඩලය ගැන official තීරණය එළියට,අමාත්‍ය මණ්ඩලය සම්බන්ධ නව තීරණ සහ මාධ්‍ය හමුවේ විස්තර ගැන සිංහල පැහැදිලි කිරීමක්.,"මේ update එකේ ප්‍රධාන කරුණ අමාත්‍ය මණ්ඩලය සම්බන්ධයෙන් ලැබුණු තොරතුරුයි. අවසානයේ viewers ලාට නිල update බලලා තීරණ ගන්න කියනවා. නව තීරණ ගැන කථිකයා පියවරෙන් පියවර පැහැදිලි කරයි. මෙය external fact check එකක් නොව title, description සහ transcript එක එකිනෙකට ගැළපෙනවාද කියලා බලන උදාහරණයක්. වැදගත්ම දෙය නම් claim එකට transcript එක තුළ ප්‍රමාණවත් support තියෙනවාද කියලා පරීක්ෂා කිරීමයි.",Politics,False,Inconsistent,title_transcript_mismatch,Title makes a stronger promise than the transcript supports.,true,SYN00067,SYN00077,0.068,0.115,0.167,synthetic-politics-synneg00306,new,,
SYNNEG00284,SYNNEG00284,https://synthetic.local/watch?v=SYNNEG00284,gazette නිවේදනය ගැන හදිසි warning එකක්ද? අද තත්ත්වය,gazette නිවේදනය සම්බන්ධ නව නියමයන් සහ අදාළ දිනය සහ බලපෑම ගැන සිංහල පැහැදිලි කිරීමක්.,"අද වීඩියෝවෙන් අපි කතා කරන්නේ gazette නිවේදනය ගැනයි. මෙහිදී source ලෙස සඳහන් කරන්නේ අදාළ දිනය සහ බලපෑම යන්නයි. video එක පුරාම ප්‍රධාන අවධානය නව නියමයන් මතම තියෙනවා. මෙය external fact check එකක් නොව title, description සහ transcript එක එකිනෙකට ගැළපෙනවාද කියලා බලන උදාහරණයක්. වැදගත්ම දෙය නම් claim එකට transcript එක තුළ ප්‍රමාණවත් support තියෙනවාද කියලා පරීක්ෂා කිරීමයි.",Government,False,Inconsistent,weak_support,Transcript mentions the topic but does not support the main promised claim.,true,SYN00345,SYN00355,0.049,0.133,0.158,synthetic-government-synneg00284,new,,
SYNNEG00015,SYNNEG00015,https://synthetic.local/watch?v=SYNNEG00015,medicine shortage ගැන official update - රෝහල් තත්ත්වය,medicine shortage සම්බන්ධ රෝහල් තත්ත්වය සහ නිල සැපයුම් update ගැන සිංහල පැහැදිලි කිරීමක්.,"මේ update එකේ ප්‍රධාන කරුණ vaccine update සම්බන්ධයෙන් ලැබුණු තොරතුරුයි. video එක පුරාම ප්‍රධාන අවධානය රෝහල් ලබාදෙන දිනය මතම තියෙනවා. අවසානයේ viewers ලාට නිල update බලලා තීරණ ගන්න කියනවා. මෙය external fact check එකක් නොව title, description සහ transcript එක එකිනෙකට ගැළපෙනවාද කියලා බලන උදාහරණයක්. වැදගත්ම දෙය නම් claim එකට transcript එක තුළ ප්‍රමාණවත් support තියෙනවාද කියලා පරීක්ෂා කිරීමයි.",Health,False,Inconsistent,same_topic_swap,Same-topic hard negative: metadata and transcript are from different synthetic videos.,true,SYN00156,SYN00166,0.068,0.078,0.571,synthetic-health-synneg00015,new,,
SYN00489,SYN00489,https://synthetic.local/watch?v=SYN00489,mobile app ගැන official update - privacy update,mobile app සම්බන්ධ privacy update සහ දත්ත ආරක්ෂාව ගැන පැහැදිලි කිරීම ගැන සිංහල පැහැදිලි කිරීමක්.,"අද වීඩියෝවෙන් අපි කතා කරන්නේ mobile app ගැනයි. මෙහිදී source ලෙස සඳහන් කරන්නේ දත්ත ආරක්ෂාව ගැන පැහැදිලි කිරීම යන්නයි. video එක පුරාම ප්‍රධාන අවධානය privacy update මතම තියෙනවා. මෙය external fact check එකක් නොව title, description සහ transcript එක එකිනෙකට ගැළපෙනවාද කියලා බලන උදාහරණයක්. වැදගත්ම දෙය නම් claim එකට transcript එක තුළ ප්‍රමාණවත් support තියෙනවාද කියලා පරීක්ෂා කිරීමයි.",Technology,Not False,Consistent,consistent,"Title, description, and transcript discuss the same subject and supported detail.",false,SYN00489,SYN00489,0.103,0.167,0.429,synthetic-technology-syn00489,new,,
SYNNEG00348,SYNNEG00348,https://synthetic.local/watch?v=SYNNEG00348,දැන්ම බලන්න! mobile app නිසා ලංකාවම කම්පා වෙයි,මෙම video එක 100% තහවුරු වූ breaking news එකක් කියලා overclaim කරයි.,"අද වීඩියෝවෙන් අපි කතා කරන්නේ mobile app ගැනයි. මෙහිදී source ලෙස සඳහන් කරන්නේ දත්ත ආරක්ෂාව ගැන පැහැදිලි කිරීම යන්නයි. video එක පුරාම ප්‍රධාන අවධානය privacy update මතම තියෙනවා. මෙය external fact check එකක් නොව title, description සහ transcript එක එකිනෙකට ගැළපෙනවාද කියලා බලන උදාහරණයක්. වැදගත්ම දෙය නම් claim එකට transcript එක තුළ ප්‍රමාණවත් support තියෙනවාද කියලා පරීක්ෂා කිරීමයි.",Technology,False,Inconsistent,clickbait_overclaim,Metadata overclaims certainty while transcript is only a general discussion.,true,SYN00489,SYN00499,0.032,0.062,0.000,synthetic-technology-synneg00348,new,,
SYNNEG00173,SYNNEG00173,https://synthetic.local/watch?v=SYNNEG00173,100% තහවුරුයි! විදුලි බිල් සහනය ගැන official තීරණය එළියට,මෙම video එක 100% තහවුරු වූ breaking news එකක් කියලා overclaim කරයි.,"අද වීඩියෝවෙන් අපි කතා කරන්නේ විදුලි බිල් සහනය ගැනයි. video එක පුරාම ප්‍රධාන අවධානය ගෙවීම් ක්‍රම මතම තියෙනවා. අවසානයේ viewers ලාට නිල update බලලා තීරණ ගන්න කියනවා. මෙය external fact check එකක් නොව title, description සහ transcript එක එකිනෙකට ගැළපෙනවාද කියලා බලන උදාහරණයක්. වැදගත්ම දෙය නම් claim එකට transcript එක තුළ ප්‍රමාණවත් support තියෙනවාද කියලා පරීක්ෂා කිරීමයි.",Finance,False,Inconsistent,clickbait_overclaim,Metadata overclaims certainty while transcript is only a general discussion.,true,SYN00234,SYN00244,0.063,0.061,0.050,synthetic-finance-synneg00173,new,,
SYN00059,SYN00059,https://synthetic.local/watch?v=SYN00059,AI tool ගැන official update - සිංහල භාවිතය,AI tool සම්බන්ධ සිංහල භාවිතය සහ නව feature සහ සීමා ගැන සිංහල පැහැදිලි කිරීමක්.,"ගොඩක් අය අහන ප්‍රශ්නයක් වන AI tool ගැන මෙහි පැහැදිලි කරනවා. අවසානයේ viewers ලාට නිල update බලලා තීරණ ගන්න කියනවා. සිංහල භාවිතය ගැන කථිකයා පියවරෙන් පියවර පැහැදිලි කරයි. මෙය external fact check එකක් නොව title, description සහ transcript එක එකිනෙකට ගැළපෙනවාද කියලා බලන උදාහරණයක්. වැදගත්ම දෙය නම් claim එකට transcript එක තුළ ප්‍රමාණවත් support තියෙනවාද කියලා පරීක්ෂා කිරීමයි.",Technology,Not False,Consistent,consistent,"Title, description, and transcript discuss the same subject and supported detail.",false,SYN00059,SYN00059,0.140,0.113,0.333,synthetic-technology-syn00059,new,,
SYN00322,SYN00322,https://synthetic.local/watch?v=SYN00322,O/L exam ගැන official update - ප්‍රතිඵල නිකුත් කිරීම,O/L exam සම්බන්ධ ප්‍රතිඵල නිකුත් කිරීම සහ විභාග දෙපාර්තමේන්තුවේ නිවේදනය ගැන සිංහල පැහැදිලි කිරීමක්.,"මේ update එකේ ප්‍රධාන කරුණ O/L exam සම්බන්ධයෙන් ලැබුණු තොරතුරුයි. video එක පුරාම ප්‍රධාන අවධානය ප්‍රතිඵල නිකුත් කිරීම මතම තියෙනවා. අවසානයේ viewers ලාට නිල update බලලා තීරණ ගන්න කියනවා. මෙය external fact check එකක් නොව title, description සහ transcript එක එකිනෙකට ගැළපෙනවාද කියලා බලන උදාහරණයක්. වැදගත්ම දෙය නම් claim එකට transcript එක තුළ ප්‍රමාණවත් support තියෙනවාද කියලා පරීක්ෂා කිරීමයි.",Education,Not False,Consistent,consistent,"Title, description, and transcript discuss the same subject and supported detail.",false,SYN00322,SYN00322,0.127,0.097,0.375,synthetic-education-syn00322,new,,
SYNNEG00192,SYNNEG00192,https://synthetic.local/watch?v=SYNNEG00192,ටෙලි නාට්‍යය ගැන official update - අලුත් episode,"ටෙලි නාට්‍යය ගැන සියලු official ලේඛන, නම් ලැයිස්තු, දිනයන් සහ රහස් තොරතුරු transcript එකේ සම්පූර්ණයෙන් ඇති බව කියයි.","අද වීඩියෝවෙන් අපි කතා කරන්නේ ටෙලි නාට්‍යය ගැනයි. අවසානයේ viewers ලාට නිල update බලලා තීරණ ගන්න කියනවා. අලුත් episode ගැන කථිකයා පියවරෙන් පියවර පැහැදිලි කරයි. මෙය external fact check එකක් නොව title, description සහ transcript එක එකිනෙකට ගැළපෙනවාද කියලා බලන උදාහරණයක්. වැදගත්ම දෙය නම් claim එකට transcript එක තුළ ප්‍රමාණවත් support තියෙනවාද කියලා පරීක්ෂා කිරීමයි.",Entertainment,False,Inconsistent,description_transcript_mismatch,Description promises detailed evidence that the transcript does not contain.,true,SYN00423,SYN00433,0.158,0.118,0.217,synthetic-entertainment-synneg00192,new,,
SYNNEG00056,SYNNEG00056,https://synthetic.local/watch?v=SYNNEG00056,Breaking! අමාත්‍ය මණ්ඩලය ගැන කවුරුත් නොකියන භයානක රහස,අමාත්‍ය මණ්ඩලය සම්බන්ධ නව තීරණ සහ මාධ්‍ය හමුවේ විස්තර ගැන සිංහල පැහැදිලි කිරීමක්.,"මේ update එකේ ප්‍රධාන කරුණ අමාත්‍ය මණ්ඩලය සම්බන්ධයෙන් ලැබුණු තොරතුරුයි. අවසානයේ viewers ලාට නිල update බලලා තීරණ ගන්න කියනවා. නව තීරණ ගැන කථිකයා පියවරෙන් පියවර පැහැදිලි කරයි. මෙය external fact check එකක් නොව title, description සහ transcript එක එකිනෙකට ගැළපෙනවාද කියලා බලන උදාහරණයක්. වැදගත්ම දෙය නම් claim එකට transcript එක තුළ ප්‍රමාණවත් support තියෙනවාද කියලා පරීක්ෂා කිරීමයි.",Politics,False,Inconsistent,title_transcript_mismatch,Title makes a stronger promise than the transcript supports.,true,SYN00067,SYN00077,0.050,0.115,0.167,synthetic-politics-synneg00056,new,,
SYNNEG00094,SYNNEG00094,https://synthetic.local/watch?v=SYNNEG00094,රජයේ allowance සම්බන්ධ නව තීරණයක්ද? ජනතාව අහන ප්‍රශ්න,රජයේ allowance සම්බන්ධ official අයදුම් ක්‍රමය සහ ලැබිය යුතු පවුල් කාණ්ඩ ගැන සිංහල පැහැදිලි කිරීමක්.,"මේ update එකේ ප්‍රධාන කරුණ රජයේ allowance සම්බන්ධයෙන් ලැබුණු තොරතුරුයි. මෙහිදී source ලෙස සඳහන් කරන්නේ ලැබිය යුතු පවුල් කාණ්ඩ යන්නයි. video එක පුරාම ප්‍රධාන අවධානය official අයදුම් ක්‍රමය මතම තියෙනවා. මෙය external fact check එකක් නොව title, description සහ transcript එක එකිනෙකට ගැළපෙනවාද කියලා බලන උදාහරණයක්. වැදගත්ම දෙය නම් claim එකට transcript එක තුළ ප්‍රමාණවත් support තියෙනවාද කියලා පරීක්ෂා කිරීමයි.",Government,False,Inconsistent,weak_support,Transcript mentions the topic but does not support the main promised claim.,true,SYN00445,SYN00455,0.045,0.169,0.136,synthetic-government-synneg00094,new,,
SYNNEG00338,SYNNEG00338,https://synthetic.local/watch?v=SYNNEG00338,ඔවුන් මේක සඟවනවා! Facebook account ගැන සම්පූර්ණ ඇත්ත,මෙම video එක 100% තහවුරු වූ breaking news එකක් කියලා overclaim කරයි.,"ගොඩක් අය අහන ප්‍රශ්නයක් වන Facebook account ගැන මෙහි පැහැදිලි කරනවා. මෙහිදී source ලෙස සඳහන් කරන්නේ password ආරක්ෂාව යන්නයි. video එක පුරාම ප්‍රධාන අවධානය security warning මතම තියෙනවා. මෙය external fact check එකක් නොව title, description සහ transcript එක එකිනෙකට ගැළපෙනවාද කියලා බලන උදාහරණයක්. වැදගත්ම දෙය නම් claim එකට transcript එක තුළ ප්‍රමාණවත් support තියෙනවාද කියලා පරීක්ෂා කිරීමයි.",Technology,False,Inconsistent,clickbait_overclaim,Metadata overclaims certainty while transcript is only a general discussion.,true,SYN00389,SYN00399,0.047,0.060,0.000,synthetic-technology-synneg00338,new,,
SYN00223,SYN00223,https://synthetic.local/watch?v=SYN00223,ටෙලි නාට්‍යය ගැන official update - අලුත් episode,ටෙලි නාට්‍යය සම්බන්ධ අලුත් episode සහ කතාවේ ඉදිරි වෙනස්කම් ගැන සිංහල පැහැදිලි කිරීමක්.,"මේ update එකේ ප්‍රධාන කරුණ ටෙලි නාට්‍යය සම්බන්ධයෙන් ලැබුණු තොරතුරුයි. අවසානයේ viewers ලාට නිල update බලලා තීරණ ගන්න කියනවා. අලුත් episode ගැන කථිකයා පියවරෙන් පියවර පැහැදිලි කරයි. මෙය external fact check එකක් නොව title, description සහ transcript එක එකිනෙකට ගැළපෙනවාද කියලා බලන උදාහරණයක්. වැදගත්ම දෙය නම් claim එකට transcript එක තුළ ප්‍රමාණවත් support තියෙනවාද කියලා පරීක්ෂා කිරීමයි.",Entertainment,Not False,Consistent,consistent,"Title, description, and transcript discuss the same subject and supported detail.",false,SYN00223,SYN00223,0.158,0.127,0.353,synthetic-entertainment-syn00223,new,,
SYN00304,SYN00304,https://synthetic.local/watch?v=SYN00304,crypto investment ගැන official update - අවදානම් සහ වාසි,crypto investment සම්බන්ධ අවදානම් සහ වාසි සහ මුදල් උපදේශකගේ පැහැදිලි කිරීම ගැන සිංහල පැහැදිලි කිරීමක්.,"මේ update එකේ ප්‍රධාන කරුණ crypto investment සම්බන්ධයෙන් ලැබුණු තොරතුරුයි. අවදානම් සහ වාසි ගැන කථිකයා පියවරෙන් පියවර පැහැදිලි කරයි. මෙහිදී source ලෙස සඳහන් කරන්නේ මුදල් උපදේශකගේ පැහැදිලි කිරීම යන්නයි. මෙය external fact check එකක් නොව title, description සහ transcript එක එකිනෙකට ගැළපෙනවාද කියලා බලන උදාහරණයක්. වැදගත්ම දෙය නම් claim එකට transcript එක තුළ ප්‍රමාණවත් support තියෙනවාද කියලා පරීක්ෂා කිරීමයි.",Finance,Not False,Consistent,consistent,"Title, description, and transcript discuss the same subject and supported detail.",false,SYN00304,SYN00304,0.153,0.180,0.500,synthetic-finance-syn00304,new,,
SYNNEG00217,SYNNEG00217,https://synthetic.local/watch?v=SYNNEG00217,ධර්ම දේශනාව ගැන official update - සජීවී වැඩසටහන,"ධර්ම දේශනාව ගැන සියලු official ලේඛන, නම් ලැයිස්තු, දිනයන් සහ රහස් තොරතුරු transcript එකේ සම්පූර්ණයෙන් ඇති බව කියයි.","මේ update එකේ ප්‍රධාන කරුණ ධර්ම දේශනාව සම්බන්ධයෙන් ලැබුණු තොරතුරුයි. video එක පුරාම ප්‍රධාන අවධානය සජීවී වැඩසටහන මතම තියෙනවා. අවසානයේ viewers ලාට නිල update බලලා තීරණ ගන්න කියනවා. මෙය external fact check එකක් නොව title, description සහ transcript එක එකිනෙකට ගැළපෙනවාද කියලා බලන උදාහරණයක්. වැදගත්ම දෙය නම් claim එකට transcript එක තුළ ප්‍රමාණවත් support තියෙනවාද කියලා පරීක්ෂා කිරීමයි.",Religion,False,Inconsistent,description_transcript_mismatch,Description promises detailed evidence that the transcript does not contain.,true,SYN00178,SYN00188,0.125,0.106,0.182,synthetic-religion-synneg00217,new,,
SYN00159,SYN00159,https://synthetic.local/watch?v=SYN00159,data package ගැන official update - නව මිල,data package සම්බන්ධ නව මිල සහ telecom company update ගැන සිංහල පැහැදිලි කිරීමක්.,"අද වීඩියෝවෙන් අපි කතා කරන්නේ data package ගැනයි. අවසානයේ viewers ලාට නිල update බලලා තීරණ ගන්න කියනවා. නව මිල ගැන කථිකයා පියවරෙන් පියවර පැහැදිලි කරයි. මෙය external fact check එකක් නොව title, description සහ transcript එක එකිනෙකට ගැළපෙනවාද කියලා බලන උදාහරණයක්. වැදගත්ම දෙය නම් claim එකට transcript එක තුළ ප්‍රමාණවත් support තියෙනවාද කියලා පරීක්ෂා කිරීමයි.",Technology,Not False,Consistent,consistent,"Title, description, and transcript discuss the same subject and supported detail.",false,SYN00159,SYN00159,0.143,0.148,0.467,synthetic-technology-syn00159,new,,
SYN00499,SYN00499,https://synthetic.local/watch?v=SYN00499,AI tool ගැන official update - සිංහල භාවිතය,AI tool සම්බන්ධ සිංහල භාවිතය සහ නව feature සහ සීමා ගැන සිංහල පැහැදිලි කිරීමක්.,"මේ update එකේ ප්‍රධාන කරුණ AI tool සම්බන්ධයෙන් ලැබුණු තොරතුරුයි. අවසානයේ viewers ලාට නිල update බලලා තීරණ ගන්න කියනවා. සිංහල භාවිතය ගැන කථිකයා පියවරෙන් පියවර පැහැදිලි කරයි. මෙය external fact check එකක් නොව title, description සහ transcript එක එකිනෙකට ගැළපෙනවාද කියලා බලන උදාහරණයක්. වැදගත්ම දෙය නම් claim එකට transcript එක තුළ ප්‍රමාණවත් support තියෙනවාද කියලා පරීක්ෂා කිරීමයි.",Technology,Not False,Consistent,consistent,"Title, description, and transcript discuss the same subject and supported detail.",false,SYN00499,SYN00499,0.143,0.115,0.333,synthetic-technology-syn00499,new,,
SYNNEG00070,SYNNEG00070,https://synthetic.local/watch?v=SYNNEG00070,වී වගාව ගැන official update - පොහොර සහනාධාරය,වී වගාව සම්බන්ධ පොහොර සහනාධාරය සහ කෘෂිකර්ම නිලධාරීන්ගේ උපදෙස් ගැන සිංහල පැහැදිලි කිරීමක්.,"මේ update එකේ ප්‍රධාන කරුණ තේ වගාව සම්බන්ධයෙන් ලැබුණු තොරතුරුයි. අවසානයේ viewers ලාට නිල update බලලා තීරණ ගන්න කියනවා. නව රෝග පාලන ක්‍රම ගැන කථිකයා පියවරෙන් පියවර පැහැදිලි කරයි. මෙය external fact check එකක් නොව title, description සහ transcript එක එකිනෙකට ගැළපෙනවාද කියලා බලන උදාහරණයක්. වැදගත්ම දෙය නම් claim එකට transcript එක තුළ ප්‍රමාණවත් support තියෙනවාද කියලා පරීක්ෂා කිරීමයි.",Agriculture,False,Inconsistent,same_topic_swap,Same-topic hard negative: metadata and transcript are from different synthetic videos.,true,SYN00201,SYN00211,0.081,0.059,0.312,synthetic-agriculture-synneg00070,new,,
SYNNEG00398,SYNNEG00398,https://synthetic.local/watch?v=SYNNEG00398,ඔවුන් මේක සඟවනවා! mobile app ගැන සම්පූර්ණ ඇත්ත,මෙම video එක 100% තහවුරු වූ breaking news එකක් කියලා overclaim කරයි.,"අද වීඩියෝවෙන් අපි කතා කරන්නේ mobile app ගැනයි. මෙහිදී source ලෙස සඳහන් කරන්නේ දත්ත ආරක්ෂාව ගැන පැහැදිලි කිරීම යන්නයි. video එක පුරාම ප්‍රධාන අවධානය privacy update මතම තියෙනවා. මෙය external fact check එකක් නොව title, description සහ transcript එක එකිනෙකට ගැළපෙනවාද කියලා බලන උදාහරණයක්. වැදගත්ම දෙය නම් claim එකට transcript එක තුළ ප්‍රමාණවත් support තියෙනවාද කියලා පරීක්ෂා කිරීමයි.",Technology,False,Inconsistent,clickbait_overclaim,Metadata overclaims certainty while transcript is only a general discussion.,true,SYN00489,SYN00499,0.048,0.062,0.000,synthetic-technology-synneg00398,new,,
SYN00293,SYN00293,https://synthetic.local/watch?v=SYN00293,ජනප්‍රිය ගායකයා ගැන official update - concert update,ජනප්‍රිය ගායකයා සම්බන්ධ concert update සහ ප්‍රවේශපත්‍ර සහ ස්ථානය ගැන සිංහල පැහැදිලි කිරීමක්.,"ගොඩක් අය අහන ප්‍රශ්නයක් වන ජනප්‍රිය ගායකයා ගැන මෙහි පැහැදිලි කරනවා. මෙහිදී source ලෙස සඳහන් කරන්නේ ප්‍රවේශපත්‍ර සහ ස්ථානය යන්නයි. video එක පුරාම ප්‍රධාන අවධානය concert update මතම තියෙනවා. මෙය external fact check එකක් නොව title, description සහ transcript එක එකිනෙකට ගැළපෙනවාද කියලා බලන උදාහරණයක්. වැදගත්ම දෙය නම් claim එකට transcript එක තුළ ප්‍රමාණවත් support තියෙනවාද කියලා පරීක්ෂා කිරීමයි.",Entertainment,Not False,Consistent,consistent,"Title, description, and transcript discuss the same subject and supported detail.",false,SYN00293,SYN00293,0.115,0.190,0.438,synthetic-entertainment-syn00293,new,,
SYN00466,SYN00466,https://synthetic.local/watch?v=SYN00466,උණ රෝගය ගැන official update - ලක්ෂණ සහ ප්‍රතිකාර,උණ රෝගය සම්බන්ධ ලක්ෂණ සහ ප්‍රතිකාර සහ සෞඛ්‍ය අංශ අනතුරු ඇඟවීම ගැන සිංහල පැහැදිලි කිරීමක්.,"මේ update එකේ ප්‍රධාන කරුණ උණ රෝගය සම්බන්ධයෙන් ලැබුණු තොරතුරුයි. video එක පුරාම ප්‍රධාන අවධානය ලක්ෂණ සහ ප්‍රතිකාර මතම තියෙනවා. අවසානයේ viewers ලාට නිල update බලලා තීරණ ගන්න කියනවා. මෙය external fact check එකක් නොව title, description සහ transcript එක එකිනෙකට ගැළපෙනවාද කියලා බලන උදාහරණයක්. වැදගත්ම දෙය නම් claim එකට transcript එක තුළ ප්‍රමාණවත් support තියෙනවාද කියලා පරීක්ෂා කිරීමයි.",Health,Not False,Consistent,consistent,"Title, description, and transcript discuss the same subject and supported detail.",false,SYN00466,SYN00466,0.161,0.094,0.389,synthetic-health-syn00466,new,,
SYNNEG00489,SYNNEG00489,https://synthetic.local/watch?v=SYNNEG00489,උෂ්ණත්වය ගැන ලොකු වෙනසක්? සම්පූර්ණ update මෙන්න,උෂ්ණත්වය සම්බන්ධ අද දවසේ වෙනස්වීම් සහ සෞඛ්‍ය උපදෙස් ගැන සිංහල පැහැදිලි කිරීමක්.,"මේ update එකේ ප්‍රධාන කරුණ උෂ්ණත්වය සම්බන්ධයෙන් ලැබුණු තොරතුරුයි. අද දවසේ වෙනස්වීම් ගැන කථිකයා පියවරෙන් පියවර පැහැදිලි කරයි. මෙහිදී source ලෙස සඳහන් කරන්නේ සෞඛ්‍ය උපදෙස් යන්නයි. මෙය external fact check එකක් නොව title, description සහ transcript එක එකිනෙකට ගැළපෙනවාද කියලා බලන උදාහරණයක්. වැදගත්ම දෙය නම් claim එකට transcript එක තුළ ප්‍රමාණවත් support තියෙනවාද කියලා පරීක්ෂා කිරීමයි.",Weather,False,Inconsistent,weak_support,Transcript mentions the topic but does not support the main promised claim.,true,SYN00400,SYN00410,0.066,0.150,0.111,synthetic-weather-synneg00489,new,,
SYN00400,SYN00400,https://synthetic.local/watch?v=SYN00400,උෂ්ණත්වය ගැන official update - අද දවසේ වෙනස්වීම්,උෂ්ණත්වය සම්බන්ධ අද දවසේ වෙනස්වීම් සහ සෞඛ්‍ය උපදෙස් ගැන සිංහල පැහැදිලි කිරීමක්.,"මේ update එකේ ප්‍රධාන කරුණ උෂ්ණත්වය සම්බන්ධයෙන් ලැබුණු තොරතුරුයි. අද දවසේ වෙනස්වීම් ගැන කථිකයා පියවරෙන් පියවර පැහැදිලි කරයි. මෙහිදී source ලෙස සඳහන් කරන්නේ සෞඛ්‍ය උපදෙස් යන්නයි. මෙය external fact check එකක් නොව title, description සහ transcript එක එකිනෙකට ගැළපෙනවාද කියලා බලන උදාහරණයක්. වැදගත්ම දෙය නම් claim එකට transcript එක තුළ ප්‍රමාණවත් support තියෙනවාද කියලා පරීක්ෂා කිරීමයි.",Weather,Not False,Consistent,consistent,"Title, description, and transcript discuss the same subject and supported detail.",false,SYN00400,SYN00400,0.121,0.150,0.333,synthetic-weather-syn00400,new,,
SYN00003,SYN00003,https://synthetic.local/watch?v=SYN00003,නව චිත්‍රපටය ගැන official update - release දිනය,නව චිත්‍රපටය සම්බන්ධ release දිනය සහ අධ්‍යක්ෂවරයාගේ පැහැදිලි කිරීම ගැන සිංහල පැහැදිලි කිරීමක්.,"අද වීඩියෝවෙන් අපි කතා කරන්නේ නව චිත්‍රපටය ගැනයි. අවසානයේ viewers ලාට නිල update බලලා තීරණ ගන්න කියනවා. release දිනය ගැන කථිකයා පියවරෙන් පියවර පැහැදිලි කරයි. මෙය external fact check එකක් නොව title, description සහ transcript එක එකිනෙකට ගැළපෙනවාද කියලා බලන උදාහරණයක්. වැදගත්ම දෙය නම් claim එකට transcript එක තුළ ප්‍රමාණවත් support තියෙනවාද කියලා පරීක්ෂා කිරීමයි.",Entertainment,Not False,Consistent,consistent,"Title, description, and transcript discuss the same subject and supported detail.",false,SYN00003,SYN00003,0.158,0.145,0.438,synthetic-entertainment-syn00003,new,,
SYNNEG00387,SYNNEG00387,https://synthetic.local/watch?v=SYNNEG00387,ධර්ම දේශනාව ගැන official update - සජීවී වැඩසටහන,"ධර්ම දේශනාව ගැන සියලු official ලේඛන, නම් ලැයිස්තු, දිනයන් සහ රහස් තොරතුරු transcript එකේ සම්පූර්ණයෙන් ඇති බව කියයි.","අද වීඩියෝවෙන් අපි කතා කරන්නේ ධර්ම දේශනාව ගැනයි. video එක පුරාම ප්‍රධාන අවධානය සජීවී වැඩසටහන මතම තියෙනවා. අවසානයේ viewers ලාට නිල update බලලා තීරණ ගන්න කියනවා. මෙය external fact check එකක් නොව title, description සහ transcript එක එකිනෙකට ගැළපෙනවාද කියලා බලන උදාහරණයක්. වැදගත්ම දෙය නම් claim එකට transcript එක තුළ ප්‍රමාණවත් support තියෙනවාද කියලා පරීක්ෂා කිරීමයි.",Religion,False,Inconsistent,description_transcript_mismatch,Description promises detailed evidence that the transcript does not contain.,true,SYN00378,SYN00388,0.123,0.088,0.182,synthetic-religion-synneg00387,new,,
SYN00169,SYN00169,https://synthetic.local/watch?v=SYN00169,mobile app ගැන official update - privacy update,mobile app සම්බන්ධ privacy update සහ දත්ත ආරක්ෂාව ගැන පැහැදිලි කිරීම ගැන සිංහල පැහැදිලි කිරීමක්.,"මේ update එකේ ප්‍රධාන කරුණ mobile app සම්බන්ධයෙන් ලැබුණු තොරතුරුයි. මෙහිදී source ලෙස සඳහන් කරන්නේ දත්ත ආරක්ෂාව ගැන පැහැදිලි කිරීම යන්නයි. video එක පුරාම ප්‍රධාන අවධානය privacy update මතම තියෙනවා. මෙය external fact check එකක් නොව title, description සහ transcript එක එකිනෙකට ගැළපෙනවාද කියලා බලන උදාහරණයක්. වැදගත්ම දෙය නම් claim එකට transcript එක තුළ ප්‍රමාණවත් support තියෙනවාද කියලා පරීක්ෂා කිරීමයි.",Technology,Not False,Consistent,consistent,"Title, description, and transcript discuss the same subject and supported detail.",false,SYN00169,SYN00169,0.103,0.167,0.429,synthetic-technology-syn00169,new,,
SYNNEG00226,SYNNEG00226,https://synthetic.local/watch?v=SYNNEG00226,100% තහවුරුයි! අමාත්‍ය මණ්ඩලය ගැන official තීරණය එළියට,අමාත්‍ය මණ්ඩලය සම්බන්ධ නව තීරණ සහ මාධ්‍ය හමුවේ විස්තර ගැන සිංහල පැහැදිලි කිරීමක්.,"අද වීඩියෝවෙන් අපි කතා කරන්නේ අමාත්‍ය මණ්ඩලය ගැනයි. අවසානයේ viewers ලාට නිල update බලලා තීරණ ගන්න කියනවා. නව තීරණ ගැන කථිකයා පියවරෙන් පියවර පැහැදිලි කරයි. මෙය external fact check එකක් නොව title, description සහ transcript එක එකිනෙකට ගැළපෙනවාද කියලා බලන උදාහරණයක්. වැදගත්ම දෙය නම් claim එකට transcript එක තුළ ප්‍රමාණවත් support තියෙනවාද කියලා පරීක්ෂා කිරීමයි.",Politics,False,Inconsistent,title_transcript_mismatch,Title makes a stronger promise than the transcript supports.,true,SYN00267,SYN00277,0.068,0.115,0.167,synthetic-politics-synneg00226,new,,
SYNNEG00370,SYNNEG00370,https://synthetic.local/watch?v=SYNNEG00370,වී වගාව ගැන official update - පොහොර සහනාධාරය,වී වගාව සම්බන්ධ පොහොර සහනාධාරය සහ කෘෂිකර්ම නිලධාරීන්ගේ උපදෙස් ගැන සිංහල පැහැදිලි කිරීමක්.,"මේ update එකේ ප්‍රධාන කරුණ තේ වගාව සම්බන්ධයෙන් ලැබුණු තොරතුරුයි. අවසානයේ viewers ලාට නිල update බලලා තීරණ ගන්න කියනවා. නව රෝග පාලන ක්‍රම ගැන කථිකයා පියවරෙන් පියවර පැහැදිලි කරයි. මෙය external fact check එකක් නොව title, description සහ transcript එක එකිනෙකට ගැළපෙනවාද කියලා බලන උදාහරණයක්. වැදගත්ම දෙය නම් claim එකට transcript එක තුළ ප්‍රමාණවත් support තියෙනවාද කියලා පරීක්ෂා කිරීමයි.",Agriculture,False,Inconsistent,same_topic_swap,Same-topic hard negative: metadata and transcript are from different synthetic videos.,true,SYN00201,SYN00211,0.081,0.059,0.312,synthetic-agriculture-synneg00370,new,,
SYN00219,SYN00219,https://synthetic.local/watch?v=SYN00219,AI tool ගැන official update - සිංහල භාවිතය,AI tool සම්බන්ධ සිංහල භාවිතය සහ නව feature සහ සීමා ගැන සිංහල පැහැදිලි කිරීමක්.,"අද වීඩියෝවෙන් අපි කතා කරන්නේ AI tool ගැනයි. අවසානයේ viewers ලාට නිල update බලලා තීරණ ගන්න කියනවා. සිංහල භාවිතය ගැන කථිකයා පියවරෙන් පියවර පැහැදිලි කරයි. මෙය external fact check එකක් නොව title, description සහ transcript එක එකිනෙකට ගැළපෙනවාද කියලා බලන උදාහරණයක්. වැදගත්ම දෙය නම් claim එකට transcript එක තුළ ප්‍රමාණවත් support තියෙනවාද කියලා පරීක්ෂා කිරීමයි.",Technology,Not False,Consistent,consistent,"Title, description, and transcript discuss the same subject and supported detail.",false,SYN00219,SYN00219,0.143,0.115,0.333,synthetic-technology-syn00219,new,,
SYN00493,SYN00493,https://synthetic.local/watch?v=SYN00493,ජනප්‍රිය ගායකයා ගැන official update - concert update,ජනප්‍රිය ගායකයා සම්බන්ධ concert update සහ ප්‍රවේශපත්‍ර සහ ස්ථානය ගැන සිංහල පැහැදිලි කිරීමක්.,"මේ update එකේ ප්‍රධාන කරුණ ජනප්‍රිය ගායකයා සම්බන්ධයෙන් ලැබුණු තොරතුරුයි. මෙහිදී source ලෙස සඳහන් කරන්නේ ප්‍රවේශපත්‍ර සහ ස්ථානය යන්නයි. video එක පුරාම ප්‍රධාන අවධානය concert update මතම තියෙනවා. මෙය external fact check එකක් නොව title, description සහ transcript එක එකිනෙකට ගැළපෙනවාද කියලා බලන උදාහරණයක්. වැදගත්ම දෙය නම් claim එකට transcript එක තුළ ප්‍රමාණවත් support තියෙනවාද කියලා පරීක්ෂා කිරීමයි.",Entertainment,Not False,Consistent,consistent,"Title, description, and transcript discuss the same subject and supported detail.",false,SYN00493,SYN00493,0.103,0.164,0.438,synthetic-entertainment-syn00493,new,,
SYNNEG00216,SYNNEG00216,https://synthetic.local/watch?v=SYNNEG00216,Breaking! පාර්ලිමේන්තු විවාදය ගැන කවුරුත් නොකියන භයානක රහස,පාර්ලිමේන්තු විවාදය සම්බන්ධ අද තීරණය සහ මන්ත්‍රීවරුන්ගේ අදහස් ගැන සිංහල පැහැදිලි කිරීමක්.,"ගොඩක් අය අහන ප්‍රශ්නයක් වන පාර්ලිමේන්තු විවාදය ගැන මෙහි පැහැදිලි කරනවා. අවසානයේ viewers ලාට නිල update බලලා තීරණ ගන්න කියනවා. අද තීරණය ගැන කථිකයා පියවරෙන් පියවර පැහැදිලි කරයි. මෙය external fact check එකක් නොව title, description සහ transcript එක එකිනෙකට ගැළපෙනවාද කියලා බලන උදාහරණයක්. වැදගත්ම දෙය නම් claim එකට transcript එක තුළ ප්‍රමාණවත් support තියෙනවාද කියලා පරීක්ෂා කිරීමයි.",Politics,False,Inconsistent,title_transcript_mismatch,Title makes a stronger promise than the transcript supports.,true,SYN00167,SYN00177,0.048,0.111,0.167,synthetic-politics-synneg00216,new,,
SYNNEG00252,SYNNEG00252,https://synthetic.local/watch?v=SYNNEG00252,ටෙලි නාට්‍යය ගැන official update - අලුත් episode,"ටෙලි නාට්‍යය ගැන සියලු official ලේඛන, නම් ලැයිස්තු, දිනයන් සහ රහස් තොරතුරු transcript එකේ සම්පූර්ණයෙන් ඇති බව කියයි.","ගොඩක් අය අහන ප්‍රශ්නයක් වන ටෙලි නාට්‍යය ගැන මෙහි පැහැදිලි කරනවා. අවසානයේ viewers ලාට නිල update බලලා තීරණ ගන්න කියනවා. අලුත් episode ගැන කථිකයා පියවරෙන් පියවර පැහැදිලි කරයි. මෙය external fact check එකක් නොව title, description සහ transcript එක එකිනෙකට ගැළපෙනවාද කියලා බලන උදාහරණයක්. වැදගත්ම දෙය නම් claim එකට transcript එක තුළ ප්‍රමාණවත් support තියෙනවාද කියලා පරීක්ෂා කිරීමයි.",Entertainment,False,Inconsistent,description_transcript_mismatch,Description promises detailed evidence that the transcript does not contain.,true,SYN00023,SYN00033,0.155,0.116,0.217,synthetic-entertainment-synneg00252,new,,
SYN00171,SYN00171,https://synthetic.local/watch?v=SYN00171,තේ වගාව ගැන official update - නව රෝග පාලන ක්‍රම,තේ වගාව සම්බන්ධ නව රෝග පාලන ක්‍රම සහ ගොවීන්ට ලබාදෙන උපදෙස් ගැන සිංහල පැහැදිලි කිරීමක්.,"අද වීඩියෝවෙන් අපි කතා කරන්නේ තේ වගාව ගැනයි. අවසානයේ viewers ලාට නිල update බලලා තීරණ ගන්න කියනවා. නව රෝග පාලන ක්‍රම ගැන කථිකයා පියවරෙන් පියවර පැහැදිලි කරයි. මෙය external fact check එකක් නොව title, description සහ transcript එක එකිනෙකට ගැළපෙනවාද කියලා බලන උදාහරණයක්. වැදගත්ම දෙය නම් claim එකට transcript එක තුළ ප්‍රමාණවත් support තියෙනවාද කියලා පරීක්ෂා කිරීමයි.",Agriculture,Not False,Consistent,consistent,"Title, description, and transcript discuss the same subject and supported detail.",false,SYN00171,SYN00171,0.186,0.154,0.421,synthetic-agriculture-syn00171,new,,
SYN00243,SYN00243,https://synthetic.local/watch?v=SYN00243,නව චිත්‍රපටය ගැන official update - release දිනය,නව චිත්‍රපටය සම්බන්ධ release දිනය සහ අධ්‍යක්ෂවරයාගේ පැහැදිලි කිරීම ගැන සිංහල පැහැදිලි කිරීමක්.,"අද වීඩියෝවෙන් අපි කතා කරන්නේ නව චිත්‍රපටය ගැනයි. අවසානයේ viewers ලාට නිල update බලලා තීරණ ගන්න කියනවා. release දිනය ගැන කථිකයා පියවරෙන් පියවර පැහැදිලි කරයි. මෙය external fact check එකක් නොව title, description සහ transcript එක එකිනෙකට ගැළපෙනවාද කියලා බලන උදාහරණයක්. වැදගත්ම දෙය නම් claim එකට transcript එක තුළ ප්‍රමාණවත් support තියෙනවාද කියලා පරීක්ෂා කිරීමයි.",Entertainment,Not False,Consistent,consistent,"Title, description, and transcript discuss the same subject and supported detail.",false,SYN00243,SYN00243,0.158,0.145,0.438,synthetic-entertainment-syn00243,new,,
SYNNEG00481,SYNNEG00481,https://synthetic.local/watch?v=SYNNEG00481,දැන්ම බලන්න! ශිෂ්‍යත්ව exam නිසා ලංකාවම කම්පා වෙයි,ශිෂ්‍යත්ව exam සම්බන්ධ අයදුම්පත් දිනය සහ පාසල් මට්ටමේ දැනුම්දීම් ගැන සිංහල පැහැදිලි කිරීමක්.,"අද වීඩියෝවෙන් අපි කතා කරන්නේ ශිෂ්‍යත්ව exam ගැනයි. අයදුම්පත් දිනය ගැන කථිකයා පියවරෙන් පියවර පැහැදිලි කරයි. මෙහිදී source ලෙස සඳහන් කරන්නේ පාසල් මට්ටමේ දැනුම්දීම් යන්නයි. මෙය external fact check එකක් නොව title, description සහ transcript එක එකිනෙකට ගැළපෙනවාද කියලා බලන උදාහරණයක්. වැදගත්ම දෙය නම් claim එකට transcript එක තුළ ප්‍රමාණවත් support තියෙනවාද කියලා පරීක්ෂා කිරීමයි.",Education,False,Inconsistent,title_transcript_mismatch,Title makes a stronger promise than the transcript supports.,true,SYN00312,SYN00322,0.048,0.186,0.150,synthetic-education-synneg00481,new,,
SYN00016,SYN00016,https://synthetic.local/watch?v=SYN00016,දියවැඩියාව ගැන official update - ආහාර පාලන ක්‍රම,දියවැඩියාව සම්බන්ධ ආහාර පාලන ක්‍රම සහ doctor පැහැදිලි කිරීම ගැන සිංහල පැහැදිලි කිරීමක්.,"මේ update එකේ ප්‍රධාන කරුණ දියවැඩියාව සම්බන්ධයෙන් ලැබුණු තොරතුරුයි. ආහාර පාලන ක්‍රම ගැන කථිකයා පියවරෙන් පියවර පැහැදිලි කරයි. මෙහිදී source ලෙස සඳහන් කරන්නේ doctor පැහැදිලි කිරීම යන්නයි. මෙය external fact check එකක් නොව title, description සහ transcript එක එකිනෙකට ගැළපෙනවාද කියලා බලන උදාහරණයක්. වැදගත්ම දෙය නම් claim එකට transcript එක තුළ ප්‍රමාණවත් support තියෙනවාද කියලා පරීක්ෂා කිරීමයි.",Health,Not False,Consistent,consistent,"Title, description, and transcript discuss the same subject and supported detail.",false,SYN00016,SYN00016,0.136,0.180,0.438,synthetic-health-syn00016,new,,
SYNNEG00054,SYNNEG00054,https://synthetic.local/watch?v=SYNNEG00054,රජයේ allowance ගැන ලොකු වෙනසක්? සම්පූර්ණ update මෙන්න,රජයේ allowance සම්බන්ධ official අයදුම් ක්‍රමය සහ ලැබිය යුතු පවුල් කාණ්ඩ ගැන සිංහල පැහැදිලි කිරීමක්.,"අද වීඩියෝවෙන් අපි කතා කරන්නේ රජයේ allowance ගැනයි. මෙහිදී source ලෙස සඳහන් කරන්නේ ලැබිය යුතු පවුල් කාණ්ඩ යන්නයි. video එක පුරාම ප්‍රධාන අවධානය official අයදුම් ක්‍රමය මතම තියෙනවා. මෙය external fact check එකක් නොව title, description සහ transcript එක එකිනෙකට ගැළපෙනවාද කියලා බලන උදාහරණයක්. වැදගත්ම දෙය නම් claim එකට transcript එක තුළ ප්‍රමාණවත් support තියෙනවාද කියලා පරීක්ෂා කිරීමයි.",Government,False,Inconsistent,weak_support,Transcript mentions the topic but does not support the main promised claim.,true,SYN00045,SYN00055,0.031,0.175,0.136,synthetic-government-synneg00054,new,,
SYNNEG00168,SYNNEG00168,https://synthetic.local/watch?v=SYNNEG00168,දැන්ම බලන්න! Facebook account නිසා ලංකාවම කම්පා වෙයි,මෙම video එක 100% තහවුරු වූ breaking news එකක් කියලා overclaim කරයි.,"අද වීඩියෝවෙන් අපි කතා කරන්නේ Facebook account ගැනයි. මෙහිදී source ලෙස සඳහන් කරන්නේ password ආරක්ෂාව යන්නයි. video එක පුරාම ප්‍රධාන අවධානය security warning මතම තියෙනවා. මෙය external fact check එකක් නොව title, description සහ transcript එක එකිනෙකට ගැළපෙනවාද කියලා බලන උදාහරණයක්. වැදගත්ම දෙය නම් claim එකට transcript එක තුළ ප්‍රමාණවත් support තියෙනවාද කියලා පරීක්ෂා කිරීමයි.",Technology,False,Inconsistent,clickbait_overclaim,Metadata overclaims certainty while transcript is only a general discussion.,true,SYN00189,SYN00199,0.033,0.063,0.000,synthetic-technology-synneg00168,new,,
SYN00052,SYN00052,https://synthetic.local/watch?v=SYN00052,පාසල් නිවාඩු ගැන official update - කාලසටහන් වෙනස්වීම,පාසල් නිවාඩු සම්බන්ධ කාලසටහන් වෙනස්වීම සහ අධ්‍යාපන අමාත්‍යාංශ update ගැන සිංහල පැහැදිලි කිරීමක්.,"මේ update එකේ ප්‍රධාන කරුණ පාසල් නිවාඩු සම්බන්ධයෙන් ලැබුණු තොරතුරුයි. කාලසටහන් වෙනස්වීම ගැන කථිකයා පියවරෙන් පියවර පැහැදිලි කරයි. මෙහිදී source ලෙස සඳහන් කරන්නේ අධ්‍යාපන අමාත්‍යාංශ update යන්නයි. මෙය external fact check එකක් නොව title, description සහ transcript එක එකිනෙකට ගැළපෙනවාද කියලා බලන උදාහරණයක්. වැදගත්ම දෙය නම් claim එකට transcript එක තුළ ප්‍රමාණවත් support තියෙනවාද කියලා පරීක්ෂා කිරීමයි.",Education,Not False,Consistent,consistent,"Title, description, and transcript discuss the same subject and supported detail.",false,SYN00052,SYN00052,0.117,0.210,0.412,synthetic-education-syn00052,new,,
SYNNEG00490,SYNNEG00490,https://synthetic.local/watch?v=SYNNEG00490,වී වගාව ගැන official update - පොහොර සහනාධාරය,වී වගාව සම්බන්ධ පොහොර සහනාධාරය සහ කෘෂිකර්ම නිලධාරීන්ගේ උපදෙස් ගැන සිංහල පැහැදිලි කිරීමක්.,"අද වීඩියෝවෙන් අපි කතා කරන්නේ තේ වගාව ගැනයි. අවසානයේ viewers ලාට නිල update බලලා තීරණ ගන්න කියනවා. නව රෝග පාලන ක්‍රම ගැන කථිකයා පියවරෙන් පියවර පැහැදිලි කරයි. මෙය external fact check එකක් නොව title, description සහ transcript එක එකිනෙකට ගැළපෙනවාද කියලා බලන උදාහරණයක්. වැදගත්ම දෙය නම් claim එකට transcript එක තුළ ප්‍රමාණවත් support තියෙනවාද කියලා පරීක්ෂා කිරීමයි.",Agriculture,False,Inconsistent,same_topic_swap,Same-topic hard negative: metadata and transcript are from different synthetic videos.,true,SYN00401,SYN00411,0.081,0.059,0.312,synthetic-agriculture-synneg00490,new,,
SYNNEG00064,SYNNEG00064,https://synthetic.local/watch?v=SYNNEG00064,gazette නිවේදනය සම්බන්ධ නව තීරණයක්ද? ජනතාව අහන ප්‍රශ්න,gazette නිවේදනය සම්බන්ධ නව නියමයන් සහ අදාළ දිනය සහ බලපෑම ගැන සිංහල පැහැදිලි කිරීමක්.,"මේ update එකේ ප්‍රධාන කරුණ gazette නිවේදනය සම්බන්ධයෙන් ලැබුණු තොරතුරුයි. මෙහිදී source ලෙස සඳහන් කරන්නේ අදාළ දිනය සහ බලපෑම යන්නයි. video එක පුරාම ප්‍රධාන අවධානය නව නියමයන් මතම තියෙනවා. මෙය external fact check එකක් නොව title, description සහ transcript එක එකිනෙකට ගැළපෙනවාද කියලා බලන උදාහරණයක්. වැදගත්ම දෙය නම් claim එකට transcript එක තුළ ප්‍රමාණවත් support තියෙනවාද කියලා පරීක්ෂා කිරීමයි.",Government,False,Inconsistent,weak_support,Transcript mentions the topic but does not support the main promised claim.,true,SYN00145,SYN00155,0.065,0.129,0.222,synthetic-government-synneg00064,new,,
SYN00454,SYN00454,https://synthetic.local/watch?v=SYN00454,රන් මිල ගැන official update - අද වෙළඳපොළ තත්ත්වය,රන් මිල සම්බන්ධ අද වෙළඳපොළ තත්ත්වය සහ මිල වෙනස්වීමට හේතු ගැන සිංහල පැහැදිලි කිරීමක්.,"මේ update එකේ ප්‍රධාන කරුණ රන් මිල සම්බන්ධයෙන් ලැබුණු තොරතුරුයි. video එක පුරාම ප්‍රධාන අවධානය අද වෙළඳපොළ තත්ත්වය මතම තියෙනවා. අවසානයේ viewers ලාට නිල update බලලා තීරණ ගන්න කියනවා. මෙය external fact check එකක් නොව title, description සහ transcript එක එකිනෙකට ගැළපෙනවාද කියලා බලන උදාහරණයක්. වැදගත්ම දෙය නම් claim එකට transcript එක තුළ ප්‍රමාණවත් support තියෙනවාද කියලා පරීක්ෂා කිරීමයි.",Finance,Not False,Consistent,consistent,"Title, description, and transcript discuss the same subject and supported detail.",false,SYN00454,SYN00454,0.140,0.095,0.375,synthetic-finance-syn00454,new,,
SYN00078,SYN00078,https://synthetic.local/watch?v=SYN00078,ආගමික උත්සවය ගැන official update - ගමනාගමන සැලැස්ම,ආගමික උත්සවය සම්බන්ධ ගමනාගමන සැලැස්ම සහ පොලීසියේ දැනුම්දීම ගැන සිංහල පැහැදිලි කිරීමක්.,"අද වීඩියෝවෙන් අපි කතා කරන්නේ ආගමික උත්සවය ගැනයි. video එක පුරාම ප්‍රධාන අවධානය ගමනාගමන සැලැස්ම මතම තියෙනවා. අවසානයේ viewers ලාට නිල update බලලා තීරණ ගන්න කියනවා. මෙය external fact check එකක් නොව title, description සහ transcript එක එකිනෙකට ගැළපෙනවාද කියලා බලන උදාහරණයක්. වැදගත්ම දෙය නම් claim එකට transcript එක තුළ ප්‍රමාණවත් support තියෙනවාද කියලා පරීක්ෂා කිරීමයි.",Religion,Not False,Consistent,consistent,"Title, description, and transcript discuss the same subject and supported detail.",false,SYN00078,SYN00078,0.123,0.079,0.333,synthetic-religion-syn00078,new,,
SYN00256,SYN00256,https://synthetic.local/watch?v=SYN00256,දියවැඩියාව ගැන official update - ආහාර පාලන ක්‍රම,දියවැඩියාව සම්බන්ධ ආහාර පාලන ක්‍රම සහ doctor පැහැදිලි කිරීම ගැන සිංහල පැහැදිලි කිරීමක්.,"මේ update එකේ ප්‍රධාන කරුණ දියවැඩියාව සම්බන්ධයෙන් ලැබුණු තොරතුරුයි. ආහාර පාලන ක්‍රම ගැන කථිකයා පියවරෙන් පියවර පැහැදිලි කරයි. මෙහිදී source ලෙස සඳහන් කරන්නේ doctor පැහැදිලි කිරීම යන්නයි. මෙය external fact check එකක් නොව title, description සහ transcript එක එකිනෙකට ගැළපෙනවාද කියලා බලන උදාහරණයක්. වැදගත්ම දෙය නම් claim එකට transcript එක තුළ ප්‍රමාණවත් support තියෙනවාද කියලා පරීක්ෂා කිරීමයි.",Health,Not False,Consistent,consistent,"Title, description, and transcript discuss the same subject and supported detail.",false,SYN00256,SYN00256,0.136,0.180,0.438,synthetic-health-syn00256,new,,
SYNNEG00413,SYNNEG00413,https://synthetic.local/watch?v=SYNNEG00413,100% තහවුරුයි! රන් මිල ගැන official තීරණය එළියට,මෙම video එක 100% තහවුරු වූ breaking news එකක් කියලා overclaim කරයි.,"ගොඩක් අය අහන ප්‍රශ්නයක් වන රන් මිල ගැන මෙහි පැහැදිලි කරනවා. video එක පුරාම ප්‍රධාන අවධානය අද වෙළඳපොළ තත්ත්වය මතම තියෙනවා. අවසානයේ viewers ලාට නිල update බලලා තීරණ ගන්න කියනවා. මෙය external fact check එකක් නොව title, description සහ transcript එක එකිනෙකට ගැළපෙනවාද කියලා බලන උදාහරණයක්. වැදගත්ම දෙය නම් claim එකට transcript එක තුළ ප්‍රමාණවත් support තියෙනවාද කියලා පරීක්ෂා කිරීමයි.",Finance,False,Inconsistent,clickbait_overclaim,Metadata overclaims certainty while transcript is only a general discussion.,true,SYN00134,SYN00144,0.062,0.059,0.053,synthetic-finance-synneg00413,new,,
SYNNEG00218,SYNNEG00218,https://synthetic.local/watch?v=SYNNEG00218,ඔවුන් මේක සඟවනවා! Facebook account ගැන සම්පූර්ණ ඇත්ත,මෙම video එක 100% තහවුරු වූ breaking news එකක් කියලා overclaim කරයි.,"අද වීඩියෝවෙන් අපි කතා කරන්නේ Facebook account ගැනයි. මෙහිදී source ලෙස සඳහන් කරන්නේ password ආරක්ෂාව යන්නයි. video එක පුරාම ප්‍රධාන අවධානය security warning මතම තියෙනවා. මෙය external fact check එකක් නොව title, description සහ transcript එක එකිනෙකට ගැළපෙනවාද කියලා බලන උදාහරණයක්. වැදගත්ම දෙය නම් claim එකට transcript එක තුළ ප්‍රමාණවත් support තියෙනවාද කියලා පරීක්ෂා කිරීමයි.",Technology,False,Inconsistent,clickbait_overclaim,Metadata overclaims certainty while transcript is only a general discussion.,true,SYN00189,SYN00199,0.033,0.063,0.000,synthetic-technology-synneg00218,new,,
SYN00188,SYN00188,https://synthetic.local/watch?v=SYN00188,පුණ්‍ය කටයුතු ගැන official update - උත්සව සංවිධානය,පුණ්‍ය කටයුතු සම්බන්ධ උත්සව සංවිධානය සහ ප්‍රදේශවාසීන්ට උපදෙස් ගැන සිංහල පැහැදිලි කිරීමක්.,"ගොඩක් අය අහන ප්‍රශ්නයක් වන පුණ්‍ය කටයුතු ගැන මෙහි පැහැදිලි කරනවා. උත්සව සංවිධානය ගැන කථිකයා පියවරෙන් පියවර පැහැදිලි කරයි. මෙහිදී source ලෙස සඳහන් කරන්නේ ප්‍රදේශවාසීන්ට උපදෙස් යන්නයි. මෙය external fact check එකක් නොව title, description සහ transcript එක එකිනෙකට ගැළපෙනවාද කියලා බලන උදාහරණයක්. වැදගත්ම දෙය නම් claim එකට transcript එක තුළ ප්‍රමාණවත් support තියෙනවාද කියලා පරීක්ෂා කිරීමයි.",Religion,Not False,Consistent,consistent,"Title, description, and transcript discuss the same subject and supported detail.",false,SYN00188,SYN00188,0.085,0.169,0.312,synthetic-religion-syn00188,new,,
SYNNEG00330,SYNNEG00330,https://synthetic.local/watch?v=SYNNEG00330,එළවළු මිල ගැන official update - වෙළඳපොළ update,එළවළු මිල සම්බන්ධ වෙළඳපොළ update සහ කොළඹ සහ දඹුල්ල මිල වෙනස්වීම් ගැන සිංහල පැහැදිලි කිරීමක්.,"ගොඩක් අය අහන ප්‍රශ්නයක් වන ජල සැපයුම ගැන මෙහි පැහැදිලි කරනවා. අවසානයේ viewers ලාට නිල update බලලා තීරණ ගන්න කියනවා. ගොවිබිම් සඳහා කාලසටහන ගැන කථිකයා පියවරෙන් පියවර පැහැදිලි කරයි. මෙය external fact check එකක් නොව title, description සහ transcript එක එකිනෙකට ගැළපෙනවාද කියලා බලන උදාහරණයක්. වැදගත්ම දෙය නම් claim එකට transcript එක තුළ ප්‍රමාණවත් support තියෙනවාද කියලා පරීක්ෂා කිරීමයි.",Agriculture,False,Inconsistent,same_topic_swap,Same-topic hard negative: metadata and transcript are from different synthetic videos.,true,SYN00301,SYN00311,0.066,0.075,0.400,synthetic-agriculture-synneg00330,new,,
SYN00144,SYN00144,https://synthetic.local/watch?v=SYN00144,crypto investment ගැන official update - අවදානම් සහ වාසි,crypto investment සම්බන්ධ අවදානම් සහ වාසි සහ මුදල් උපදේශකගේ පැහැදිලි කිරීම ගැන සිංහල පැහැදිලි කිරීමක්.,"අද වීඩියෝවෙන් අපි කතා කරන්නේ crypto investment ගැනයි. අවදානම් සහ වාසි ගැන කථිකයා පියවරෙන් පියවර පැහැදිලි කරයි. මෙහිදී source ලෙස සඳහන් කරන්නේ මුදල් උපදේශකගේ පැහැදිලි කිරීම යන්නයි. මෙය external fact check එකක් නොව title, description සහ transcript එක එකිනෙකට ගැළපෙනවාද කියලා බලන උදාහරණයක්. වැදගත්ම දෙය නම් claim එකට transcript එක තුළ ප්‍රමාණවත් support තියෙනවාද කියලා පරීක්ෂා කිරීමයි.",Finance,Not False,Consistent,consistent,"Title, description, and transcript discuss the same subject and supported detail.",false,SYN00144,SYN00144,0.138,0.186,0.500,synthetic-finance-syn00144,new,,
SYNNEG00467,SYNNEG00467,https://synthetic.local/watch?v=SYNNEG00467,ධර්ම දේශනාව ගැන official update - සජීවී වැඩසටහන,"ධර්ම දේශනාව ගැන සියලු official ලේඛන, නම් ලැයිස්තු, දිනයන් සහ රහස් තොරතුරු transcript එකේ සම්පූර්ණයෙන් ඇති බව කියයි.","මේ update එකේ ප්‍රධාන කරුණ ධර්ම දේශනාව සම්බන්ධයෙන් ලැබුණු තොරතුරුයි. video එක පුරාම ප්‍රධාන අවධානය සජීවී වැඩසටහන මතම තියෙනවා. අවසානයේ viewers ලාට නිල update බලලා තීරණ ගන්න කියනවා. මෙය external fact check එකක් නොව title, description සහ transcript එක එකිනෙකට ගැළපෙනවාද කියලා බලන උදාහරණයක්. වැදගත්ම දෙය නම් claim එකට transcript එක තුළ ප්‍රමාණවත් support තියෙනවාද කියලා පරීක්ෂා කිරීමයි.",Religion,False,Inconsistent,description_transcript_mismatch,Description promises detailed evidence that the transcript does not contain.,true,SYN00178,SYN00188,0.125,0.106,0.182,synthetic-religion-synneg00467,new,,
SYNNEG00315,SYNNEG00315,https://synthetic.local/watch?v=SYNNEG00315,medicine shortage ගැන official update - රෝහල් තත්ත්වය,medicine shortage සම්බන්ධ රෝහල් තත්ත්වය සහ නිල සැපයුම් update ගැන සිංහල පැහැදිලි කිරීමක්.,"මේ update එකේ ප්‍රධාන කරුණ vaccine update සම්බන්ධයෙන් ලැබුණු තොරතුරුයි. video එක පුරාම ප්‍රධාන අවධානය රෝහල් ලබාදෙන දිනය මතම තියෙනවා. අවසානයේ viewers ලාට නිල update බලලා තීරණ ගන්න කියනවා. මෙය external fact check එකක් නොව title, description සහ transcript එක එකිනෙකට ගැළපෙනවාද කියලා බලන උදාහරණයක්. වැදගත්ම දෙය නම් claim එකට transcript එක තුළ ප්‍රමාණවත් support තියෙනවාද කියලා පරීක්ෂා කිරීමයි.",Health,False,Inconsistent,same_topic_swap,Same-topic hard negative: metadata and transcript are from different synthetic videos.,true,SYN00156,SYN00166,0.068,0.078,0.571,synthetic-health-synneg00315,new,,
SYNNEG00206,SYNNEG00206,https://synthetic.local/watch?v=SYNNEG00206,100% තහවුරුයි! අමාත්‍ය මණ්ඩලය ගැන official තීරණය එළියට,අමාත්‍ය මණ්ඩලය සම්බන්ධ නව තීරණ සහ මාධ්‍ය හමුවේ විස්තර ගැන සිංහල පැහැදිලි කිරීමක්.,"මේ update එකේ ප්‍රධාන කරුණ අමාත්‍ය මණ්ඩලය සම්බන්ධයෙන් ලැබුණු තොරතුරුයි. අවසානයේ viewers ලාට නිල update බලලා තීරණ ගන්න කියනවා. නව තීරණ ගැන කථිකයා පියවරෙන් පියවර පැහැදිලි කරයි. මෙය external fact check එකක් නොව title, description සහ transcript එක එකිනෙකට ගැළපෙනවාද කියලා බලන උදාහරණයක්. වැදගත්ම දෙය නම් claim එකට transcript එක තුළ ප්‍රමාණවත් support තියෙනවාද කියලා පරීක්ෂා කිරීමයි.",Politics,False,Inconsistent,title_transcript_mismatch,Title makes a stronger promise than the transcript supports.,true,SYN00067,SYN00077,0.068,0.115,0.167,synthetic-politics-synneg00206,new,,
SYNNEG00424,SYNNEG00424,https://synthetic.local/watch?v=SYNNEG00424,රජයේ allowance සම්බන්ධ නව තීරණයක්ද? ජනතාව අහන ප්‍රශ්න,රජයේ allowance සම්බන්ධ official අයදුම් ක්‍රමය සහ ලැබිය යුතු පවුල් කාණ්ඩ ගැන සිංහල පැහැදිලි කිරීමක්.,"ගොඩක් අය අහන ප්‍රශ්නයක් වන රජයේ allowance ගැන මෙහි පැහැදිලි කරනවා. මෙහිදී source ලෙස සඳහන් කරන්නේ ලැබිය යුතු පවුල් කාණ්ඩ යන්නයි. video එක පුරාම ප්‍රධාන අවධානය official අයදුම් ක්‍රමය මතම තියෙනවා. මෙය external fact check එකක් නොව title, description සහ transcript එක එකිනෙකට ගැළපෙනවාද කියලා බලන උදාහරණයක්. වැදගත්ම දෙය නම් claim එකට transcript එක තුළ ප්‍රමාණවත් support තියෙනවාද කියලා පරීක්ෂා කිරීමයි.",Government,False,Inconsistent,weak_support,Transcript mentions the topic but does not support the main promised claim.,true,SYN00245,SYN00255,0.060,0.200,0.136,synthetic-government-synneg00424,new,,
SYN00255,SYN00255,https://synthetic.local/watch?v=SYN00255,passport සේවාව ගැන official update - online booking update,passport සේවාව සම්බන්ධ online booking update සහ කාර්යාල වේලාවන් ගැන සිංහල පැහැදිලි කිරීමක්.,"අද වීඩියෝවෙන් අපි කතා කරන්නේ passport සේවාව ගැනයි. අවසානයේ viewers ලාට නිල update බලලා තීරණ ගන්න කියනවා. online booking update ගැන කථිකයා පියවරෙන් පියවර පැහැදිලි කරයි. මෙය external fact check එකක් නොව title, description සහ transcript එක එකිනෙකට ගැළපෙනවාද කියලා බලන උදාහරණයක්. වැදගත්ම දෙය නම් claim එකට transcript එක තුළ ප්‍රමාණවත් support තියෙනවාද කියලා පරීක්ෂා කිරීමයි.",Government,Not False,Consistent,consistent,"Title, description, and transcript discuss the same subject and supported detail.",false,SYN00255,SYN00255,0.143,0.148,0.467,synthetic-government-syn00255,new,,
SYN00112,SYN00112,https://synthetic.local/watch?v=SYN00112,ශිෂ්‍යත්ව exam ගැන official update - අයදුම්පත් දිනය,ශිෂ්‍යත්ව exam සම්බන්ධ අයදුම්පත් දිනය සහ පාසල් මට්ටමේ දැනුම්දීම් ගැන සිංහල පැහැදිලි කිරීමක්.,"මේ update එකේ ප්‍රධාන කරුණ ශිෂ්‍යත්ව exam සම්බන්ධයෙන් ලැබුණු තොරතුරුයි. අයදුම්පත් දිනය ගැන කථිකයා පියවරෙන් පියවර පැහැදිලි කරයි. මෙහිදී source ලෙස සඳහන් කරන්නේ පාසල් මට්ටමේ දැනුම්දීම් යන්නයි. මෙය external fact check එකක් නොව title, description සහ transcript එක එකිනෙකට ගැළපෙනවාද කියලා බලන උදාහරණයක්. වැදගත්ම දෙය නම් claim එකට transcript එක තුළ ප්‍රමාණවත් support තියෙනවාද කියලා පරීක්ෂා කිරීමයි.",Education,Not False,Consistent,consistent,"Title, description, and transcript discuss the same subject and supported detail.",false,SYN00112,SYN00112,0.133,0.177,0.353,synthetic-education-syn00112,new,,
SYN00348,SYN00348,https://synthetic.local/watch?v=SYN00348,පුණ්‍ය කටයුතු ගැන official update - උත්සව සංවිධානය,පුණ්‍ය කටයුතු සම්බන්ධ උත්සව සංවිධානය සහ ප්‍රදේශවාසීන්ට උපදෙස් ගැන සිංහල පැහැදිලි කිරීමක්.,"අද වීඩියෝවෙන් අපි කතා කරන්නේ පුණ්‍ය කටයුතු ගැනයි. උත්සව සංවිධානය ගැන කථිකයා පියවරෙන් පියවර පැහැදිලි කරයි. මෙහිදී source ලෙස සඳහන් කරන්නේ ප්‍රදේශවාසීන්ට උපදෙස් යන්නයි. මෙය external fact check එකක් නොව title, description සහ transcript එක එකිනෙකට ගැළපෙනවාද කියලා බලන උදාහරණයක්. වැදගත්ම දෙය නම් claim එකට transcript එක තුළ ප්‍රමාණවත් support තියෙනවාද කියලා පරීක්ෂා කිරීමයි.",Religion,Not False,Consistent,consistent,"Title, description, and transcript discuss the same subject and supported detail.",false,SYN00348,SYN00348,0.088,0.175,0.312,synthetic-religion-syn00348,new,,
SYN00413,SYN00413,https://synthetic.local/watch?v=SYN00413,ජනප්‍රිය ගායකයා ගැන official update - concert update,ජනප්‍රිය ගායකයා සම්බන්ධ concert update සහ ප්‍රවේශපත්‍ර සහ ස්ථානය ගැන සිංහල පැහැදිලි කිරීමක්.,"ගොඩක් අය අහන ප්‍රශ්නයක් වන ජනප්‍රිය ගායකයා ගැන මෙහි පැහැදිලි කරනවා. මෙහිදී source ලෙස සඳහන් කරන්නේ ප්‍රවේශපත්‍ර සහ ස්ථානය යන්නයි. video එක පුරාම ප්‍රධාන අවධානය concert update මතම තියෙනවා. මෙය external fact check එකක් නොව title, description සහ transcript එක එකිනෙකට ගැළපෙනවාද කියලා බලන උදාහරණයක්. වැදගත්ම දෙය නම් claim එකට transcript එක තුළ ප්‍රමාණවත් support තියෙනවාද කියලා පරීක්ෂා කිරීමයි.",Entertainment,Not False,Consistent,consistent,"Title, description, and transcript discuss the same subject and supported detail.",false,SYN00413,SYN00413,0.115,0.190,0.438,synthetic-entertainment-syn00413,new,,
SYN00063,SYN00063,https://synthetic.local/watch?v=SYN00063,ටෙලි නාට්‍යය ගැන official update - අලුත් episode,ටෙලි නාට්‍යය සම්බන්ධ අලුත් episode සහ කතාවේ ඉදිරි වෙනස්කම් ගැන සිංහල පැහැදිලි කිරීමක්.,"අද වීඩියෝවෙන් අපි කතා කරන්නේ ටෙලි නාට්‍යය ගැනයි. අවසානයේ viewers ලාට නිල update බලලා තීරණ ගන්න කියනවා. අලුත් episode ගැන කථිකයා පියවරෙන් පියවර පැහැදිලි කරයි. මෙය external fact check එකක් නොව title, description සහ transcript එක එකිනෙකට ගැළපෙනවාද කියලා බලන උදාහරණයක්. වැදගත්ම දෙය නම් claim එකට transcript එක තුළ ප්‍රමාණවත් support තියෙනවාද කියලා පරීක්ෂා කිරීමයි.",Entertainment,Not False,Consistent,consistent,"Title, description, and transcript discuss the same subject and supported detail.",false,SYN00063,SYN00063,0.158,0.127,0.353,synthetic-entertainment-syn00063,new,,
SYN00101,SYN00101,https://synthetic.local/watch?v=SYN00101,එළවළු මිල ගැන official update - වෙළඳපොළ update,එළවළු මිල සම්බන්ධ වෙළඳපොළ update සහ කොළඹ සහ දඹුල්ල මිල වෙනස්වීම් ගැන සිංහල පැහැදිලි කිරීමක්.,"ගොඩක් අය අහන ප්‍රශ්නයක් වන එළවළු මිල ගැන මෙහි පැහැදිලි කරනවා. මෙහිදී source ලෙස සඳහන් කරන්නේ කොළඹ සහ දඹුල්ල මිල වෙනස්වීම් යන්නයි. video එක පුරාම ප්‍රධාන අවධානය වෙළඳපොළ update මතම තියෙනවා. මෙය external fact check එකක් නොව title, description සහ transcript එක එකිනෙකට ගැළපෙනවාද කියලා බලන උදාහරණයක්. වැදගත්ම දෙය නම් claim එකට transcript එක තුළ ප්‍රමාණවත් support තියෙනවාද කියලා පරීක්ෂා කිරීමයි.",Agriculture,Not False,Consistent,consistent,"Title, description, and transcript discuss the same subject and supported detail.",false,SYN00101,SYN00101,0.098,0.175,0.400,synthetic-agriculture-syn00101,new,,
SYNNEG00162,SYNNEG00162,https://synthetic.local/watch?v=SYNNEG00162,නව චිත්‍රපටය ගැන official update - release දිනය,"නව චිත්‍රපටය ගැන සියලු official ලේඛන, නම් ලැයිස්තු, දිනයන් සහ රහස් තොරතුරු transcript එකේ සම්පූර්ණයෙන් ඇති බව කියයි.","අද වීඩියෝවෙන් අපි කතා කරන්නේ නව චිත්‍රපටය ගැනයි. අවසානයේ viewers ලාට නිල update බලලා තීරණ ගන්න කියනවා. release දිනය ගැන කථිකයා පියවරෙන් පියවර පැහැදිලි කරයි. මෙය external fact check එකක් නොව title, description සහ transcript එක එකිනෙකට ගැළපෙනවාද කියලා බලන උදාහරණයක්. වැදගත්ම දෙය නම් claim එකට transcript එක තුළ ප්‍රමාණවත් support තියෙනවාද කියලා පරීක්ෂා කිරීමයි.",Entertainment,False,Inconsistent,description_transcript_mismatch,Description promises detailed evidence that the transcript does not contain.,true,SYN00123,SYN00133,0.158,0.118,0.217,synthetic-entertainment-synneg00162,new,,
SYNNEG00170,SYNNEG00170,https://synthetic.local/watch?v=SYNNEG00170,වී වගාව ගැන official update - පොහොර සහනාධාරය,වී වගාව සම්බන්ධ පොහොර සහනාධාරය සහ කෘෂිකර්ම නිලධාරීන්ගේ උපදෙස් ගැන සිංහල පැහැදිලි කිරීමක්.,"මේ update එකේ ප්‍රධාන කරුණ තේ වගාව සම්බන්ධයෙන් ලැබුණු තොරතුරුයි. අවසානයේ viewers ලාට නිල update බලලා තීරණ ගන්න කියනවා. නව රෝග පාලන ක්‍රම ගැන කථිකයා පියවරෙන් පියවර පැහැදිලි කරයි. මෙය external fact check එකක් නොව title, description සහ transcript එක එකිනෙකට ගැළපෙනවාද කියලා බලන උදාහරණයක්. වැදගත්ම දෙය නම් claim එකට transcript එක තුළ ප්‍රමාණවත් support තියෙනවාද කියලා පරීක්ෂා කිරීමයි.",Agriculture,False,Inconsistent,same_topic_swap,Same-topic hard negative: metadata and transcript are from different synthetic videos.,true,SYN00201,SYN00211,0.081,0.059,0.312,synthetic-agriculture-synneg00170,new,,
SYNNEG00190,SYNNEG00190,https://synthetic.local/watch?v=SYNNEG00190,වී වගාව ගැන official update - පොහොර සහනාධාරය,වී වගාව සම්බන්ධ පොහොර සහනාධාරය සහ කෘෂිකර්ම නිලධාරීන්ගේ උපදෙස් ගැන සිංහල පැහැදිලි කිරීමක්.,"අද වීඩියෝවෙන් අපි කතා කරන්නේ තේ වගාව ගැනයි. අවසානයේ viewers ලාට නිල update බලලා තීරණ ගන්න කියනවා. නව රෝග පාලන ක්‍රම ගැන කථිකයා පියවරෙන් පියවර පැහැදිලි කරයි. මෙය external fact check එකක් නොව title, description සහ transcript එක එකිනෙකට ගැළපෙනවාද කියලා බලන උදාහරණයක්. වැදගත්ම දෙය නම් claim එකට transcript එක තුළ ප්‍රමාණවත් support තියෙනවාද කියලා පරීක්ෂා කිරීමයි.",Agriculture,False,Inconsistent,same_topic_swap,Same-topic hard negative: metadata and transcript are from different synthetic videos.,true,SYN00401,SYN00411,0.081,0.059,0.312,synthetic-agriculture-synneg00190,new,,
SYN00056,SYN00056,https://synthetic.local/watch?v=SYN00056,දියවැඩියාව ගැන official update - ආහාර පාලන ක්‍රම,දියවැඩියාව සම්බන්ධ ආහාර පාලන ක්‍රම සහ doctor පැහැදිලි කිරීම ගැන සිංහල පැහැදිලි කිරීමක්.,"ගොඩක් අය අහන ප්‍රශ්නයක් වන දියවැඩියාව ගැන මෙහි පැහැදිලි කරනවා. ආහාර පාලන ක්‍රම ගැන කථිකයා පියවරෙන් පියවර පැහැදිලි කරයි. මෙහිදී source ලෙස සඳහන් කරන්නේ doctor පැහැදිලි කිරීම යන්නයි. මෙය external fact check එකක් නොව title, description සහ transcript එක එකිනෙකට ගැළපෙනවාද කියලා බලන උදාහරණයක්. වැදගත්ම දෙය නම් claim එකට transcript එක තුළ ප්‍රමාණවත් support තියෙනවාද කියලා පරීක්ෂා කිරීමයි.",Health,Not False,Consistent,consistent,"Title, description, and transcript discuss the same subject and supported detail.",false,SYN00056,SYN00056,0.117,0.180,0.438,synthetic-health-syn00056,new,,
SYN00479,SYN00479,https://synthetic.local/watch?v=SYN00479,data package ගැන official update - නව මිල,data package සම්බන්ධ නව මිල සහ telecom company update ගැන සිංහල පැහැදිලි කිරීමක්.,"ගොඩක් අය අහන ප්‍රශ්නයක් වන data package ගැන මෙහි පැහැදිලි කරනවා. අවසානයේ viewers ලාට නිල update බලලා තීරණ ගන්න කියනවා. නව මිල ගැන කථිකයා පියවරෙන් පියවර පැහැදිලි කරයි. මෙය external fact check එකක් නොව title, description සහ transcript එක එකිනෙකට ගැළපෙනවාද කියලා බලන උදාහරණයක්. වැදගත්ම දෙය නම් claim එකට transcript එක තුළ ප්‍රමාණවත් support තියෙනවාද කියලා පරීක්ෂා කිරීමයි.",Technology,Not False,Consistent,consistent,"Title, description, and transcript discuss the same subject and supported detail.",false,SYN00479,SYN00479,0.140,0.145,0.467,synthetic-technology-syn00479,new,,
SYN00421,SYN00421,https://synthetic.local/watch?v=SYN00421,එළවළු මිල ගැන official update - වෙළඳපොළ update,එළවළු මිල සම්බන්ධ වෙළඳපොළ update සහ කොළඹ සහ දඹුල්ල මිල වෙනස්වීම් ගැන සිංහල පැහැදිලි කිරීමක්.,"මේ update එකේ ප්‍රධාන කරුණ එළවළු මිල සම්බන්ධයෙන් ලැබුණු තොරතුරුයි. මෙහිදී source ලෙස සඳහන් කරන්නේ කොළඹ සහ දඹුල්ල මිල වෙනස්වීම් යන්නයි. video එක පුරාම ප්‍රධාන අවධානය වෙළඳපොළ update මතම තියෙනවා. මෙය external fact check එකක් නොව title, description සහ transcript එක එකිනෙකට ගැළපෙනවාද කියලා බලන උදාහරණයක්. වැදගත්ම දෙය නම් claim එකට transcript එක තුළ ප්‍රමාණවත් support තියෙනවාද කියලා පරීක්ෂා කිරීමයි.",Agriculture,Not False,Consistent,consistent,"Title, description, and transcript discuss the same subject and supported detail.",false,SYN00421,SYN00421,0.086,0.148,0.400,synthetic-agriculture-syn00421,new,,
SYNNEG00256,SYNNEG00256,https://synthetic.local/watch?v=SYNNEG00256,Breaking! අමාත්‍ය මණ්ඩලය ගැන කවුරුත් නොකියන භයානක රහස,අමාත්‍ය මණ්ඩලය සම්බන්ධ නව තීරණ සහ මාධ්‍ය හමුවේ විස්තර ගැන සිංහල පැහැදිලි කිරීමක්.,"මේ update එකේ ප්‍රධාන කරුණ අමාත්‍ය මණ්ඩලය සම්බන්ධයෙන් ලැබුණු තොරතුරුයි. අවසානයේ viewers ලාට නිල update බලලා තීරණ ගන්න කියනවා. නව තීරණ ගැන කථිකයා පියවරෙන් පියවර පැහැදිලි කරයි. මෙය external fact check එකක් නොව title, description සහ transcript එක එකිනෙකට ගැළපෙනවාද කියලා බලන උදාහරණයක්. වැදගත්ම දෙය නම් claim එකට transcript එක තුළ ප්‍රමාණවත් support තියෙනවාද කියලා පරීක්ෂා කිරීමයි.",Politics,False,Inconsistent,title_transcript_mismatch,Title makes a stronger promise than the transcript supports.,true,SYN00067,SYN00077,0.050,0.115,0.167,synthetic-politics-synneg00256,new,,
SYN00363,SYN00363,https://synthetic.local/watch?v=SYN00363,නව චිත්‍රපටය ගැන official update - release දිනය,නව චිත්‍රපටය සම්බන්ධ release දිනය සහ අධ්‍යක්ෂවරයාගේ පැහැදිලි කිරීම ගැන සිංහල පැහැදිලි කිරීමක්.,"අද වීඩියෝවෙන් අපි කතා කරන්නේ නව චිත්‍රපටය ගැනයි. අවසානයේ viewers ලාට නිල update බලලා තීරණ ගන්න කියනවා. release දිනය ගැන කථිකයා පියවරෙන් පියවර පැහැදිලි කරයි. මෙය external fact check එකක් නොව title, description සහ transcript එක එකිනෙකට ගැළපෙනවාද කියලා බලන උදාහරණයක්. වැදගත්ම දෙය නම් claim එකට transcript එක තුළ ප්‍රමාණවත් support තියෙනවාද කියලා පරීක්ෂා කිරීමයි.",Entertainment,Not False,Consistent,consistent,"Title, description, and transcript discuss the same subject and supported detail.",false,SYN00363,SYN00363,0.158,0.145,0.438,synthetic-entertainment-syn00363,new,,
SYN00442,SYN00442,https://synthetic.local/watch?v=SYN00442,O/L exam ගැන official update - ප්‍රතිඵල නිකුත් කිරීම,O/L exam සම්බන්ධ ප්‍රතිඵල නිකුත් කිරීම සහ විභාග දෙපාර්තමේන්තුවේ නිවේදනය ගැන සිංහල පැහැදිලි කිරීමක්.,"මේ update එකේ ප්‍රධාන කරුණ O/L exam සම්බන්ධයෙන් ලැබුණු තොරතුරුයි. video එක පුරාම ප්‍රධාන අවධානය ප්‍රතිඵල නිකුත් කිරීම මතම තියෙනවා. අවසානයේ viewers ලාට නිල update බලලා තීරණ ගන්න කියනවා. මෙය external fact check එකක් නොව title, description සහ transcript එක එකිනෙකට ගැළපෙනවාද කියලා බලන උදාහරණයක්. වැදගත්ම දෙය නම් claim එකට transcript එක තුළ ප්‍රමාණවත් support තියෙනවාද කියලා පරීක්ෂා කිරීමයි.",Education,Not False,Consistent,consistent,"Title, description, and transcript discuss the same subject and supported detail.",false,SYN00442,SYN00442,0.127,0.097,0.375,synthetic-education-syn00442,new,,
SYNNEG00175,SYNNEG00175,https://synthetic.local/watch?v=SYNNEG00175,දියවැඩියාව ගැන official update - ආහාර පාලන ක්‍රම,දියවැඩියාව සම්බන්ධ ආහාර පාලන ක්‍රම සහ doctor පැහැදිලි කිරීම ගැන සිංහල පැහැදිලි කිරීමක්.,"ගොඩක් අය අහන ප්‍රශ්නයක් වන උණ රෝගය ගැන මෙහි පැහැදිලි කරනවා. video එක පුරාම ප්‍රධාන අවධානය ලක්ෂණ සහ ප්‍රතිකාර මතම තියෙනවා. අවසානයේ viewers ලාට නිල update බලලා තීරණ ගන්න කියනවා. මෙය external fact check එකක් නොව title, description සහ transcript එක එකිනෙකට ගැළපෙනවාද කියලා බලන උදාහරණයක්. වැදගත්ම දෙය නම් claim එකට transcript එක තුළ ප්‍රමාණවත් support තියෙනවාද කියලා පරීක්ෂා කිරීමයි.",Health,False,Inconsistent,same_topic_swap,Same-topic hard negative: metadata and transcript are from different synthetic videos.,true,SYN00256,SYN00266,0.062,0.058,0.438,synthetic-health-synneg00175,new,,
SYNNEG00447,SYNNEG00447,https://synthetic.local/watch?v=SYNNEG00447,ආගමික උත්සවය ගැන official update - ගමනාගමන සැලැස්ම,"ආගමික උත්සවය ගැන සියලු official ලේඛන, නම් ලැයිස්තු, දිනයන් සහ රහස් තොරතුරු transcript එකේ සම්පූර්ණයෙන් ඇති බව කියයි.","මේ update එකේ ප්‍රධාන කරුණ ආගමික උත්සවය සම්බන්ධයෙන් ලැබුණු තොරතුරුයි. video එක පුරාම ප්‍රධාන අවධානය ගමනාගමන සැලැස්ම මතම තියෙනවා. අවසානයේ viewers ලාට නිල update බලලා තීරණ ගන්න කියනවා. මෙය external fact check එකක් නොව title, description සහ transcript එක එකිනෙකට ගැළපෙනවාද කියලා බලන උදාහරණයක්. වැදගත්ම දෙය නම් claim එකට transcript එක තුළ ප්‍රමාණවත් support තියෙනවාද කියලා පරීක්ෂා කිරීමයි.",Religion,False,Inconsistent,description_transcript_mismatch,Description promises detailed evidence that the transcript does not contain.,true,SYN00478,SYN00488,0.125,0.106,0.182,synthetic-religion-synneg00447,new,,
SYN00097,SYN00097,https://synthetic.local/watch?v=SYN00097,election update ගැන official update - ඡන්ද දිනය ගැන පැහැදිලි කිරීම,election update සම්බන්ධ ඡන්ද දිනය ගැන පැහැදිලි කිරීම සහ කොමිසමේ නිවේදනය ගැන සිංහල පැහැදිලි කිරීමක්.,"මේ update එකේ ප්‍රධාන කරුණ election update සම්බන්ධයෙන් ලැබුණු තොරතුරුයි. මෙහිදී source ලෙස සඳහන් කරන්නේ කොමිසමේ නිවේදනය යන්නයි. video එක පුරාම ප්‍රධාන අවධානය ඡන්ද දිනය ගැන පැහැදිලි කිරීම මතම තියෙනවා. මෙය external fact check එකක් නොව title, description සහ transcript එක එකිනෙකට ගැළපෙනවාද කියලා බලන උදාහරණයක්. වැදගත්ම දෙය නම් claim එකට transcript එක තුළ ප්‍රමාණවත් support තියෙනවාද කියලා පරීක්ෂා කිරීමයි.",Politics,Not False,Consistent,consistent,"Title, description, and transcript discuss the same subject and supported detail.",false,SYN00097,SYN00097,0.121,0.167,0.500,synthetic-politics-syn00097,new,,
SYN00195,SYN00195,https://synthetic.local/watch?v=SYN00195,රජයේ job ගැන official update - අයදුම්පත් කැඳවීම,රජයේ job සම්බන්ධ අයදුම්පත් කැඳවීම සහ සුදුසුකම් සහ අවසන් දිනය ගැන සිංහල පැහැදිලි කිරීමක්.,"අද වීඩියෝවෙන් අපි කතා කරන්නේ රජයේ job ගැනයි. අවසානයේ viewers ලාට නිල update බලලා තීරණ ගන්න කියනවා. අයදුම්පත් කැඳවීම ගැන කථිකයා පියවරෙන් පියවර පැහැදිලි කරයි. මෙය external fact check එකක් නොව title, description සහ transcript එක එකිනෙකට ගැළපෙනවාද කියලා බලන උදාහරණයක්. වැදගත්ම දෙය නම් claim එකට transcript එක තුළ ප්‍රමාණවත් support තියෙනවාද කියලා පරීක්ෂා කිරීමයි.",Government,Not False,Consistent,consistent,"Title, description, and transcript discuss the same subject and supported detail.",false,SYN00195,SYN00195,0.143,0.113,0.312,synthetic-government-syn00195,new,,
SYN00417,SYN00417,https://synthetic.local/watch?v=SYN00417,election update ගැන official update - ඡන්ද දිනය ගැන පැහැදිලි කිරීම,election update සම්බන්ධ ඡන්ද දිනය ගැන පැහැදිලි කිරීම සහ කොමිසමේ නිවේදනය ගැන සිංහල පැහැදිලි කිරීමක්.,"අද වීඩියෝවෙන් අපි කතා කරන්නේ election update ගැනයි. මෙහිදී source ලෙස සඳහන් කරන්නේ කොමිසමේ නිවේදනය යන්නයි. video එක පුරාම ප්‍රධාන අවධානය ඡන්ද දිනය ගැන පැහැදිලි කිරීම මතම තියෙනවා. මෙය external fact check එකක් නොව title, description සහ transcript එක එකිනෙකට ගැළපෙනවාද කියලා බලන උදාහරණයක්. වැදගත්ම දෙය නම් claim එකට transcript එක තුළ ප්‍රමාණවත් support තියෙනවාද කියලා පරීක්ෂා කිරීමයි.",Politics,Not False,Consistent,consistent,"Title, description, and transcript discuss the same subject and supported detail.",false,SYN00417,SYN00417,0.121,0.167,0.500,synthetic-politics-syn00417,new,,
SYNNEG00210,SYNNEG00210,https://synthetic.local/watch?v=SYNNEG00210,එළවළු මිල ගැන official update - වෙළඳපොළ update,එළවළු මිල සම්බන්ධ වෙළඳපොළ update සහ කොළඹ සහ දඹුල්ල මිල වෙනස්වීම් ගැන සිංහල පැහැදිලි කිරීමක්.,"අද වීඩියෝවෙන් අපි කතා කරන්නේ ජල සැපයුම ගැනයි. අවසානයේ viewers ලාට නිල update බලලා තීරණ ගන්න කියනවා. ගොවිබිම් සඳහා කාලසටහන ගැන කථිකයා පියවරෙන් පියවර පැහැදිලි කරයි. මෙය external fact check එකක් නොව title, description සහ transcript එක එකිනෙකට ගැළපෙනවාද කියලා බලන උදාහරණයක්. වැදගත්ම දෙය නම් claim එකට transcript එක තුළ ප්‍රමාණවත් support තියෙනවාද කියලා පරීක්ෂා කිරීමයි.",Agriculture,False,Inconsistent,same_topic_swap,Same-topic hard negative: metadata and transcript are from different synthetic videos.,true,SYN00101,SYN00111,0.067,0.076,0.400,synthetic-agriculture-synneg00210,new,,
SYN00249,SYN00249,https://synthetic.local/watch?v=SYN00249,mobile app ගැන official update - privacy update,mobile app සම්බන්ධ privacy update සහ දත්ත ආරක්ෂාව ගැන පැහැදිලි කිරීම ගැන සිංහල පැහැදිලි කිරීමක්.,"අද වීඩියෝවෙන් අපි කතා කරන්නේ mobile app ගැනයි. මෙහිදී source ලෙස සඳහන් කරන්නේ දත්ත ආරක්ෂාව ගැන පැහැදිලි කිරීම යන්නයි. video එක පුරාම ප්‍රධාන අවධානය privacy update මතම තියෙනවා. මෙය external fact check එකක් නොව title, description සහ transcript එක එකිනෙකට ගැළපෙනවාද කියලා බලන උදාහරණයක්. වැදගත්ම දෙය නම් claim එකට transcript එක තුළ ප්‍රමාණවත් support තියෙනවාද කියලා පරීක්ෂා කිරීමයි.",Technology,Not False,Consistent,consistent,"Title, description, and transcript discuss the same subject and supported detail.",false,SYN00249,SYN00249,0.103,0.167,0.429,synthetic-technology-syn00249,new,,
SYN00485,SYN00485,https://synthetic.local/watch?v=SYN00485,රජයේ allowance ගැන official update - official අයදුම් ක්‍රමය,රජයේ allowance සම්බන්ධ official අයදුම් ක්‍රමය සහ ලැබිය යුතු පවුල් කාණ්ඩ ගැන සිංහල පැහැදිලි කිරීමක්.,"ගොඩක් අය අහන ප්‍රශ්නයක් වන රජයේ allowance ගැන මෙහි පැහැදිලි කරනවා. මෙහිදී source ලෙස සඳහන් කරන්නේ ලැබිය යුතු පවුල් කාණ්ඩ යන්නයි. video එක පුරාම ප්‍රධාන අවධානය official අයදුම් ක්‍රමය මතම තියෙනවා. මෙය external fact check එකක් නොව title, description සහ transcript එක එකිනෙකට ගැළපෙනවාද කියලා බලන උදාහරණයක්. වැදගත්ම දෙය නම් claim එකට transcript එක තුළ ප්‍රමාණවත් support තියෙනවාද කියලා පරීක්ෂා කිරීමයි.",Government,Not False,Consistent,consistent,"Title, description, and transcript discuss the same subject and supported detail.",false,SYN00485,SYN00485,0.109,0.200,0.389,synthetic-government-syn00485,new,,
SYNNEG00091,SYNNEG00091,https://synthetic.local/watch?v=SYNNEG00091,ඔවුන් මේක සඟවනවා! පාසල් නිවාඩු ගැන සම්පූර්ණ ඇත්ත,පාසල් නිවාඩු සම්බන්ධ කාලසටහන් වෙනස්වීම සහ අධ්‍යාපන අමාත්‍යාංශ update ගැන සිංහල පැහැදිලි කිරීමක්.,"මේ update එකේ ප්‍රධාන කරුණ පාසල් නිවාඩු සම්බන්ධයෙන් ලැබුණු තොරතුරුයි. කාලසටහන් වෙනස්වීම ගැන කථිකයා පියවරෙන් පියවර පැහැදිලි කරයි. මෙහිදී source ලෙස සඳහන් කරන්නේ අධ්‍යාපන අමාත්‍යාංශ update යන්නයි. මෙය external fact check එකක් නොව title, description සහ transcript එක එකිනෙකට ගැළපෙනවාද කියලා බලන උදාහරණයක්. වැදගත්ම දෙය නම් claim එකට transcript එක තුළ ප්‍රමාණවත් support තියෙනවාද කියලා පරීක්ෂා කිරීමයි.",Education,False,Inconsistent,title_transcript_mismatch,Title makes a stronger promise than the transcript supports.,true,SYN00412,SYN00422,0.047,0.210,0.143,synthetic-education-synneg00091,new,,
SYNNEG00085,SYNNEG00085,https://synthetic.local/watch?v=SYNNEG00085,medicine shortage ගැන official update - රෝහල් තත්ත්වය,medicine shortage සම්බන්ධ රෝහල් තත්ත්වය සහ නිල සැපයුම් update ගැන සිංහල පැහැදිලි කිරීමක්.,"අද වීඩියෝවෙන් අපි කතා කරන්නේ vaccine update ගැනයි. video එක පුරාම ප්‍රධාන අවධානය රෝහල් ලබාදෙන දිනය මතම තියෙනවා. අවසානයේ viewers ලාට නිල update බලලා තීරණ ගන්න කියනවා. මෙය external fact check එකක් නොව title, description සහ transcript එක එකිනෙකට ගැළපෙනවාද කියලා බලන උදාහරණයක්. වැදගත්ම දෙය නම් claim එකට transcript එක තුළ ප්‍රමාණවත් support තියෙනවාද කියලා පරීක්ෂා කිරීමයි.",Health,False,Inconsistent,same_topic_swap,Same-topic hard negative: metadata and transcript are from different synthetic videos.,true,SYN00356,SYN00366,0.067,0.077,0.571,synthetic-health-synneg00085,new,,
SYN00136,SYN00136,https://synthetic.local/watch?v=SYN00136,දියවැඩියාව ගැන official update - ආහාර පාලන ක්‍රම,දියවැඩියාව සම්බන්ධ ආහාර පාලන ක්‍රම සහ doctor පැහැදිලි කිරීම ගැන සිංහල පැහැදිලි කිරීමක්.,"මේ update එකේ ප්‍රධාන කරුණ දියවැඩියාව සම්බන්ධයෙන් ලැබුණු තොරතුරුයි. ආහාර පාලන ක්‍රම ගැන කථිකයා පියවරෙන් පියවර පැහැදිලි කරයි. මෙහිදී source ලෙස සඳහන් කරන්නේ doctor පැහැදිලි කිරීම යන්නයි. මෙය external fact check එකක් නොව title, description සහ transcript එක එකිනෙකට ගැළපෙනවාද කියලා බලන උදාහරණයක්. වැදගත්ම දෙය නම් claim එකට transcript එක තුළ ප්‍රමාණවත් support තියෙනවාද කියලා පරීක්ෂා කිරීමයි.",Health,Not False,Consistent,consistent,"Title, description, and transcript discuss the same subject and supported detail.",false,SYN00136,SYN00136,0.136,0.180,0.438,synthetic-health-syn00136,new,,
SYNNEG00254,SYNNEG00254,https://synthetic.local/watch?v=SYNNEG00254,රජයේ allowance ගැන හදිසි warning එකක්ද? අද තත්ත්වය,රජයේ allowance සම්බන්ධ official අයදුම් ක්‍රමය සහ ලැබිය යුතු පවුල් කාණ්ඩ ගැන සිංහල පැහැදිලි කිරීමක්.,"අද වීඩියෝවෙන් අපි කතා කරන්නේ රජයේ allowance ගැනයි. මෙහිදී source ලෙස සඳහන් කරන්නේ ලැබිය යුතු පවුල් කාණ්ඩ යන්නයි. video එක පුරාම ප්‍රධාන අවධානය official අයදුම් ක්‍රමය මතම තියෙනවා. මෙය external fact check එකක් නොව title, description සහ transcript එක එකිනෙකට ගැළපෙනවාද කියලා බලන උදාහරණයක්. වැදගත්ම දෙය නම් claim එකට transcript එක තුළ ප්‍රමාණවත් support තියෙනවාද කියලා පරීක්ෂා කිරීමයි.",Government,False,Inconsistent,weak_support,Transcript mentions the topic but does not support the main promised claim.,true,SYN00045,SYN00055,0.047,0.175,0.136,synthetic-government-synneg00254,new,,
SYN00220,SYN00220,https://synthetic.local/watch?v=SYN00220,සුළි කුණාටු අවදානම ගැන official update - official forecast,සුළි කුණාටු අවදානම සම්බන්ධ official forecast සහ මුහුදු ප්‍රදේශ අනතුරු ඇඟවීම ගැන සිංහල පැහැදිලි කිරීමක්.,"මේ update එකේ ප්‍රධාන කරුණ සුළි කුණාටු අවදානම සම්බන්ධයෙන් ලැබුණු තොරතුරුයි. official forecast ගැන කථිකයා පියවරෙන් පියවර පැහැදිලි කරයි. මෙහිදී source ලෙස සඳහන් කරන්නේ මුහුදු ප්‍රදේශ අනතුරු ඇඟවීම යන්නයි. මෙය external fact check එකක් නොව title, description සහ transcript එක එකිනෙකට ගැළපෙනවාද කියලා බලන උදාහරණයක්. වැදගත්ම දෙය නම් claim එකට transcript එක තුළ ප්‍රමාණවත් support තියෙනවාද කියලා පරීක්ෂා කිරීමයි.",Weather,Not False,Consistent,consistent,"Title, description, and transcript discuss the same subject and supported detail.",false,SYN00220,SYN00220,0.133,0.206,0.333,synthetic-weather-syn00220,new,,
SYNNEG00268,SYNNEG00268,https://synthetic.local/watch?v=SYNNEG00268,දැන්ම බලන්න! Facebook account නිසා ලංකාවම කම්පා වෙයි,මෙම video එක 100% තහවුරු වූ breaking news එකක් කියලා overclaim කරයි.,"අද වීඩියෝවෙන් අපි කතා කරන්නේ Facebook account ගැනයි. මෙහිදී source ලෙස සඳහන් කරන්නේ password ආරක්ෂාව යන්නයි. video එක පුරාම ප්‍රධාන අවධානය security warning මතම තියෙනවා. මෙය external fact check එකක් නොව title, description සහ transcript එක එකිනෙකට ගැළපෙනවාද කියලා බලන උදාහරණයක්. වැදගත්ම දෙය නම් claim එකට transcript එක තුළ ප්‍රමාණවත් support තියෙනවාද කියලා පරීක්ෂා කිරීමයි.",Technology,False,Inconsistent,clickbait_overclaim,Metadata overclaims certainty while transcript is only a general discussion.,true,SYN00189,SYN00199,0.033,0.063,0.000,synthetic-technology-synneg00268,new,,
SYNNEG00186,SYNNEG00186,https://synthetic.local/watch?v=SYNNEG00186,100% තහවුරුයි! පාර්ලිමේන්තු විවාදය ගැන official තීරණය එළියට,පාර්ලිමේන්තු විවාදය සම්බන්ධ අද තීරණය සහ මන්ත්‍රීවරුන්ගේ අදහස් ගැන සිංහල පැහැදිලි කිරීමක්.,"මේ update එකේ ප්‍රධාන කරුණ පාර්ලිමේන්තු විවාදය සම්බන්ධයෙන් ලැබුණු තොරතුරුයි. අවසානයේ viewers ලාට නිල update බලලා තීරණ ගන්න කියනවා. අද තීරණය ගැන කථිකයා පියවරෙන් පියවර පැහැදිලි කරයි. මෙය external fact check එකක් නොව title, description සහ transcript එක එකිනෙකට ගැළපෙනවාද කියලා බලන උදාහරණයක්. වැදගත්ම දෙය නම් claim එකට transcript එක තුළ ප්‍රමාණවත් support තියෙනවාද කියලා පරීක්ෂා කිරීමයි.",Politics,False,Inconsistent,title_transcript_mismatch,Title makes a stronger promise than the transcript supports.,true,SYN00367,SYN00377,0.085,0.113,0.235,synthetic-politics-synneg00186,new,,
SYN00286,SYN00286,https://synthetic.local/watch?v=SYN00286,vaccine update ගැන official update - රෝහල් ලබාදෙන දිනය,vaccine update සම්බන්ධ රෝහල් ලබාදෙන දිනය සහ වෛද්‍යවරයාගේ උපදෙස් ගැන සිංහල පැහැදිලි කිරීමක්.,"මේ update එකේ ප්‍රධාන කරුණ vaccine update සම්බන්ධයෙන් ලැබුණු තොරතුරුයි. video එක පුරාම ප්‍රධාන අවධානය රෝහල් ලබාදෙන දිනය මතම තියෙනවා. අවසානයේ viewers ලාට නිල update බලලා තීරණ ගන්න කියනවා. මෙය external fact check එකක් නොව title, description සහ transcript එක එකිනෙකට ගැළපෙනවාද කියලා බලන උදාහරණයක්. වැදගත්ම දෙය නම් claim එකට transcript එක තුළ ප්‍රමාණවත් support තියෙනවාද කියලා පරීක්ෂා කිරීමයි.",Health,Not False,Consistent,consistent,"Title, description, and transcript discuss the same subject and supported detail.",false,SYN00286,SYN00286,0.125,0.111,0.438,synthetic-health-syn00286,new,,
SYN00244,SYN00244,https://synthetic.local/watch?v=SYN00244,බැංකු loan ගැන official update - පොලී අනුපාත update,බැංකු loan සම්බන්ධ පොලී අනුපාත update සහ අයදුම් කිරීමේ කොන්දේසි ගැන සිංහල පැහැදිලි කිරීමක්.,"මේ update එකේ ප්‍රධාන කරුණ බැංකු loan සම්බන්ධයෙන් ලැබුණු තොරතුරුයි. පොලී අනුපාත update ගැන කථිකයා පියවරෙන් පියවර පැහැදිලි කරයි. මෙහිදී source ලෙස සඳහන් කරන්නේ අයදුම් කිරීමේ කොන්දේසි යන්නයි. මෙය external fact check එකක් නොව title, description සහ transcript එක එකිනෙකට ගැළපෙනවාද කියලා බලන උදාහරණයක්. වැදගත්ම දෙය නම් claim එකට transcript එක තුළ ප්‍රමාණවත් support තියෙනවාද කියලා පරීක්ෂා කිරීමයි.",Finance,Not False,Consistent,consistent,"Title, description, and transcript discuss the same subject and supported detail.",false,SYN00244,SYN00244,0.119,0.197,0.438,synthetic-finance-syn00244,new,,
SYNNEG00027,SYNNEG00027,https://synthetic.local/watch?v=SYNNEG00027,ආගමික උත්සවය ගැන official update - ගමනාගමන සැලැස්ම,"ආගමික උත්සවය ගැන සියලු official ලේඛන, නම් ලැයිස්තු, දිනයන් සහ රහස් තොරතුරු transcript එකේ සම්පූර්ණයෙන් ඇති බව කියයි.","ගොඩක් අය අහන ප්‍රශ්නයක් වන ආගමික උත්සවය ගැන මෙහි පැහැදිලි කරනවා. video එක පුරාම ප්‍රධාන අවධානය ගමනාගමන සැලැස්ම මතම තියෙනවා. අවසානයේ viewers ලාට නිල update බලලා තීරණ ගන්න කියනවා. මෙය external fact check එකක් නොව title, description සහ transcript එක එකිනෙකට ගැළපෙනවාද කියලා බලන උදාහරණයක්. වැදගත්ම දෙය නම් claim එකට transcript එක තුළ ප්‍රමාණවත් support තියෙනවාද කියලා පරීක්ෂා කිරීමයි.",Religion,False,Inconsistent,description_transcript_mismatch,Description promises detailed evidence that the transcript does not contain.,true,SYN00278,SYN00288,0.136,0.100,0.182,synthetic-religion-synneg00027,new,,
SYNNEG00229,SYNNEG00229,https://synthetic.local/watch?v=SYNNEG00229,සුළි කුණාටු අවදානම සම්බන්ධ නව තීරණයක්ද? ජනතාව අහන ප්‍රශ්න,සුළි කුණාටු අවදානම සම්බන්ධ official forecast සහ මුහුදු ප්‍රදේශ අනතුරු ඇඟවීම ගැන සිංහල පැහැදිලි කිරීමක්.,"අද වීඩියෝවෙන් අපි කතා කරන්නේ සුළි කුණාටු අවදානම ගැනයි. official forecast ගැන කථිකයා පියවරෙන් පියවර පැහැදිලි කරයි. මෙහිදී source ලෙස සඳහන් කරන්නේ මුහුදු ප්‍රදේශ අනතුරු ඇඟවීම යන්නයි. මෙය external fact check එකක් නොව title, description සහ transcript එක එකිනෙකට ගැළපෙනවාද කියලා බලන උදාහරණයක්. වැදගත්ම දෙය නම් claim එකට transcript එක තුළ ප්‍රමාණවත් support තියෙනවාද කියලා පරීක්ෂා කිරීමයි.",Weather,False,Inconsistent,weak_support,Transcript mentions the topic but does not support the main promised claim.,true,SYN00300,SYN00310,0.063,0.217,0.238,synthetic-weather-synneg00229,new,,
SYN00339,SYN00339,https://synthetic.local/watch?v=SYN00339,AI tool ගැන official update - සිංහල භාවිතය,AI tool සම්බන්ධ සිංහල භාවිතය සහ නව feature සහ සීමා ගැන සිංහල පැහැදිලි කිරීමක්.,"අද වීඩියෝවෙන් අපි කතා කරන්නේ AI tool ගැනයි. අවසානයේ viewers ලාට නිල update බලලා තීරණ ගන්න කියනවා. සිංහල භාවිතය ගැන කථිකයා පියවරෙන් පියවර පැහැදිලි කරයි. මෙය external fact check එකක් නොව title, description සහ transcript එක එකිනෙකට ගැළපෙනවාද කියලා බලන උදාහරණයක්. වැදගත්ම දෙය නම් claim එකට transcript එක තුළ ප්‍රමාණවත් support තියෙනවාද කියලා පරීක්ෂා කිරීමයි.",Technology,Not False,Consistent,consistent,"Title, description, and transcript discuss the same subject and supported detail.",false,SYN00339,SYN00339,0.143,0.115,0.333,synthetic-technology-syn00339,new,,
SYNNEG00373,SYNNEG00373,https://synthetic.local/watch?v=SYNNEG00373,100% තහවුරුයි! විදුලි බිල් සහනය ගැන official තීරණය එළියට,මෙම video එක 100% තහවුරු වූ breaking news එකක් කියලා overclaim කරයි.,"අද වීඩියෝවෙන් අපි කතා කරන්නේ විදුලි බිල් සහනය ගැනයි. video එක පුරාම ප්‍රධාන අවධානය ගෙවීම් ක්‍රම මතම තියෙනවා. අවසානයේ viewers ලාට නිල update බලලා තීරණ ගන්න කියනවා. මෙය external fact check එකක් නොව title, description සහ transcript එක එකිනෙකට ගැළපෙනවාද කියලා බලන උදාහරණයක්. වැදගත්ම දෙය නම් claim එකට transcript එක තුළ ප්‍රමාණවත් support තියෙනවාද කියලා පරීක්ෂා කිරීමයි.",Finance,False,Inconsistent,clickbait_overclaim,Metadata overclaims certainty while transcript is only a general discussion.,true,SYN00234,SYN00244,0.063,0.061,0.050,synthetic-finance-synneg00373,new,,
SYN00070,SYN00070,https://synthetic.local/watch?v=SYN00070,ගංවතුර තත්ත්වය ගැන official update - ජල මට්ටම් update,ගංවතුර තත්ත්වය සම්බන්ධ ජල මට්ටම් update සහ ආපදා කළමනාකරණ උපදෙස් ගැන සිංහල පැහැදිලි කිරීමක්.,"මේ update එකේ ප්‍රධාන කරුණ ගංවතුර තත්ත්වය සම්බන්ධයෙන් ලැබුණු තොරතුරුයි. video එක පුරාම ප්‍රධාන අවධානය ජල මට්ටම් update මතම තියෙනවා. අවසානයේ viewers ලාට නිල update බලලා තීරණ ගන්න කියනවා. මෙය external fact check එකක් නොව title, description සහ transcript එක එකිනෙකට ගැළපෙනවාද කියලා බලන උදාහරණයක්. වැදගත්ම දෙය නම් claim එකට transcript එක තුළ ප්‍රමාණවත් support තියෙනවාද කියලා පරීක්ෂා කිරීමයි.",Weather,Not False,Consistent,consistent,"Title, description, and transcript discuss the same subject and supported detail.",false,SYN00070,SYN00070,0.125,0.111,0.438,synthetic-weather-syn00070,new,,
SYNNEG00375,SYNNEG00375,https://synthetic.local/watch?v=SYNNEG00375,දියවැඩියාව ගැන official update - ආහාර පාලන ක්‍රම,දියවැඩියාව සම්බන්ධ ආහාර පාලන ක්‍රම සහ doctor පැහැදිලි කිරීම ගැන සිංහල පැහැදිලි කිරීමක්.,"ගොඩක් අය අහන ප්‍රශ්නයක් වන උණ රෝගය ගැන මෙහි පැහැදිලි කරනවා. video එක පුරාම ප්‍රධාන අවධානය ලක්ෂණ සහ ප්‍රතිකාර මතම තියෙනවා. අවසානයේ viewers ලාට නිල update බලලා තීරණ ගන්න කියනවා. මෙය external fact check එකක් නොව title, description සහ transcript එක එකිනෙකට ගැළපෙනවාද කියලා බලන උදාහරණයක්. වැදගත්ම දෙය නම් claim එකට transcript එක තුළ ප්‍රමාණවත් support තියෙනවාද කියලා පරීක්ෂා කිරීමයි.",Health,False,Inconsistent,same_topic_swap,Same-topic hard negative: metadata and transcript are from different synthetic videos.,true,SYN00256,SYN00266,0.062,0.058,0.438,synthetic-health-synneg00375,new,,
SYN00061,SYN00061,https://synthetic.local/watch?v=SYN00061,එළවළු මිල ගැන official update - වෙළඳපොළ update,එළවළු මිල සම්බන්ධ වෙළඳපොළ update සහ කොළඹ සහ දඹුල්ල මිල වෙනස්වීම් ගැන සිංහල පැහැදිලි කිරීමක්.,"මේ update එකේ ප්‍රධාන කරුණ එළවළු මිල සම්බන්ධයෙන් ලැබුණු තොරතුරුයි. මෙහිදී source ලෙස සඳහන් කරන්නේ කොළඹ සහ දඹුල්ල මිල වෙනස්වීම් යන්නයි. video එක පුරාම ප්‍රධාන අවධානය වෙළඳපොළ update මතම තියෙනවා. මෙය external fact check එකක් නොව title, description සහ transcript එක එකිනෙකට ගැළපෙනවාද කියලා බලන උදාහරණයක්. වැදගත්ම දෙය නම් claim එකට transcript එක තුළ ප්‍රමාණවත් support තියෙනවාද කියලා පරීක්ෂා කිරීමයි.",Agriculture,Not False,Consistent,consistent,"Title, description, and transcript discuss the same subject and supported detail.",false,SYN00061,SYN00061,0.086,0.148,0.400,synthetic-agriculture-syn00061,new,,
SYNNEG00147,SYNNEG00147,https://synthetic.local/watch?v=SYNNEG00147,ආගමික උත්සවය ගැන official update - ගමනාගමන සැලැස්ම,"ආගමික උත්සවය ගැන සියලු official ලේඛන, නම් ලැයිස්තු, දිනයන් සහ රහස් තොරතුරු transcript එකේ සම්පූර්ණයෙන් ඇති බව කියයි.","මේ update එකේ ප්‍රධාන කරුණ ආගමික උත්සවය සම්බන්ධයෙන් ලැබුණු තොරතුරුයි. video එක පුරාම ප්‍රධාන අවධානය ගමනාගමන සැලැස්ම මතම තියෙනවා. අවසානයේ viewers ලාට නිල update බලලා තීරණ ගන්න කියනවා. මෙය external fact check එකක් නොව title, description සහ transcript එක එකිනෙකට ගැළපෙනවාද කියලා බලන උදාහරණයක්. වැදගත්ම දෙය නම් claim එකට transcript එක තුළ ප්‍රමාණවත් support තියෙනවාද කියලා පරීක්ෂා කිරීමයි.",Religion,False,Inconsistent,description_transcript_mismatch,Description promises detailed evidence that the transcript does not contain.,true,SYN00478,SYN00488,0.125,0.106,0.182,synthetic-religion-synneg00147,new,,
SYNNEG00225,SYNNEG00225,https://synthetic.local/watch?v=SYNNEG00225,දියවැඩියාව ගැන official update - ආහාර පාලන ක්‍රම,දියවැඩියාව සම්බන්ධ ආහාර පාලන ක්‍රම සහ doctor පැහැදිලි කිරීම ගැන සිංහල පැහැදිලි කිරීමක්.,"ගොඩක් අය අහන ප්‍රශ්නයක් වන උණ රෝගය ගැන මෙහි පැහැදිලි කරනවා. video එක පුරාම ප්‍රධාන අවධානය ලක්ෂණ සහ ප්‍රතිකාර මතම තියෙනවා. අවසානයේ viewers ලාට නිල update බලලා තීරණ ගන්න කියනවා. මෙය external fact check එකක් නොව title, description සහ transcript එක එකිනෙකට ගැළපෙනවාද කියලා බලන උදාහරණයක්. වැදගත්ම දෙය නම් claim එකට transcript එක තුළ ප්‍රමාණවත් support තියෙනවාද කියලා පරීක්ෂා කිරීමයි.",Health,False,Inconsistent,same_topic_swap,Same-topic hard negative: metadata and transcript are from different synthetic videos.,true,SYN00256,SYN00266,0.062,0.058,0.438,synthetic-health-synneg00225,new,,
SYN00073,SYN00073,https://synthetic.local/watch?v=SYN00073,viral වීඩියෝව ගැන official update - සමාජ මාධ්‍ය ප්‍රතිචාර,viral වීඩියෝව සම්බන්ධ සමාජ මාධ්‍ය ප්‍රතිචාර සහ කලාකරුවන්ගේ අදහස් ගැන සිංහල පැහැදිලි කිරීමක්.,"මේ update එකේ ප්‍රධාන කරුණ viral වීඩියෝව සම්බන්ධයෙන් ලැබුණු තොරතුරුයි. මෙහිදී source ලෙස සඳහන් කරන්නේ කලාකරුවන්ගේ අදහස් යන්නයි. video එක පුරාම ප්‍රධාන අවධානය සමාජ මාධ්‍ය ප්‍රතිචාර මතම තියෙනවා. මෙය external fact check එකක් නොව title, description සහ transcript එක එකිනෙකට ගැළපෙනවාද කියලා බලන උදාහරණයක්. වැදගත්ම දෙය නම් claim එකට transcript එක තුළ ප්‍රමාණවත් support තියෙනවාද කියලා පරීක්ෂා කිරීමයි.",Entertainment,Not False,Consistent,consistent,"Title, description, and transcript discuss the same subject and supported detail.",false,SYN00073,SYN00073,0.136,0.145,0.412,synthetic-entertainment-syn00073,new,,
SYN00008,SYN00008,https://synthetic.local/watch?v=SYN00008,පොහොය වැඩසටහන ගැන official update - පන්සල් කාලසටහන,පොහොය වැඩසටහන සම්බන්ධ පන්සල් කාලසටහන සහ දායකයින්ට දැනුම්දීම ගැන සිංහල පැහැදිලි කිරීමක්.,"ගොඩක් අය අහන ප්‍රශ්නයක් වන පොහොය වැඩසටහන ගැන මෙහි පැහැදිලි කරනවා. පන්සල් කාලසටහන ගැන කථිකයා පියවරෙන් පියවර පැහැදිලි කරයි. මෙහිදී source ලෙස සඳහන් කරන්නේ දායකයින්ට දැනුම්දීම යන්නයි. මෙය external fact check එකක් නොව title, description සහ transcript එක එකිනෙකට ගැළපෙනවාද කියලා බලන උදාහරණයක්. වැදගත්ම දෙය නම් claim එකට transcript එක තුළ ප්‍රමාණවත් support තියෙනවාද කියලා පරීක්ෂා කිරීමයි.",Religion,Not False,Consistent,consistent,"Title, description, and transcript discuss the same subject and supported detail.",false,SYN00008,SYN00008,0.085,0.153,0.333,synthetic-religion-syn00008,new,,
SYNNEG00468,SYNNEG00468,https://synthetic.local/watch?v=SYNNEG00468,දැන්ම බලන්න! Facebook account නිසා ලංකාවම කම්පා වෙයි,මෙම video එක 100% තහවුරු වූ breaking news එකක් කියලා overclaim කරයි.,"අද වීඩියෝවෙන් අපි කතා කරන්නේ Facebook account ගැනයි. මෙහිදී source ලෙස සඳහන් කරන්නේ password ආරක්ෂාව යන්නයි. video එක පුරාම ප්‍රධාන අවධානය security warning මතම තියෙනවා. මෙය external fact check එකක් නොව title, description සහ transcript එක එකිනෙකට ගැළපෙනවාද කියලා බලන උදාහරණයක්. වැදගත්ම දෙය නම් claim එකට transcript එක තුළ ප්‍රමාණවත් support තියෙනවාද කියලා පරීක්ෂා කිරීමයි.",Technology,False,Inconsistent,clickbait_overclaim,Metadata overclaims certainty while transcript is only a general discussion.,true,SYN00189,SYN00199,0.033,0.063,0.000,synthetic-technology-synneg00468,new,,
SYNNEG00235,SYNNEG00235,https://synthetic.local/watch?v=SYNNEG00235,medicine shortage ගැන official update - රෝහල් තත්ත්වය,medicine shortage සම්බන්ධ රෝහල් තත්ත්වය සහ නිල සැපයුම් update ගැන සිංහල පැහැදිලි කිරීමක්.,"අද වීඩියෝවෙන් අපි කතා කරන්නේ vaccine update ගැනයි. video එක පුරාම ප්‍රධාන අවධානය රෝහල් ලබාදෙන දිනය මතම තියෙනවා. අවසානයේ viewers ලාට නිල update බලලා තීරණ ගන්න කියනවා. මෙය external fact check එකක් නොව title, description සහ transcript එක එකිනෙකට ගැළපෙනවාද කියලා බලන උදාහරණයක්. වැදගත්ම දෙය නම් claim එකට transcript එක තුළ ප්‍රමාණවත් support තියෙනවාද කියලා පරීක්ෂා කිරීමයි.",Health,False,Inconsistent,same_topic_swap,Same-topic hard negative: metadata and transcript are from different synthetic videos.,true,SYN00356,SYN00366,0.067,0.077,0.571,synthetic-health-synneg00235,new,,
SYN00236,SYN00236,https://synthetic.local/watch?v=SYN00236,medicine shortage ගැන official update - රෝහල් තත්ත්වය,medicine shortage සම්බන්ධ රෝහල් තත්ත්වය සහ නිල සැපයුම් update ගැන සිංහල පැහැදිලි කිරීමක්.,"ගොඩක් අය අහන ප්‍රශ්නයක් වන medicine shortage ගැන මෙහි පැහැදිලි කරනවා. රෝහල් තත්ත්වය ගැන කථිකයා පියවරෙන් පියවර පැහැදිලි කරයි. මෙහිදී source ලෙස සඳහන් කරන්නේ නිල සැපයුම් update යන්නයි. මෙය external fact check එකක් නොව title, description සහ transcript එක එකිනෙකට ගැළපෙනවාද කියලා බලන උදාහරණයක්. වැදගත්ම දෙය නම් claim එකට transcript එක තුළ ප්‍රමාණවත් support තියෙනවාද කියලා පරීක්ෂා කිරීමයි.",Health,Not False,Consistent,consistent,"Title, description, and transcript discuss the same subject and supported detail.",false,SYN00236,SYN00236,0.138,0.180,0.571,synthetic-health-syn00236,new,,
SYNNEG00068,SYNNEG00068,https://synthetic.local/watch?v=SYNNEG00068,දැන්ම බලන්න! Facebook account නිසා ලංකාවම කම්පා වෙයි,මෙම video එක 100% තහවුරු වූ breaking news එකක් කියලා overclaim කරයි.,"අද වීඩියෝවෙන් අපි කතා කරන්නේ Facebook account ගැනයි. මෙහිදී source ලෙස සඳහන් කරන්නේ password ආරක්ෂාව යන්නයි. video එක පුරාම ප්‍රධාන අවධානය security warning මතම තියෙනවා. මෙය external fact check එකක් නොව title, description සහ transcript එක එකිනෙකට ගැළපෙනවාද කියලා බලන උදාහරණයක්. වැදගත්ම දෙය නම් claim එකට transcript එක තුළ ප්‍රමාණවත් support තියෙනවාද කියලා පරීක්ෂා කිරීමයි.",Technology,False,Inconsistent,clickbait_overclaim,Metadata overclaims certainty while transcript is only a general discussion.,true,SYN00189,SYN00199,0.033,0.063,0.000,synthetic-technology-synneg00068,new,,
SYNNEG00103,SYNNEG00103,https://synthetic.local/watch?v=SYNNEG00103,Breaking! විදුලි බිල් සහනය ගැන කවුරුත් නොකියන භයානක රහස,මෙම video එක 100% තහවුරු වූ breaking news එකක් කියලා overclaim කරයි.,"මේ update එකේ ප්‍රධාන කරුණ විදුලි බිල් සහනය සම්බන්ධයෙන් ලැබුණු තොරතුරුයි. video එක පුරාම ප්‍රධාන අවධානය ගෙවීම් ක්‍රම මතම තියෙනවා. අවසානයේ viewers ලාට නිල update බලලා තීරණ ගන්න කියනවා. මෙය external fact check එකක් නොව title, description සහ transcript එක එකිනෙකට ගැළපෙනවාද කියලා බලන උදාහරණයක්. වැදගත්ම දෙය නම් claim එකට transcript එක තුළ ප්‍රමාණවත් support තියෙනවාද කියලා පරීක්ෂා කිරීමයි.",Finance,False,Inconsistent,clickbait_overclaim,Metadata overclaims certainty while transcript is only a general discussion.,true,SYN00034,SYN00044,0.048,0.062,0.000,synthetic-finance-synneg00103,new,,
SYN00022,SYN00022,https://synthetic.local/watch?v=SYN00022,විශ්වවිද්‍යාල ප්‍රවේශය ගැන official update - නව cut-off ලකුණු,විශ්වවිද්‍යාල ප්‍රවේශය සම්බන්ධ නව cut-off ලකුණු සහ අයදුම්කරුවන්ට උපදෙස් ගැන සිංහල පැහැදිලි කිරීමක්.,"මේ update එකේ ප්‍රධාන කරුණ විශ්වවිද්‍යාල ප්‍රවේශය සම්බන්ධයෙන් ලැබුණු තොරතුරුයි. video එක පුරාම ප්‍රධාන අවධානය නව cut-off ලකුණු මතම තියෙනවා. අවසානයේ viewers ලාට නිල update බලලා තීරණ ගන්න කියනවා. මෙය external fact check එකක් නොව title, description සහ transcript එක එකිනෙකට ගැළපෙනවාද කියලා බලන උදාහරණයක්. වැදගත්ම දෙය නම් claim එකට transcript එක තුළ ප්‍රමාණවත් support තියෙනවාද කියලා පරීක්ෂා කිරීමයි.",Education,Not False,Consistent,consistent,"Title, description, and transcript discuss the same subject and supported detail.",false,SYN00022,SYN00022,0.186,0.138,0.474,synthetic-education-syn00022,new,,
SYN00347,SYN00347,https://synthetic.local/watch?v=SYN00347,අමාත්‍ය මණ්ඩලය ගැන official update - නව තීරණ,අමාත්‍ය මණ්ඩලය සම්බන්ධ නව තීරණ සහ මාධ්‍ය හමුවේ විස්තර ගැන සිංහල පැහැදිලි කිරීමක්.,"ගොඩක් අය අහන ප්‍රශ්නයක් වන අමාත්‍ය මණ්ඩලය ගැන මෙහි පැහැදිලි කරනවා. අවසානයේ viewers ලාට නිල update බලලා තීරණ ගන්න කියනවා. නව තීරණ ගැන කථිකයා පියවරෙන් පියවර පැහැදිලි කරයි. මෙය external fact check එකක් නොව title, description සහ transcript එක එකිනෙකට ගැළපෙනවාද කියලා බලන උදාහරණයක්. වැදගත්ම දෙය නම් claim එකට transcript එක තුළ ප්‍රමාණවත් support තියෙනවාද කියලා පරීක්ෂා කිරීමයි.",Politics,Not False,Consistent,consistent,"Title, description, and transcript discuss the same subject and supported detail.",false,SYN00347,SYN00347,0.143,0.113,0.312,synthetic-politics-syn00347,new,,
SYNNEG00328,SYNNEG00328,https://synthetic.local/watch?v=SYNNEG00328,දැන්ම බලන්න! mobile app නිසා ලංකාවම කම්පා වෙයි,මෙම video එක 100% තහවුරු වූ breaking news එකක් කියලා overclaim කරයි.,"මේ update එකේ ප්‍රධාන කරුණ mobile app සම්බන්ධයෙන් ලැබුණු තොරතුරුයි. මෙහිදී source ලෙස සඳහන් කරන්නේ දත්ත ආරක්ෂාව ගැන පැහැදිලි කිරීම යන්නයි. video එක පුරාම ප්‍රධාන අවධානය privacy update මතම තියෙනවා. මෙය external fact check එකක් නොව title, description සහ transcript එක එකිනෙකට ගැළපෙනවාද කියලා බලන උදාහරණයක්. වැදගත්ම දෙය නම් claim එකට transcript එක තුළ ප්‍රමාණවත් support තියෙනවාද කියලා පරීක්ෂා කිරීමයි.",Technology,False,Inconsistent,clickbait_overclaim,Metadata overclaims certainty while transcript is only a general discussion.,true,SYN00289,SYN00299,0.032,0.062,0.000,synthetic-technology-synneg00328,new,,
SYN00231,SYN00231,https://synthetic.local/watch?v=SYN00231,ජල සැපයුම ගැන official update - ගොවිබිම් සඳහා කාලසටහන,ජල සැපයුම සම්බන්ධ ගොවිබිම් සඳහා කාලසටහන සහ ප්‍රදේශ අනුව ලබාදෙන ජල මුර ගැන සිංහල පැහැදිලි කිරීමක්.,"අද වීඩියෝවෙන් අපි කතා කරන්නේ ජල සැපයුම ගැනයි. අවසානයේ viewers ලාට නිල update බලලා තීරණ ගන්න කියනවා. ගොවිබිම් සඳහා කාලසටහන ගැන කථිකයා පියවරෙන් පියවර පැහැදිලි කරයි. මෙය external fact check එකක් නොව title, description සහ transcript එක එකිනෙකට ගැළපෙනවාද කියලා බලන උදාහරණයක්. වැදගත්ම දෙය නම් claim එකට transcript එක තුළ ප්‍රමාණවත් support තියෙනවාද කියලා පරීක්ෂා කිරීමයි.",Agriculture,Not False,Consistent,consistent,"Title, description, and transcript discuss the same subject and supported detail.",false,SYN00231,SYN00231,0.158,0.141,0.316,synthetic-agriculture-syn00231,new,,
SYN00254,SYN00254,https://synthetic.local/watch?v=SYN00254,රන් මිල ගැන official update - අද වෙළඳපොළ තත්ත්වය,රන් මිල සම්බන්ධ අද වෙළඳපොළ තත්ත්වය සහ මිල වෙනස්වීමට හේතු ගැන සිංහල පැහැදිලි කිරීමක්.,"ගොඩක් අය අහන ප්‍රශ්නයක් වන රන් මිල ගැන මෙහි පැහැදිලි කරනවා. video එක පුරාම ප්‍රධාන අවධානය අද වෙළඳපොළ තත්ත්වය මතම තියෙනවා. අවසානයේ viewers ලාට නිල update බලලා තීරණ ගන්න කියනවා. මෙය external fact check එකක් නොව title, description සහ transcript එක එකිනෙකට ගැළපෙනවාද කියලා බලන උදාහරණයක්. වැදගත්ම දෙය නම් claim එකට transcript එක තුළ ප්‍රමාණවත් support තියෙනවාද කියලා පරීක්ෂා කිරීමයි.",Finance,Not False,Consistent,consistent,"Title, description, and transcript discuss the same subject and supported detail.",false,SYN00254,SYN00254,0.150,0.123,0.375,synthetic-finance-syn00254,new,,
SYN00124,SYN00124,https://synthetic.local/watch?v=SYN00124,බැංකු loan ගැන official update - පොලී අනුපාත update,බැංකු loan සම්බන්ධ පොලී අනුපාත update සහ අයදුම් කිරීමේ කොන්දේසි ගැන සිංහල පැහැදිලි කිරීමක්.,"මේ update එකේ ප්‍රධාන කරුණ බැංකු loan සම්බන්ධයෙන් ලැබුණු තොරතුරුයි. පොලී අනුපාත update ගැන කථිකයා පියවරෙන් පියවර පැහැදිලි කරයි. මෙහිදී source ලෙස සඳහන් කරන්නේ අයදුම් කිරීමේ කොන්දේසි යන්නයි. මෙය external fact check එකක් නොව title, description සහ transcript එක එකිනෙකට ගැළපෙනවාද කියලා බලන උදාහරණයක්. වැදගත්ම දෙය නම් claim එකට transcript එක තුළ ප්‍රමාණවත් support තියෙනවාද කියලා පරීක්ෂා කිරීමයි.",Finance,Not False,Consistent,consistent,"Title, description, and transcript discuss the same subject and supported detail.",false,SYN00124,SYN00124,0.119,0.197,0.438,synthetic-finance-syn00124,new,,
SYN00463,SYN00463,https://synthetic.local/watch?v=SYN00463,ටෙලි නාට්‍යය ගැන official update - අලුත් episode,ටෙලි නාට්‍යය සම්බන්ධ අලුත් episode සහ කතාවේ ඉදිරි වෙනස්කම් ගැන සිංහල පැහැදිලි කිරීමක්.,"මේ update එකේ ප්‍රධාන කරුණ ටෙලි නාට්‍යය සම්බන්ධයෙන් ලැබුණු තොරතුරුයි. අවසානයේ viewers ලාට නිල update බලලා තීරණ ගන්න කියනවා. අලුත් episode ගැන කථිකයා පියවරෙන් පියවර පැහැදිලි කරයි. මෙය external fact check එකක් නොව title, description සහ transcript එක එකිනෙකට ගැළපෙනවාද කියලා බලන උදාහරණයක්. වැදගත්ම දෙය නම් claim එකට transcript එක තුළ ප්‍රමාණවත් support තියෙනවාද කියලා පරීක්ෂා කිරීමයි.",Entertainment,Not False,Consistent,consistent,"Title, description, and transcript discuss the same subject and supported detail.",false,SYN00463,SYN00463,0.158,0.127,0.353,synthetic-entertainment-syn00463,new,,
SYNNEG00030,SYNNEG00030,https://synthetic.local/watch?v=SYNNEG00030,එළවළු මිල ගැන official update - වෙළඳපොළ update,එළවළු මිල සම්බන්ධ වෙළඳපොළ update සහ කොළඹ සහ දඹුල්ල මිල වෙනස්වීම් ගැන සිංහල පැහැදිලි කිරීමක්.,"ගොඩක් අය අහන ප්‍රශ්නයක් වන ජල සැපයුම ගැන මෙහි පැහැදිලි කරනවා. අවසානයේ viewers ලාට නිල update බලලා තීරණ ගන්න කියනවා. ගොවිබිම් සඳහා කාලසටහන ගැන කථිකයා පියවරෙන් පියවර පැහැදිලි කරයි. මෙය external fact check එකක් නොව title, description සහ transcript එක එකිනෙකට ගැළපෙනවාද කියලා බලන උදාහරණයක්. වැදගත්ම දෙය නම් claim එකට transcript එක තුළ ප්‍රමාණවත් support තියෙනවාද කියලා පරීක්ෂා කිරීමයි.",Agriculture,False,Inconsistent,same_topic_swap,Same-topic hard negative: metadata and transcript are from different synthetic videos.,true,SYN00301,SYN00311,0.066,0.075,0.400,synthetic-agriculture-synneg00030,new,,
SYN00449,SYN00449,https://synthetic.local/watch?v=SYN00449,mobile app ගැන official update - privacy update,mobile app සම්බන්ධ privacy update සහ දත්ත ආරක්ෂාව ගැන පැහැදිලි කිරීම ගැන සිංහල පැහැදිලි කිරීමක්.,"ගොඩක් අය අහන ප්‍රශ්නයක් වන mobile app ගැන මෙහි පැහැදිලි කරනවා. මෙහිදී source ලෙස සඳහන් කරන්නේ දත්ත ආරක්ෂාව ගැන පැහැදිලි කිරීම යන්නයි. video එක පුරාම ප්‍රධාන අවධානය privacy update මතම තියෙනවා. මෙය external fact check එකක් නොව title, description සහ transcript එක එකිනෙකට ගැළපෙනවාද කියලා බලන උදාහරණයක්. වැදගත්ම දෙය නම් claim එකට transcript එක තුළ ප්‍රමාණවත් support තියෙනවාද කියලා පරීක්ෂා කිරීමයි.",Technology,Not False,Consistent,consistent,"Title, description, and transcript discuss the same subject and supported detail.",false,SYN00449,SYN00449,0.100,0.161,0.429,synthetic-technology-syn00449,new,,
SYNNEG00332,SYNNEG00332,https://synthetic.local/watch?v=SYNNEG00332,නව චිත්‍රපටය ගැන official update - release දිනය,"නව චිත්‍රපටය ගැන සියලු official ලේඛන, නම් ලැයිස්තු, දිනයන් සහ රහස් තොරතුරු transcript එකේ සම්පූර්ණයෙන් ඇති බව කියයි.","ගොඩක් අය අහන ප්‍රශ්නයක් වන නව චිත්‍රපටය ගැන මෙහි පැහැදිලි කරනවා. අවසානයේ viewers ලාට නිල update බලලා තීරණ ගන්න කියනවා. release දිනය ගැන කථිකයා පියවරෙන් පියවර පැහැදිලි කරයි. මෙය external fact check එකක් නොව title, description සහ transcript එක එකිනෙකට ගැළපෙනවාද කියලා බලන උදාහරණයක්. වැදගත්ම දෙය නම් claim එකට transcript එක තුළ ප්‍රමාණවත් support තියෙනවාද කියලා පරීක්ෂා කිරීමයි.",Entertainment,False,Inconsistent,description_transcript_mismatch,Description promises detailed evidence that the transcript does not contain.,true,SYN00323,SYN00333,0.155,0.116,0.217,synthetic-entertainment-synneg00332,new,,
SYNNEG00472,SYNNEG00472,https://synthetic.local/watch?v=SYNNEG00472,ටෙලි නාට්‍යය ගැන official update - අලුත් episode,"ටෙලි නාට්‍යය ගැන සියලු official ලේඛන, නම් ලැයිස්තු, දිනයන් සහ රහස් තොරතුරු transcript එකේ සම්පූර්ණයෙන් ඇති බව කියයි.","මේ update එකේ ප්‍රධාන කරුණ ටෙලි නාට්‍යය සම්බන්ධයෙන් ලැබුණු තොරතුරුයි. අවසානයේ viewers ලාට නිල update බලලා තීරණ ගන්න කියනවා. අලුත් episode ගැන කථිකයා පියවරෙන් පියවර පැහැදිලි කරයි. මෙය external fact check එකක් නොව title, description සහ transcript එක එකිනෙකට ගැළපෙනවාද කියලා බලන උදාහරණයක්. වැදගත්ම දෙය නම් claim එකට transcript එක තුළ ප්‍රමාණවත් support තියෙනවාද කියලා පරීක්ෂා කිරීමයි.",Entertainment,False,Inconsistent,description_transcript_mismatch,Description promises detailed evidence that the transcript does not contain.,true,SYN00223,SYN00233,0.158,0.134,0.217,synthetic-entertainment-synneg00472,new,,
SYNNEG00188,SYNNEG00188,https://synthetic.local/watch?v=SYNNEG00188,දැන්ම බලන්න! Facebook account නිසා ලංකාවම කම්පා වෙයි,මෙම video එක 100% තහවුරු වූ breaking news එකක් කියලා overclaim කරයි.,"ගොඩක් අය අහන ප්‍රශ්නයක් වන Facebook account ගැන මෙහි පැහැදිලි කරනවා. මෙහිදී source ලෙස සඳහන් කරන්නේ password ආරක්ෂාව යන්නයි. video එක පුරාම ප්‍රධාන අවධානය security warning මතම තියෙනවා. මෙය external fact check එකක් නොව title, description සහ transcript එක එකිනෙකට ගැළපෙනවාද කියලා බලන උදාහරණයක්. වැදගත්ම දෙය නම් claim එකට transcript එක තුළ ප්‍රමාණවත් support තියෙනවාද කියලා පරීක්ෂා කිරීමයි.",Technology,False,Inconsistent,clickbait_overclaim,Metadata overclaims certainty while transcript is only a general discussion.,true,SYN00389,SYN00399,0.031,0.060,0.000,synthetic-technology-synneg00188,new,,
SYNNEG00345,SYNNEG00345,https://synthetic.local/watch?v=SYNNEG00345,දියවැඩියාව ගැන official update - ආහාර පාලන ක්‍රම,දියවැඩියාව සම්බන්ධ ආහාර පාලන ක්‍රම සහ doctor පැහැදිලි කිරීම ගැන සිංහල පැහැදිලි කිරීමක්.,"මේ update එකේ ප්‍රධාන කරුණ උණ රෝගය සම්බන්ධයෙන් ලැබුණු තොරතුරුයි. video එක පුරාම ප්‍රධාන අවධානය ලක්ෂණ සහ ප්‍රතිකාර මතම තියෙනවා. අවසානයේ viewers ලාට නිල update බලලා තීරණ ගන්න කියනවා. මෙය external fact check එකක් නොව title, description සහ transcript එක එකිනෙකට ගැළපෙනවාද කියලා බලන උදාහරණයක්. වැදගත්ම දෙය නම් claim එකට transcript එක තුළ ප්‍රමාණවත් support තියෙනවාද කියලා පරීක්ෂා කිරීමයි.",Health,False,Inconsistent,same_topic_swap,Same-topic hard negative: metadata and transcript are from different synthetic videos.,true,SYN00456,SYN00466,0.049,0.030,0.438,synthetic-health-synneg00345,new,,
SYN00320,SYN00320,https://synthetic.local/watch?v=SYN00320,උෂ්ණත්වය ගැන official update - අද දවසේ වෙනස්වීම්,උෂ්ණත්වය සම්බන්ධ අද දවසේ වෙනස්වීම් සහ සෞඛ්‍ය උපදෙස් ගැන සිංහල පැහැදිලි කිරීමක්.,"ගොඩක් අය අහන ප්‍රශ්නයක් වන උෂ්ණත්වය ගැන මෙහි පැහැදිලි කරනවා. අද දවසේ වෙනස්වීම් ගැන කථිකයා පියවරෙන් පියවර පැහැදිලි කරයි. මෙහිදී source ලෙස සඳහන් කරන්නේ සෞඛ්‍ය උපදෙස් යන්නයි. මෙය external fact check එකක් නොව title, description සහ transcript එක එකිනෙකට ගැළපෙනවාද කියලා බලන උදාහරණයක්. වැදගත්ම දෙය නම් claim එකට transcript එක තුළ ප්‍රමාණවත් support තියෙනවාද කියලා පරීක්ෂා කිරීමයි.",Weather,Not False,Consistent,consistent,"Title, description, and transcript discuss the same subject and supported detail.",false,SYN00320,SYN00320,0.085,0.153,0.333,synthetic-weather-syn00320,new,,
SYNNEG00231,SYNNEG00231,https://synthetic.local/watch?v=SYNNEG00231,ඔවුන් මේක සඟවනවා! ශිෂ්‍යත්ව exam ගැන සම්පූර්ණ ඇත්ත,ශිෂ්‍යත්ව exam සම්බන්ධ අයදුම්පත් දිනය සහ පාසල් මට්ටමේ දැනුම්දීම් ගැන සිංහල පැහැදිලි කිරීමක්.,"අද වීඩියෝවෙන් අපි කතා කරන්නේ ශිෂ්‍යත්ව exam ගැනයි. අයදුම්පත් දිනය ගැන කථිකයා පියවරෙන් පියවර පැහැදිලි කරයි. මෙහිදී source ලෙස සඳහන් කරන්නේ පාසල් මට්ටමේ දැනුම්දීම් යන්නයි. මෙය external fact check එකක් නොව title, description සහ transcript එක එකිනෙකට ගැළපෙනවාද කියලා බලන උදාහරණයක්. වැදගත්ම දෙය නම් claim එකට transcript එක තුළ ප්‍රමාණවත් support තියෙනවාද කියලා පරීක්ෂා කිරීමයි.",Education,False,Inconsistent,title_transcript_mismatch,Title makes a stronger promise than the transcript supports.,true,SYN00312,SYN00322,0.066,0.186,0.211,synthetic-education-synneg00231,new,,
SYN00206,SYN00206,https://synthetic.local/watch?v=SYN00206,vaccine update ගැන official update - රෝහල් ලබාදෙන දිනය,vaccine update සම්බන්ධ රෝහල් ලබාදෙන දිනය සහ වෛද්‍යවරයාගේ උපදෙස් ගැන සිංහල පැහැදිලි කිරීමක්.,"ගොඩක් අය අහන ප්‍රශ්නයක් වන vaccine update ගැන මෙහි පැහැදිලි කරනවා. video එක පුරාම ප්‍රධාන අවධානය රෝහල් ලබාදෙන දිනය මතම තියෙනවා. අවසානයේ viewers ලාට නිල update බලලා තීරණ ගන්න කියනවා. මෙය external fact check එකක් නොව title, description සහ transcript එක එකිනෙකට ගැළපෙනවාද කියලා බලන උදාහරණයක්. වැදගත්ම දෙය නම් claim එකට transcript එක තුළ ප්‍රමාණවත් support තියෙනවාද කියලා පරීක්ෂා කිරීමයි.",Health,Not False,Consistent,consistent,"Title, description, and transcript discuss the same subject and supported detail.",false,SYN00206,SYN00206,0.136,0.138,0.438,synthetic-health-syn00206,new,,
SYNNEG00207,SYNNEG00207,https://synthetic.local/watch?v=SYNNEG00207,ආගමික උත්සවය ගැන official update - ගමනාගමන සැලැස්ම,"ආගමික උත්සවය ගැන සියලු official ලේඛන, නම් ලැයිස්තු, දිනයන් සහ රහස් තොරතුරු transcript එකේ සම්පූර්ණයෙන් ඇති බව කියයි.","අද වීඩියෝවෙන් අපි කතා කරන්නේ ආගමික උත්සවය ගැනයි. video එක පුරාම ප්‍රධාන අවධානය ගමනාගමන සැලැස්ම මතම තියෙනවා. අවසානයේ viewers ලාට නිල update බලලා තීරණ ගන්න කියනවා. මෙය external fact check එකක් නොව title, description සහ transcript එක එකිනෙකට ගැළපෙනවාද කියලා බලන උදාහරණයක්. වැදගත්ම දෙය නම් claim එකට transcript එක තුළ ප්‍රමාණවත් support තියෙනවාද කියලා පරීක්ෂා කිරීමයි.",Religion,False,Inconsistent,description_transcript_mismatch,Description promises detailed evidence that the transcript does not contain.,true,SYN00078,SYN00088,0.123,0.088,0.182,synthetic-religion-synneg00207,new,,
SYNNEG00439,SYNNEG00439,https://synthetic.local/watch?v=SYNNEG00439,උෂ්ණත්වය සම්බන්ධ නව තීරණයක්ද? ජනතාව අහන ප්‍රශ්න,උෂ්ණත්වය සම්බන්ධ අද දවසේ වෙනස්වීම් සහ සෞඛ්‍ය උපදෙස් ගැන සිංහල පැහැදිලි කිරීමක්.,"මේ update එකේ ප්‍රධාන කරුණ උෂ්ණත්වය සම්බන්ධයෙන් ලැබුණු තොරතුරුයි. අද දවසේ වෙනස්වීම් ගැන කථිකයා පියවරෙන් පියවර පැහැදිලි කරයි. මෙහිදී source ලෙස සඳහන් කරන්නේ සෞඛ්‍ය උපදෙස් යන්නයි. මෙය external fact check එකක් නොව title, description සහ transcript එක එකිනෙකට ගැළපෙනවාද කියලා බලන උදාහරණයක්. වැදගත්ම දෙය නම් claim එකට transcript එක තුළ ප්‍රමාණවත් support තියෙනවාද කියලා පරීක්ෂා කිරීමයි.",Weather,False,Inconsistent,weak_support,Transcript mentions the topic but does not support the main promised claim.,true,SYN00400,SYN00410,0.032,0.150,0.111,synthetic-weather-synneg00439,new,,
SYNNEG00285,SYNNEG00285,https://synthetic.local/watch?v=SYNNEG00285,medicine shortage ගැන official update - රෝහල් තත්ත්වය,medicine shortage සම්බන්ධ රෝහල් තත්ත්වය සහ නිල සැපයුම් update ගැන සිංහල පැහැදිලි කිරීමක්.,"අද වීඩියෝවෙන් අපි කතා කරන්නේ vaccine update ගැනයි. video එක පුරාම ප්‍රධාන අවධානය රෝහල් ලබාදෙන දිනය මතම තියෙනවා. අවසානයේ viewers ලාට නිල update බලලා තීරණ ගන්න කියනවා. මෙය external fact check එකක් නොව title, description සහ transcript එක එකිනෙකට ගැළපෙනවාද කියලා බලන උදාහරණයක්. වැදගත්ම දෙය නම් claim එකට transcript එක තුළ ප්‍රමාණවත් support තියෙනවාද කියලා පරීක්ෂා කිරීමයි.",Health,False,Inconsistent,same_topic_swap,Same-topic hard negative: metadata and transcript are from different synthetic videos.,true,SYN00356,SYN00366,0.067,0.077,0.571,synthetic-health-synneg00285,new,,
SYNNEG00367,SYNNEG00367,https://synthetic.local/watch?v=SYNNEG00367,ධර්ම දේශනාව ගැන official update - සජීවී වැඩසටහන,"ධර්ම දේශනාව ගැන සියලු official ලේඛන, නම් ලැයිස්තු, දිනයන් සහ රහස් තොරතුරු transcript එකේ සම්පූර්ණයෙන් ඇති බව කියයි.","මේ update එකේ ප්‍රධාන කරුණ ධර්ම දේශනාව සම්බන්ධයෙන් ලැබුණු තොරතුරුයි. video එක පුරාම ප්‍රධාන අවධානය සජීවී වැඩසටහන මතම තියෙනවා. අවසානයේ viewers ලාට නිල update බලලා තීරණ ගන්න කියනවා. මෙය external fact check එකක් නොව title, description සහ transcript එක එකිනෙකට ගැළපෙනවාද කියලා බලන උදාහරණයක්. වැදගත්ම දෙය නම් claim එකට transcript එක තුළ ප්‍රමාණවත් support තියෙනවාද කියලා පරීක්ෂා කිරීමයි.",Religion,False,Inconsistent,description_transcript_mismatch,Description promises detailed evidence that the transcript does not contain.,true,SYN00178,SYN00188,0.125,0.106,0.182,synthetic-religion-synneg00367,new,,
SYN00434,SYN00434,https://synthetic.local/watch?v=SYN00434,විදුලි බිල් සහනය ගැන official update - ගෙවීම් ක්‍රම,විදුලි බිල් සහනය සම්බන්ධ ගෙවීම් ක්‍රම සහ පාරිභෝගිකයින්ට උපදෙස් ගැන සිංහල පැහැදිලි කිරීමක්.,"ගොඩක් අය අහන ප්‍රශ්නයක් වන විදුලි බිල් සහනය ගැන මෙහි පැහැදිලි කරනවා. video එක පුරාම ප්‍රධාන අවධානය ගෙවීම් ක්‍රම මතම තියෙනවා. අවසානයේ viewers ලාට නිල update බලලා තීරණ ගන්න කියනවා. මෙය external fact check එකක් නොව title, description සහ transcript එක එකිනෙකට ගැළපෙනවාද කියලා බලන උදාහරණයක්. වැදගත්ම දෙය නම් claim එකට transcript එක තුළ ප්‍රමාණවත් support තියෙනවාද කියලා පරීක්ෂා කිරීමයි.",Finance,Not False,Consistent,consistent,"Title, description, and transcript discuss the same subject and supported detail.",false,SYN00434,SYN00434,0.164,0.136,0.412,synthetic-finance-syn00434,new,,
SYNNEG00122,SYNNEG00122,https://synthetic.local/watch?v=SYNNEG00122,ටෙලි නාට්‍යය ගැන official update - අලුත් episode,"ටෙලි නාට්‍යය ගැන සියලු official ලේඛන, නම් ලැයිස්තු, දිනයන් සහ රහස් තොරතුරු transcript එකේ සම්පූර්ණයෙන් ඇති බව කියයි.","මේ update එකේ ප්‍රධාන කරුණ ටෙලි නාට්‍යය සම්බන්ධයෙන් ලැබුණු තොරතුරුයි. අවසානයේ viewers ලාට නිල update බලලා තීරණ ගන්න කියනවා. අලුත් episode ගැන කථිකයා පියවරෙන් පියවර පැහැදිලි කරයි. මෙය external fact check එකක් නොව title, description සහ transcript එක එකිනෙකට ගැළපෙනවාද කියලා බලන උදාහරණයක්. වැදගත්ම දෙය නම් claim එකට transcript එක තුළ ප්‍රමාණවත් support තියෙනවාද කියලා පරීක්ෂා කිරීමයි.",Entertainment,False,Inconsistent,description_transcript_mismatch,Description promises detailed evidence that the transcript does not contain.,true,SYN00223,SYN00233,0.158,0.134,0.217,synthetic-entertainment-synneg00122,new,,
SYNNEG00041,SYNNEG00041,https://synthetic.local/watch?v=SYNNEG00041,දැන්ම බලන්න! පාසල් නිවාඩු නිසා ලංකාවම කම්පා වෙයි,පාසල් නිවාඩු සම්බන්ධ කාලසටහන් වෙනස්වීම සහ අධ්‍යාපන අමාත්‍යාංශ update ගැන සිංහල පැහැදිලි කිරීමක්.,"මේ update එකේ ප්‍රධාන කරුණ පාසල් නිවාඩු සම්බන්ධයෙන් ලැබුණු තොරතුරුයි. කාලසටහන් වෙනස්වීම ගැන කථිකයා පියවරෙන් පියවර පැහැදිලි කරයි. මෙහිදී source ලෙස සඳහන් කරන්නේ අධ්‍යාපන අමාත්‍යාංශ update යන්නයි. මෙය external fact check එකක් නොව title, description සහ transcript එක එකිනෙකට ගැළපෙනවාද කියලා බලන උදාහරණයක්. වැදගත්ම දෙය නම් claim එකට transcript එක තුළ ප්‍රමාණවත් support තියෙනවාද කියලා පරීක්ෂා කිරීමයි.",Education,False,Inconsistent,title_transcript_mismatch,Title makes a stronger promise than the transcript supports.,true,SYN00412,SYN00422,0.031,0.210,0.091,synthetic-education-synneg00041,new,,
SYNNEG00356,SYNNEG00356,https://synthetic.local/watch?v=SYNNEG00356,Breaking! අමාත්‍ය මණ්ඩලය ගැන කවුරුත් නොකියන භයානක රහස,අමාත්‍ය මණ්ඩලය සම්බන්ධ නව තීරණ සහ මාධ්‍ය හමුවේ විස්තර ගැන සිංහල පැහැදිලි කිරීමක්.,"මේ update එකේ ප්‍රධාන කරුණ අමාත්‍ය මණ්ඩලය සම්බන්ධයෙන් ලැබුණු තොරතුරුයි. අවසානයේ viewers ලාට නිල update බලලා තීරණ ගන්න කියනවා. නව තීරණ ගැන කථිකයා පියවරෙන් පියවර පැහැදිලි කරයි. මෙය external fact check එකක් නොව title, description සහ transcript එක එකිනෙකට ගැළපෙනවාද කියලා බලන උදාහරණයක්. වැදගත්ම දෙය නම් claim එකට transcript එක තුළ ප්‍රමාණවත් support තියෙනවාද කියලා පරීක්ෂා කිරීමයි.",Politics,False,Inconsistent,title_transcript_mismatch,Title makes a stronger promise than the transcript supports.,true,SYN00067,SYN00077,0.050,0.115,0.167,synthetic-politics-synneg00356,new,,
SYN00170,SYN00170,https://synthetic.local/watch?v=SYN00170,වැසි තත්ත්වය ගැන official update - කාලගුණ warning,වැසි තත්ත්වය සම්බන්ධ කාලගුණ warning සහ දිස්ත්‍රික්ක අනුව අනාවැකි ගැන සිංහල පැහැදිලි කිරීමක්.,"ගොඩක් අය අහන ප්‍රශ්නයක් වන වැසි තත්ත්වය ගැන මෙහි පැහැදිලි කරනවා. video එක පුරාම ප්‍රධාන අවධානය කාලගුණ warning මතම තියෙනවා. අවසානයේ viewers ලාට නිල update බලලා තීරණ ගන්න කියනවා. මෙය external fact check එකක් නොව title, description සහ transcript එක එකිනෙකට ගැළපෙනවාද කියලා බලන උදාහරණයක්. වැදගත්ම දෙය නම් claim එකට transcript එක තුළ ප්‍රමාණවත් support තියෙනවාද කියලා පරීක්ෂා කිරීමයි.",Weather,Not False,Consistent,consistent,"Title, description, and transcript discuss the same subject and supported detail.",false,SYN00170,SYN00170,0.150,0.119,0.333,synthetic-weather-syn00170,new,,
SYNNEG00063,SYNNEG00063,https://synthetic.local/watch?v=SYNNEG00063,Breaking! රන් මිල ගැන කවුරුත් නොකියන භයානක රහස,මෙම video එක 100% තහවුරු වූ breaking news එකක් කියලා overclaim කරයි.,"ගොඩක් අය අහන ප්‍රශ්නයක් වන රන් මිල ගැන මෙහි පැහැදිලි කරනවා. video එක පුරාම ප්‍රධාන අවධානය අද වෙළඳපොළ තත්ත්වය මතම තියෙනවා. අවසානයේ viewers ලාට නිල update බලලා තීරණ ගන්න කියනවා. මෙය external fact check එකක් නොව title, description සහ transcript එක එකිනෙකට ගැළපෙනවාද කියලා බලන උදාහරණයක්. වැදගත්ම දෙය නම් claim එකට transcript එක තුළ ප්‍රමාණවත් support තියෙනවාද කියලා පරීක්ෂා කිරීමයි.",Finance,False,Inconsistent,clickbait_overclaim,Metadata overclaims certainty while transcript is only a general discussion.,true,SYN00134,SYN00144,0.046,0.059,0.000,synthetic-finance-synneg00063,new,,
SYN00487,SYN00487,https://synthetic.local/watch?v=SYN00487,පාර්ලිමේන්තු විවාදය ගැන official update - අද තීරණය,පාර්ලිමේන්තු විවාදය සම්බන්ධ අද තීරණය සහ මන්ත්‍රීවරුන්ගේ අදහස් ගැන සිංහල පැහැදිලි කිරීමක්.,"මේ update එකේ ප්‍රධාන කරුණ පාර්ලිමේන්තු විවාදය සම්බන්ධයෙන් ලැබුණු තොරතුරුයි. අවසානයේ viewers ලාට නිල update බලලා තීරණ ගන්න කියනවා. අද තීරණය ගැන කථිකයා පියවරෙන් පියවර පැහැදිලි කරයි. මෙය external fact check එකක් නොව title, description සහ transcript එක එකිනෙකට ගැළපෙනවාද කියලා බලන උදාහරණයක්. වැදගත්ම දෙය නම් claim එකට transcript එක තුළ ප්‍රමාණවත් support තියෙනවාද කියලා පරීක්ෂා කිරීමයි.",Politics,Not False,Consistent,consistent,"Title, description, and transcript discuss the same subject and supported detail.",false,SYN00487,SYN00487,0.143,0.113,0.312,synthetic-politics-syn00487,new,,
SYNNEG00176,SYNNEG00176,https://synthetic.local/watch?v=SYNNEG00176,Breaking! අමාත්‍ය මණ්ඩලය ගැන කවුරුත් නොකියන භයානක රහස,අමාත්‍ය මණ්ඩලය සම්බන්ධ නව තීරණ සහ මාධ්‍ය හමුවේ විස්තර ගැන සිංහල පැහැදිලි කිරීමක්.,"අද වීඩියෝවෙන් අපි කතා කරන්නේ අමාත්‍ය මණ්ඩලය ගැනයි. අවසානයේ viewers ලාට නිල update බලලා තීරණ ගන්න කියනවා. නව තීරණ ගැන කථිකයා පියවරෙන් පියවර පැහැදිලි කරයි. මෙය external fact check එකක් නොව title, description සහ transcript එක එකිනෙකට ගැළපෙනවාද කියලා බලන උදාහරණයක්. වැදගත්ම දෙය නම් claim එකට transcript එක තුළ ප්‍රමාණවත් support තියෙනවාද කියලා පරීක්ෂා කිරීමයි.",Politics,False,Inconsistent,title_transcript_mismatch,Title makes a stronger promise than the transcript supports.,true,SYN00267,SYN00277,0.050,0.115,0.167,synthetic-politics-synneg00176,new,,
SYN00132,SYN00132,https://synthetic.local/watch?v=SYN00132,පාසල් නිවාඩු ගැන official update - කාලසටහන් වෙනස්වීම,පාසල් නිවාඩු සම්බන්ධ කාලසටහන් වෙනස්වීම සහ අධ්‍යාපන අමාත්‍යාංශ update ගැන සිංහල පැහැදිලි කිරීමක්.,"අද වීඩියෝවෙන් අපි කතා කරන්නේ පාසල් නිවාඩු ගැනයි. කාලසටහන් වෙනස්වීම ගැන කථිකයා පියවරෙන් පියවර පැහැදිලි කරයි. මෙහිදී source ලෙස සඳහන් කරන්නේ අධ්‍යාපන අමාත්‍යාංශ update යන්නයි. මෙය external fact check එකක් නොව title, description සහ transcript එක එකිනෙකට ගැළපෙනවාද කියලා බලන උදාහරණයක්. වැදගත්ම දෙය නම් claim එකට transcript එක තුළ ප්‍රමාණවත් support තියෙනවාද කියලා පරීක්ෂා කිරීමයි.",Education,Not False,Consistent,consistent,"Title, description, and transcript discuss the same subject and supported detail.",false,SYN00132,SYN00132,0.119,0.213,0.412,synthetic-education-syn00132,new,,
SYN00129,SYN00129,https://synthetic.local/watch?v=SYN00129,mobile app ගැන official update - privacy update,mobile app සම්බන්ධ privacy update සහ දත්ත ආරක්ෂාව ගැන පැහැදිලි කිරීම ගැන සිංහල පැහැදිලි කිරීමක්.,"අද වීඩියෝවෙන් අපි කතා කරන්නේ mobile app ගැනයි. මෙහිදී source ලෙස සඳහන් කරන්නේ දත්ත ආරක්ෂාව ගැන පැහැදිලි කිරීම යන්නයි. video එක පුරාම ප්‍රධාන අවධානය privacy update මතම තියෙනවා. මෙය external fact check එකක් නොව title, description සහ transcript එක එකිනෙකට ගැළපෙනවාද කියලා බලන උදාහරණයක්. වැදගත්ම දෙය නම් claim එකට transcript එක තුළ ප්‍රමාණවත් support තියෙනවාද කියලා පරීක්ෂා කිරීමයි.",Technology,Not False,Consistent,consistent,"Title, description, and transcript discuss the same subject and supported detail.",false,SYN00129,SYN00129,0.103,0.167,0.429,synthetic-technology-syn00129,new,,
SYNNEG00046,SYNNEG00046,https://synthetic.local/watch?v=SYNNEG00046,100% තහවුරුයි! අමාත්‍ය මණ්ඩලය ගැන official තීරණය එළියට,අමාත්‍ය මණ්ඩලය සම්බන්ධ නව තීරණ සහ මාධ්‍ය හමුවේ විස්තර ගැන සිංහල පැහැදිලි කිරීමක්.,"ගොඩක් අය අහන ප්‍රශ්නයක් වන අමාත්‍ය මණ්ඩලය ගැන මෙහි පැහැදිලි කරනවා. අවසානයේ viewers ලාට නිල update බලලා තීරණ ගන්න කියනවා. නව තීරණ ගැන කථිකයා පියවරෙන් පියවර පැහැදිලි කරයි. මෙය external fact check එකක් නොව title, description සහ transcript එක එකිනෙකට ගැළපෙනවාද කියලා බලන උදාහරණයක්. වැදගත්ම දෙය නම් claim එකට transcript එක තුළ ප්‍රමාණවත් support තියෙනවාද කියලා පරීක්ෂා කිරීමයි.",Politics,False,Inconsistent,title_transcript_mismatch,Title makes a stronger promise than the transcript supports.,true,SYN00467,SYN00477,0.067,0.113,0.167,synthetic-politics-synneg00046,new,,
SYN00071,SYN00071,https://synthetic.local/watch?v=SYN00071,ජල සැපයුම ගැන official update - ගොවිබිම් සඳහා කාලසටහන,ජල සැපයුම සම්බන්ධ ගොවිබිම් සඳහා කාලසටහන සහ ප්‍රදේශ අනුව ලබාදෙන ජල මුර ගැන සිංහල පැහැදිලි කිරීමක්.,"ගොඩක් අය අහන ප්‍රශ්නයක් වන ජල සැපයුම ගැන මෙහි පැහැදිලි කරනවා. අවසානයේ viewers ලාට නිල update බලලා තීරණ ගන්න කියනවා. ගොවිබිම් සඳහා කාලසටහන ගැන කථිකයා පියවරෙන් පියවර පැහැදිලි කරයි. මෙය external fact check එකක් නොව title, description සහ transcript එක එකිනෙකට ගැළපෙනවාද කියලා බලන උදාහරණයක්. වැදගත්ම දෙය නම් claim එකට transcript එක තුළ ප්‍රමාණවත් support තියෙනවාද කියලා පරීක්ෂා කිරීමයි.",Agriculture,Not False,Consistent,consistent,"Title, description, and transcript discuss the same subject and supported detail.",false,SYN00071,SYN00071,0.155,0.138,0.316,synthetic-agriculture-syn00071,new,,
SYN00498,SYN00498,https://synthetic.local/watch?v=SYN00498,ධර්ම දේශනාව ගැන official update - සජීවී වැඩසටහන,ධර්ම දේශනාව සම්බන්ධ සජීවී වැඩසටහන සහ භික්ෂූන් වහන්සේගේ පැහැදිලි කිරීම ගැන සිංහල පැහැදිලි කිරීමක්.,"අද වීඩියෝවෙන් අපි කතා කරන්නේ ධර්ම දේශනාව ගැනයි. video එක පුරාම ප්‍රධාන අවධානය සජීවී වැඩසටහන මතම තියෙනවා. අවසානයේ viewers ලාට නිල update බලලා තීරණ ගන්න කියනවා. මෙය external fact check එකක් නොව title, description සහ transcript එක එකිනෙකට ගැළපෙනවාද කියලා බලන උදාහරණයක්. වැදගත්ම දෙය නම් claim එකට transcript එක තුළ ප්‍රමාණවත් support තියෙනවාද කියලා පරීක්ෂා කිරීමයි.",Religion,Not False,Consistent,consistent,"Title, description, and transcript discuss the same subject and supported detail.",false,SYN00498,SYN00498,0.123,0.095,0.400,synthetic-religion-syn00498,new,,
SYNNEG00250,SYNNEG00250,https://synthetic.local/watch?v=SYNNEG00250,වී වගාව ගැන official update - පොහොර සහනාධාරය,වී වගාව සම්බන්ධ පොහොර සහනාධාරය සහ කෘෂිකර්ම නිලධාරීන්ගේ උපදෙස් ගැන සිංහල පැහැදිලි කිරීමක්.,"ගොඩක් අය අහන ප්‍රශ්නයක් වන තේ වගාව ගැන මෙහි පැහැදිලි කරනවා. අවසානයේ viewers ලාට නිල update බලලා තීරණ ගන්න කියනවා. නව රෝග පාලන ක්‍රම ගැන කථිකයා පියවරෙන් පියවර පැහැදිලි කරයි. මෙය external fact check එකක් නොව title, description සහ transcript එක එකිනෙකට ගැළපෙනවාද කියලා බලන උදාහරණයක්. වැදගත්ම දෙය නම් claim එකට transcript එක තුළ ප්‍රමාණවත් support තියෙනවාද කියලා පරීක්ෂා කිරීමයි.",Agriculture,False,Inconsistent,same_topic_swap,Same-topic hard negative: metadata and transcript are from different synthetic videos.,true,SYN00001,SYN00011,0.079,0.058,0.312,synthetic-agriculture-synneg00250,new,,
SYN00088,SYN00088,https://synthetic.local/watch?v=SYN00088,පොහොය වැඩසටහන ගැන official update - පන්සල් කාලසටහන,පොහොය වැඩසටහන සම්බන්ධ පන්සල් කාලසටහන සහ දායකයින්ට දැනුම්දීම ගැන සිංහල පැහැදිලි කිරීමක්.,"මේ update එකේ ප්‍රධාන කරුණ පොහොය වැඩසටහන සම්බන්ධයෙන් ලැබුණු තොරතුරුයි. පන්සල් කාලසටහන ගැන කථිකයා පියවරෙන් පියවර පැහැදිලි කරයි. මෙහිදී source ලෙස සඳහන් කරන්නේ දායකයින්ට දැනුම්දීම යන්නයි. මෙය external fact check එකක් නොව title, description සහ transcript එක එකිනෙකට ගැළපෙනවාද කියලා බලන උදාහරණයක්. වැදගත්ම දෙය නම් claim එකට transcript එක තුළ ප්‍රමාණවත් support තියෙනවාද කියලා පරීක්ෂා කිරීමයි.",Religion,Not False,Consistent,consistent,"Title, description, and transcript discuss the same subject and supported detail.",false,SYN00088,SYN00088,0.121,0.150,0.333,synthetic-religion-syn00088,new,,
SYNNEG00434,SYNNEG00434,https://synthetic.local/watch?v=SYNNEG00434,gazette නිවේදනය ගැන හදිසි warning එකක්ද? අද තත්ත්වය,gazette නිවේදනය සම්බන්ධ නව නියමයන් සහ අදාළ දිනය සහ බලපෑම ගැන සිංහල පැහැදිලි කිරීමක්.,"අද වීඩියෝවෙන් අපි කතා කරන්නේ gazette නිවේදනය ගැනයි. මෙහිදී source ලෙස සඳහන් කරන්නේ අදාළ දිනය සහ බලපෑම යන්නයි. video එක පුරාම ප්‍රධාන අවධානය නව නියමයන් මතම තියෙනවා. මෙය external fact check එකක් නොව title, description සහ transcript එක එකිනෙකට ගැළපෙනවාද කියලා බලන උදාහරණයක්. වැදගත්ම දෙය නම් claim එකට transcript එක තුළ ප්‍රමාණවත් support තියෙනවාද කියලා පරීක්ෂා කිරීමයි.",Government,False,Inconsistent,weak_support,Transcript mentions the topic but does not support the main promised claim.,true,SYN00345,SYN00355,0.049,0.133,0.158,synthetic-government-synneg00434,new,,
SYNNEG00366,SYNNEG00366,https://synthetic.local/watch?v=SYNNEG00366,100% තහවුරුයි! පාර්ලිමේන්තු විවාදය ගැන official තීරණය එළියට,පාර්ලිමේන්තු විවාදය සම්බන්ධ අද තීරණය සහ මන්ත්‍රීවරුන්ගේ අදහස් ගැන සිංහල පැහැදිලි කිරීමක්.,"ගොඩක් අය අහන ප්‍රශ්නයක් වන පාර්ලිමේන්තු විවාදය ගැන මෙහි පැහැදිලි කරනවා. අවසානයේ viewers ලාට නිල update බලලා තීරණ ගන්න කියනවා. අද තීරණය ගැන කථිකයා පියවරෙන් පියවර පැහැදිලි කරයි. මෙය external fact check එකක් නොව title, description සහ transcript එක එකිනෙකට ගැළපෙනවාද කියලා බලන උදාහරණයක්. වැදගත්ම දෙය නම් claim එකට transcript එක තුළ ප්‍රමාණවත් support තියෙනවාද කියලා පරීක්ෂා කිරීමයි.",Politics,False,Inconsistent,title_transcript_mismatch,Title makes a stronger promise than the transcript supports.,true,SYN00167,SYN00177,0.083,0.111,0.235,synthetic-politics-synneg00366,new,,
SYN00247,SYN00247,https://synthetic.local/watch?v=SYN00247,පාර්ලිමේන්තු විවාදය ගැන official update - අද තීරණය,පාර්ලිමේන්තු විවාදය සම්බන්ධ අද තීරණය සහ මන්ත්‍රීවරුන්ගේ අදහස් ගැන සිංහල පැහැදිලි කිරීමක්.,"මේ update එකේ ප්‍රධාන කරුණ පාර්ලිමේන්තු විවාදය සම්බන්ධයෙන් ලැබුණු තොරතුරුයි. අවසානයේ viewers ලාට නිල update බලලා තීරණ ගන්න කියනවා. අද තීරණය ගැන කථිකයා පියවරෙන් පියවර පැහැදිලි කරයි. මෙය external fact check එකක් නොව title, description සහ transcript එක එකිනෙකට ගැළපෙනවාද කියලා බලන උදාහරණයක්. වැදගත්ම දෙය නම් claim එකට transcript එක තුළ ප්‍රමාණවත් support තියෙනවාද කියලා පරීක්ෂා කිරීමයි.",Politics,Not False,Consistent,consistent,"Title, description, and transcript discuss the same subject and supported detail.",false,SYN00247,SYN00247,0.143,0.113,0.312,synthetic-politics-syn00247,new,,
SYN00060,SYN00060,https://synthetic.local/watch?v=SYN00060,සුළි කුණාටු අවදානම ගැන official update - official forecast,සුළි කුණාටු අවදානම සම්බන්ධ official forecast සහ මුහුදු ප්‍රදේශ අනතුරු ඇඟවීම ගැන සිංහල පැහැදිලි කිරීමක්.,"අද වීඩියෝවෙන් අපි කතා කරන්නේ සුළි කුණාටු අවදානම ගැනයි. official forecast ගැන කථිකයා පියවරෙන් පියවර පැහැදිලි කරයි. මෙහිදී source ලෙස සඳහන් කරන්නේ මුහුදු ප්‍රදේශ අනතුරු ඇඟවීම යන්නයි. මෙය external fact check එකක් නොව title, description සහ transcript එක එකිනෙකට ගැළපෙනවාද කියලා බලන උදාහරණයක්. වැදගත්ම දෙය නම් claim එකට transcript එක තුළ ප්‍රමාණවත් support තියෙනවාද කියලා පරීක්ෂා කිරීමයි.",Weather,Not False,Consistent,consistent,"Title, description, and transcript discuss the same subject and supported detail.",false,SYN00060,SYN00060,0.102,0.217,0.333,synthetic-weather-syn00060,new,,
SYN00246,SYN00246,https://synthetic.local/watch?v=SYN00246,vaccine update ගැන official update - රෝහල් ලබාදෙන දිනය,vaccine update සම්බන්ධ රෝහල් ලබාදෙන දිනය සහ වෛද්‍යවරයාගේ උපදෙස් ගැන සිංහල පැහැදිලි කිරීමක්.,"අද වීඩියෝවෙන් අපි කතා කරන්නේ vaccine update ගැනයි. video එක පුරාම ප්‍රධාන අවධානය රෝහල් ලබාදෙන දිනය මතම තියෙනවා. අවසානයේ viewers ලාට නිල update බලලා තීරණ ගන්න කියනවා. මෙය external fact check එකක් නොව title, description සහ transcript එක එකිනෙකට ගැළපෙනවාද කියලා බලන උදාහරණයක්. වැදගත්ම දෙය නම් claim එකට transcript එක තුළ ප්‍රමාණවත් support තියෙනවාද කියලා පරීක්ෂා කිරීමයි.",Health,Not False,Consistent,consistent,"Title, description, and transcript discuss the same subject and supported detail.",false,SYN00246,SYN00246,0.123,0.109,0.438,synthetic-health-syn00246,new,,
SYN00315,SYN00315,https://synthetic.local/watch?v=SYN00315,රජයේ job ගැන official update - අයදුම්පත් කැඳවීම,රජයේ job සම්බන්ධ අයදුම්පත් කැඳවීම සහ සුදුසුකම් සහ අවසන් දිනය ගැන සිංහල පැහැදිලි කිරීමක්.,"අද වීඩියෝවෙන් අපි කතා කරන්නේ රජයේ job ගැනයි. අවසානයේ viewers ලාට නිල update බලලා තීරණ ගන්න කියනවා. අයදුම්පත් කැඳවීම ගැන කථිකයා පියවරෙන් පියවර පැහැදිලි කරයි. මෙය external fact check එකක් නොව title, description සහ transcript එක එකිනෙකට ගැළපෙනවාද කියලා බලන උදාහරණයක්. වැදගත්ම දෙය නම් claim එකට transcript එක තුළ ප්‍රමාණවත් support තියෙනවාද කියලා පරීක්ෂා කිරීමයි.",Government,Not False,Consistent,consistent,"Title, description, and transcript discuss the same subject and supported detail.",false,SYN00315,SYN00315,0.143,0.113,0.312,synthetic-government-syn00315,new,,
SYN00372,SYN00372,https://synthetic.local/watch?v=SYN00372,පාසල් නිවාඩු ගැන official update - කාලසටහන් වෙනස්වීම,පාසල් නිවාඩු සම්බන්ධ කාලසටහන් වෙනස්වීම සහ අධ්‍යාපන අමාත්‍යාංශ update ගැන සිංහල පැහැදිලි කිරීමක්.,"අද වීඩියෝවෙන් අපි කතා කරන්නේ පාසල් නිවාඩු ගැනයි. කාලසටහන් වෙනස්වීම ගැන කථිකයා පියවරෙන් පියවර පැහැදිලි කරයි. මෙහිදී source ලෙස සඳහන් කරන්නේ අධ්‍යාපන අමාත්‍යාංශ update යන්නයි. මෙය external fact check එකක් නොව title, description සහ transcript එක එකිනෙකට ගැළපෙනවාද කියලා බලන උදාහරණයක්. වැදගත්ම දෙය නම් claim එකට transcript එක තුළ ප්‍රමාණවත් support තියෙනවාද කියලා පරීක්ෂා කිරීමයි.",Education,Not False,Consistent,consistent,"Title, description, and transcript discuss the same subject and supported detail.",false,SYN00372,SYN00372,0.119,0.213,0.412,synthetic-education-syn00372,new,,
SYNNEG00309,SYNNEG00309,https://synthetic.local/watch?v=SYNNEG00309,සුළි කුණාටු අවදානම ගැන ලොකු වෙනසක්? සම්පූර්ණ update මෙන්න,සුළි කුණාටු අවදානම සම්බන්ධ official forecast සහ මුහුදු ප්‍රදේශ අනතුරු ඇඟවීම ගැන සිංහල පැහැදිලි කිරීමක්.,"මේ update එකේ ප්‍රධාන කරුණ සුළි කුණාටු අවදානම සම්බන්ධයෙන් ලැබුණු තොරතුරුයි. official forecast ගැන කථිකයා පියවරෙන් පියවර පැහැදිලි කරයි. මෙහිදී source ලෙස සඳහන් කරන්නේ මුහුදු ප්‍රදේශ අනතුරු ඇඟවීම යන්නයි. මෙය external fact check එකක් නොව title, description සහ transcript එක එකිනෙකට ගැළපෙනවාද කියලා බලන උදාහරණයක්. වැදගත්ම දෙය නම් claim එකට transcript එක තුළ ප්‍රමාණවත් support තියෙනවාද කියලා පරීක්ෂා කිරීමයි.",Weather,False,Inconsistent,weak_support,Transcript mentions the topic but does not support the main promised claim.,true,SYN00100,SYN00110,0.094,0.206,0.182,synthetic-weather-synneg00309,new,,
SYN00020,SYN00020,https://synthetic.local/watch?v=SYN00020,සුළි කුණාටු අවදානම ගැන official update - official forecast,සුළි කුණාටු අවදානම සම්බන්ධ official forecast සහ මුහුදු ප්‍රදේශ අනතුරු ඇඟවීම ගැන සිංහල පැහැදිලි කිරීමක්.,"ගොඩක් අය අහන ප්‍රශ්නයක් වන සුළි කුණාටු අවදානම ගැන මෙහි පැහැදිලි කරනවා. official forecast ගැන කථිකයා පියවරෙන් පියවර පැහැදිලි කරයි. මෙහිදී source ලෙස සඳහන් කරන්නේ මුහුදු ප්‍රදේශ අනතුරු ඇඟවීම යන්නයි. මෙය external fact check එකක් නොව title, description සහ transcript එක එකිනෙකට ගැළපෙනවාද කියලා බලන උදාහරණයක්. වැදගත්ම දෙය නම් claim එකට transcript එක තුළ ප්‍රමාණවත් support තියෙනවාද කියලා පරීක්ෂා කිරීමයි.",Weather,Not False,Consistent,consistent,"Title, description, and transcript discuss the same subject and supported detail.",false,SYN00020,SYN00020,0.098,0.210,0.333,synthetic-weather-syn00020,new,,
SYNNEG00001,SYNNEG00001,https://synthetic.local/watch?v=SYNNEG00001,දැන්ම බලන්න! පාසල් නිවාඩු නිසා ලංකාවම කම්පා වෙයි,පාසල් නිවාඩු සම්බන්ධ කාලසටහන් වෙනස්වීම සහ අධ්‍යාපන අමාත්‍යාංශ update ගැන සිංහල පැහැදිලි කිරීමක්.,"අද වීඩියෝවෙන් අපි කතා කරන්නේ පාසල් නිවාඩු ගැනයි. කාලසටහන් වෙනස්වීම ගැන කථිකයා පියවරෙන් පියවර පැහැදිලි කරයි. මෙහිදී source ලෙස සඳහන් කරන්නේ අධ්‍යාපන අමාත්‍යාංශ update යන්නයි. මෙය external fact check එකක් නොව title, description සහ transcript එක එකිනෙකට ගැළපෙනවාද කියලා බලන උදාහරණයක්. වැදගත්ම දෙය නම් claim එකට transcript එක තුළ ප්‍රමාණවත් support තියෙනවාද කියලා පරීක්ෂා කිරීමයි.",Education,False,Inconsistent,title_transcript_mismatch,Title makes a stronger promise than the transcript supports.,true,SYN00012,SYN00022,0.031,0.213,0.091,synthetic-education-synneg00001,new,,
SYN00332,SYN00332,https://synthetic.local/watch?v=SYN00332,පාසල් නිවාඩු ගැන official update - කාලසටහන් වෙනස්වීම,පාසල් නිවාඩු සම්බන්ධ කාලසටහන් වෙනස්වීම සහ අධ්‍යාපන අමාත්‍යාංශ update ගැන සිංහල පැහැදිලි කිරීමක්.,"ගොඩක් අය අහන ප්‍රශ්නයක් වන පාසල් නිවාඩු ගැන මෙහි පැහැදිලි කරනවා. කාලසටහන් වෙනස්වීම ගැන කථිකයා පියවරෙන් පියවර පැහැදිලි කරයි. මෙහිදී source ලෙස සඳහන් කරන්නේ අධ්‍යාපන අමාත්‍යාංශ update යන්නයි. මෙය external fact check එකක් නොව title, description සහ transcript එක එකිනෙකට ගැළපෙනවාද කියලා බලන උදාහරණයක්. වැදගත්ම දෙය නම් claim එකට transcript එක තුළ ප්‍රමාණවත් support තියෙනවාද කියලා පරීක්ෂා කිරීමයි.",Education,Not False,Consistent,consistent,"Title, description, and transcript discuss the same subject and supported detail.",false,SYN00332,SYN00332,0.115,0.206,0.412,synthetic-education-syn00332,new,,
SYNNEG00114,SYNNEG00114,https://synthetic.local/watch?v=SYNNEG00114,gazette නිවේදනය ගැන ලොකු වෙනසක්? සම්පූර්ණ update මෙන්න,gazette නිවේදනය සම්බන්ධ නව නියමයන් සහ අදාළ දිනය සහ බලපෑම ගැන සිංහල පැහැදිලි කිරීමක්.,"මේ update එකේ ප්‍රධාන කරුණ gazette නිවේදනය සම්බන්ධයෙන් ලැබුණු තොරතුරුයි. මෙහිදී source ලෙස සඳහන් කරන්නේ අදාළ දිනය සහ බලපෑම යන්නයි. video එක පුරාම ප්‍රධාන අවධානය නව නියමයන් මතම තියෙනවා. මෙය external fact check එකක් නොව title, description සහ transcript එක එකිනෙකට ගැළපෙනවාද කියලා බලන උදාහරණයක්. වැදගත්ම දෙය නම් claim එකට transcript එක තුළ ප්‍රමාණවත් support තියෙනවාද කියලා පරීක්ෂා කිරීමයි.",Government,False,Inconsistent,weak_support,Transcript mentions the topic but does not support the main promised claim.,true,SYN00145,SYN00155,0.065,0.129,0.158,synthetic-government-synneg00114,new,,
SYN00001,SYN00001,https://synthetic.local/watch?v=SYN00001,වී වගාව ගැන official update - පොහොර සහනාධාරය,වී වගාව සම්බන්ධ පොහොර සහනාධාරය සහ කෘෂිකර්ම නිලධාරීන්ගේ උපදෙස් ගැන සිංහල පැහැදිලි කිරීමක්.,"මේ update එකේ ප්‍රධාන කරුණ වී වගාව සම්බන්ධයෙන් ලැබුණු තොරතුරුයි. මෙහිදී source ලෙස සඳහන් කරන්නේ කෘෂිකර්ම නිලධාරීන්ගේ උපදෙස් යන්නයි. video එක පුරාම ප්‍රධාන අවධානය පොහොර සහනාධාරය මතම තියෙනවා. මෙය external fact check එකක් නොව title, description සහ transcript එක එකිනෙකට ගැළපෙනවාද කියලා බලන උදාහරණයක්. වැදගත්ම දෙය නම් claim එකට transcript එක තුළ ප්‍රමාණවත් support තියෙනවාද කියලා පරීක්ෂා කිරීමයි.",Agriculture,Not False,Consistent,consistent,"Title, description, and transcript discuss the same subject and supported detail.",false,SYN00001,SYN00001,0.102,0.129,0.312,synthetic-agriculture-syn00001,new,,
SYNNEG00044,SYNNEG00044,https://synthetic.local/watch?v=SYNNEG00044,රජයේ allowance ගැන හදිසි warning එකක්ද? අද තත්ත්වය,රජයේ allowance සම්බන්ධ official අයදුම් ක්‍රමය සහ ලැබිය යුතු පවුල් කාණ්ඩ ගැන සිංහල පැහැදිලි කිරීමක්.,"මේ update එකේ ප්‍රධාන කරුණ රජයේ allowance සම්බන්ධයෙන් ලැබුණු තොරතුරුයි. මෙහිදී source ලෙස සඳහන් කරන්නේ ලැබිය යුතු පවුල් කාණ්ඩ යන්නයි. video එක පුරාම ප්‍රධාන අවධානය official අයදුම් ක්‍රමය මතම තියෙනවා. මෙය external fact check එකක් නොව title, description සහ transcript එක එකිනෙකට ගැළපෙනවාද කියලා බලන උදාහරණයක්. වැදගත්ම දෙය නම් claim එකට transcript එක තුළ ප්‍රමාණවත් support තියෙනවාද කියලා පරීක්ෂා කිරීමයි.",Government,False,Inconsistent,weak_support,Transcript mentions the topic but does not support the main promised claim.,true,SYN00445,SYN00455,0.030,0.169,0.136,synthetic-government-synneg00044,new,,
SYNNEG00053,SYNNEG00053,https://synthetic.local/watch?v=SYNNEG00053,100% තහවුරුයි! විදුලි බිල් සහනය ගැන official තීරණය එළියට,මෙම video එක 100% තහවුරු වූ breaking news එකක් කියලා overclaim කරයි.,"මේ update එකේ ප්‍රධාන කරුණ විදුලි බිල් සහනය සම්බන්ධයෙන් ලැබුණු තොරතුරුයි. video එක පුරාම ප්‍රධාන අවධානය ගෙවීම් ක්‍රම මතම තියෙනවා. අවසානයේ viewers ලාට නිල update බලලා තීරණ ගන්න කියනවා. මෙය external fact check එකක් නොව title, description සහ transcript එක එකිනෙකට ගැළපෙනවාද කියලා බලන උදාහරණයක්. වැදගත්ම දෙය නම් claim එකට transcript එක තුළ ප්‍රමාණවත් support තියෙනවාද කියලා පරීක්ෂා කිරීමයි.",Finance,False,Inconsistent,clickbait_overclaim,Metadata overclaims certainty while transcript is only a general discussion.,true,SYN00034,SYN00044,0.065,0.062,0.050,synthetic-finance-synneg00053,new,,
SYN00166,SYN00166,https://synthetic.local/watch?v=SYN00166,vaccine update ගැන official update - රෝහල් ලබාදෙන දිනය,vaccine update සම්බන්ධ රෝහල් ලබාදෙන දිනය සහ වෛද්‍යවරයාගේ උපදෙස් ගැන සිංහල පැහැදිලි කිරීමක්.,"මේ update එකේ ප්‍රධාන කරුණ vaccine update සම්බන්ධයෙන් ලැබුණු තොරතුරුයි. video එක පුරාම ප්‍රධාන අවධානය රෝහල් ලබාදෙන දිනය මතම තියෙනවා. අවසානයේ viewers ලාට නිල update බලලා තීරණ ගන්න කියනවා. මෙය external fact check එකක් නොව title, description සහ transcript එක එකිනෙකට ගැළපෙනවාද කියලා බලන උදාහරණයක්. වැදගත්ම දෙය නම් claim එකට transcript එක තුළ ප්‍රමාණවත් support තියෙනවාද කියලා පරීක්ෂා කිරීමයි.",Health,Not False,Consistent,consistent,"Title, description, and transcript discuss the same subject and supported detail.",false,SYN00166,SYN00166,0.125,0.111,0.438,synthetic-health-syn00166,new,,
SYNNEG00299,SYNNEG00299,https://synthetic.local/watch?v=SYNNEG00299,සුළි කුණාටු අවදානම ගැන හදිසි warning එකක්ද? අද තත්ත්වය,සුළි කුණාටු අවදානම සම්බන්ධ official forecast සහ මුහුදු ප්‍රදේශ අනතුරු ඇඟවීම ගැන සිංහල පැහැදිලි කිරීමක්.,"ගොඩක් අය අහන ප්‍රශ්නයක් වන සුළි කුණාටු අවදානම ගැන මෙහි පැහැදිලි කරනවා. official forecast ගැන කථිකයා පියවරෙන් පියවර පැහැදිලි කරයි. මෙහිදී source ලෙස සඳහන් කරන්නේ මුහුදු ප්‍රදේශ අනතුරු ඇඟවීම යන්නයි. මෙය external fact check එකක් නොව title, description සහ transcript එක එකිනෙකට ගැළපෙනවාද කියලා බලන උදාහරණයක්. වැදගත්ම දෙය නම් claim එකට transcript එක තුළ ප්‍රමාණවත් support තියෙනවාද කියලා පරීක්ෂා කිරීමයි.",Weather,False,Inconsistent,weak_support,Transcript mentions the topic but does not support the main promised claim.,true,SYN00500,SYN00010,0.095,0.210,0.300,synthetic-weather-synneg00299,new,,
SYN00383,SYN00383,https://synthetic.local/watch?v=SYN00383,ටෙලි නාට්‍යය ගැන official update - අලුත් episode,ටෙලි නාට්‍යය සම්බන්ධ අලුත් episode සහ කතාවේ ඉදිරි වෙනස්කම් ගැන සිංහල පැහැදිලි කිරීමක්.,"ගොඩක් අය අහන ප්‍රශ්නයක් වන ටෙලි නාට්‍යය ගැන මෙහි පැහැදිලි කරනවා. අවසානයේ viewers ලාට නිල update බලලා තීරණ ගන්න කියනවා. අලුත් episode ගැන කථිකයා පියවරෙන් පියවර පැහැදිලි කරයි. මෙය external fact check එකක් නොව title, description සහ transcript එක එකිනෙකට ගැළපෙනවාද කියලා බලන උදාහරණයක්. වැදගත්ම දෙය නම් claim එකට transcript එක තුළ ප්‍රමාණවත් support තියෙනවාද කියලා පරීක්ෂා කිරීමයි.",Entertainment,Not False,Consistent,consistent,"Title, description, and transcript discuss the same subject and supported detail.",false,SYN00383,SYN00383,0.155,0.125,0.353,synthetic-entertainment-syn00383,new,,
SYNNEG00335,SYNNEG00335,https://synthetic.local/watch?v=SYNNEG00335,medicine shortage ගැන official update - රෝහල් තත්ත්වය,medicine shortage සම්බන්ධ රෝහල් තත්ත්වය සහ නිල සැපයුම් update ගැන සිංහල පැහැදිලි කිරීමක්.,"අද වීඩියෝවෙන් අපි කතා කරන්නේ vaccine update ගැනයි. video එක පුරාම ප්‍රධාන අවධානය රෝහල් ලබාදෙන දිනය මතම තියෙනවා. අවසානයේ viewers ලාට නිල update බලලා තීරණ ගන්න කියනවා. මෙය external fact check එකක් නොව title, description සහ transcript එක එකිනෙකට ගැළපෙනවාද කියලා බලන උදාහරණයක්. වැදගත්ම දෙය නම් claim එකට transcript එක තුළ ප්‍රමාණවත් support තියෙනවාද කියලා පරීක්ෂා කිරීමයි.",Health,False,Inconsistent,same_topic_swap,Same-topic hard negative: metadata and transcript are from different synthetic videos.,true,SYN00356,SYN00366,0.067,0.077,0.571,synthetic-health-synneg00335,new,,
SYNNEG00474,SYNNEG00474,https://synthetic.local/watch?v=SYNNEG00474,රජයේ allowance ගැන ලොකු වෙනසක්? සම්පූර්ණ update මෙන්න,රජයේ allowance සම්බන්ධ official අයදුම් ක්‍රමය සහ ලැබිය යුතු පවුල් කාණ්ඩ ගැන සිංහල පැහැදිලි කිරීමක්.,"ගොඩක් අය අහන ප්‍රශ්නයක් වන රජයේ allowance ගැන මෙහි පැහැදිලි කරනවා. මෙහිදී source ලෙස සඳහන් කරන්නේ ලැබිය යුතු පවුල් කාණ්ඩ යන්නයි. video එක පුරාම ප්‍රධාන අවධානය official අයදුම් ක්‍රමය මතම තියෙනවා. මෙය external fact check එකක් නොව title, description සහ transcript එක එකිනෙකට ගැළපෙනවාද කියලා බලන උදාහරණයක්. වැදගත්ම දෙය නම් claim එකට transcript එක තුළ ප්‍රමාණවත් support තියෙනවාද කියලා පරීක්ෂා කිරීමයි.",Government,False,Inconsistent,weak_support,Transcript mentions the topic but does not support the main promised claim.,true,SYN00245,SYN00255,0.044,0.200,0.136,synthetic-government-synneg00474,new,,
SYNNEG00395,SYNNEG00395,https://synthetic.local/watch?v=SYNNEG00395,දියවැඩියාව ගැන official update - ආහාර පාලන ක්‍රම,දියවැඩියාව සම්බන්ධ ආහාර පාලන ක්‍රම සහ doctor පැහැදිලි කිරීම ගැන සිංහල පැහැදිලි කිරීමක්.,"මේ update එකේ ප්‍රධාන කරුණ උණ රෝගය සම්බන්ධයෙන් ලැබුණු තොරතුරුයි. video එක පුරාම ප්‍රධාන අවධානය ලක්ෂණ සහ ප්‍රතිකාර මතම තියෙනවා. අවසානයේ viewers ලාට නිල update බලලා තීරණ ගන්න කියනවා. මෙය external fact check එකක් නොව title, description සහ transcript එක එකිනෙකට ගැළපෙනවාද කියලා බලන උදාහරණයක්. වැදගත්ම දෙය නම් claim එකට transcript එක තුළ ප්‍රමාණවත් support තියෙනවාද කියලා පරීක්ෂා කිරීමයි.",Health,False,Inconsistent,same_topic_swap,Same-topic hard negative: metadata and transcript are from different synthetic videos.,true,SYN00456,SYN00466,0.049,0.030,0.438,synthetic-health-synneg00395,new,,
SYNNEG00297,SYNNEG00297,https://synthetic.local/watch?v=SYNNEG00297,ආගමික උත්සවය ගැන official update - ගමනාගමන සැලැස්ම,"ආගමික උත්සවය ගැන සියලු official ලේඛන, නම් ලැයිස්තු, දිනයන් සහ රහස් තොරතුරු transcript එකේ සම්පූර්ණයෙන් ඇති බව කියයි.","මේ update එකේ ප්‍රධාන කරුණ ආගමික උත්සවය සම්බන්ධයෙන් ලැබුණු තොරතුරුයි. video එක පුරාම ප්‍රධාන අවධානය ගමනාගමන සැලැස්ම මතම තියෙනවා. අවසානයේ viewers ලාට නිල update බලලා තීරණ ගන්න කියනවා. මෙය external fact check එකක් නොව title, description සහ transcript එක එකිනෙකට ගැළපෙනවාද කියලා බලන උදාහරණයක්. වැදගත්ම දෙය නම් claim එකට transcript එක තුළ ප්‍රමාණවත් support තියෙනවාද කියලා පරීක්ෂා කිරීමයි.",Religion,False,Inconsistent,description_transcript_mismatch,Description promises detailed evidence that the transcript does not contain.,true,SYN00478,SYN00488,0.125,0.106,0.182,synthetic-religion-synneg00297,new,,
SYNNEG00500,SYNNEG00500,https://synthetic.local/watch?v=SYNNEG00500,වී වගාව ගැන official update - පොහොර සහනාධාරය,වී වගාව සම්බන්ධ පොහොර සහනාධාරය සහ කෘෂිකර්ම නිලධාරීන්ගේ උපදෙස් ගැන සිංහල පැහැදිලි කිරීමක්.,"ගොඩක් අය අහන ප්‍රශ්නයක් වන තේ වගාව ගැන මෙහි පැහැදිලි කරනවා. අවසානයේ viewers ලාට නිල update බලලා තීරණ ගන්න කියනවා. නව රෝග පාලන ක්‍රම ගැන කථිකයා පියවරෙන් පියවර පැහැදිලි කරයි. මෙය external fact check එකක් නොව title, description සහ transcript එක එකිනෙකට ගැළපෙනවාද කියලා බලන උදාහරණයක්. වැදගත්ම දෙය නම් claim එකට transcript එක තුළ ප්‍රමාණවත් support තියෙනවාද කියලා පරීක්ෂා කිරීමයි.",Agriculture,False,Inconsistent,same_topic_swap,Same-topic hard negative: metadata and transcript are from different synthetic videos.,true,SYN00001,SYN00011,0.079,0.058,0.312,synthetic-agriculture-synneg00500,new,,
SYN00306,SYN00306,https://synthetic.local/watch?v=SYN00306,උණ රෝගය ගැන official update - ලක්ෂණ සහ ප්‍රතිකාර,උණ රෝගය සම්බන්ධ ලක්ෂණ සහ ප්‍රතිකාර සහ සෞඛ්‍ය අංශ අනතුරු ඇඟවීම ගැන සිංහල පැහැදිලි කිරීමක්.,"අද වීඩියෝවෙන් අපි කතා කරන්නේ උණ රෝගය ගැනයි. video එක පුරාම ප්‍රධාන අවධානය ලක්ෂණ සහ ප්‍රතිකාර මතම තියෙනවා. අවසානයේ viewers ලාට නිල update බලලා තීරණ ගන්න කියනවා. මෙය external fact check එකක් නොව title, description සහ transcript එක එකිනෙකට ගැළපෙනවාද කියලා බලන උදාහරණයක්. වැදගත්ම දෙය නම් claim එකට transcript එක තුළ ප්‍රමාණවත් support තියෙනවාද කියලා පරීක්ෂා කිරීමයි.",Health,Not False,Consistent,consistent,"Title, description, and transcript discuss the same subject and supported detail.",false,SYN00306,SYN00306,0.158,0.092,0.389,synthetic-health-syn00306,new,,
SYNNEG00141,SYNNEG00141,https://synthetic.local/watch?v=SYNNEG00141,දැන්ම බලන්න! පාසල් නිවාඩු නිසා ලංකාවම කම්පා වෙයි,පාසල් නිවාඩු සම්බන්ධ කාලසටහන් වෙනස්වීම සහ අධ්‍යාපන අමාත්‍යාංශ update ගැන සිංහල පැහැදිලි කිරීමක්.,"මේ update එකේ ප්‍රධාන කරුණ පාසල් නිවාඩු සම්බන්ධයෙන් ලැබුණු තොරතුරුයි. කාලසටහන් වෙනස්වීම ගැන කථිකයා පියවරෙන් පියවර පැහැදිලි කරයි. මෙහිදී source ලෙස සඳහන් කරන්නේ අධ්‍යාපන අමාත්‍යාංශ update යන්නයි. මෙය external fact check එකක් නොව title, description සහ transcript එක එකිනෙකට ගැළපෙනවාද කියලා බලන උදාහරණයක්. වැදගත්ම දෙය නම් claim එකට transcript එක තුළ ප්‍රමාණවත් support තියෙනවාද කියලා පරීක්ෂා කිරීමයි.",Education,False,Inconsistent,title_transcript_mismatch,Title makes a stronger promise than the transcript supports.,true,SYN00412,SYN00422,0.031,0.210,0.091,synthetic-education-synneg00141,new,,
SYN00109,SYN00109,https://synthetic.local/watch?v=SYN00109,Facebook account ගැන official update - security warning,Facebook account සම්බන්ධ security warning සහ password ආරක්ෂාව ගැන සිංහල පැහැදිලි කිරීමක්.,"මේ update එකේ ප්‍රධාන කරුණ Facebook account සම්බන්ධයෙන් ලැබුණු තොරතුරුයි. මෙහිදී source ලෙස සඳහන් කරන්නේ password ආරක්ෂාව යන්නයි. video එක පුරාම ප්‍රධාන අවධානය security warning මතම තියෙනවා. මෙය external fact check එකක් නොව title, description සහ transcript එක එකිනෙකට ගැළපෙනවාද කියලා බලන උදාහරණයක්. වැදගත්ම දෙය නම් claim එකට transcript එක තුළ ප්‍රමාණවත් support තියෙනවාද කියලා පරීක්ෂා කිරීමයි.",Technology,Not False,Consistent,consistent,"Title, description, and transcript discuss the same subject and supported detail.",false,SYN00109,SYN00109,0.119,0.129,0.375,synthetic-technology-syn00109,new,,
SYNNEG00020,SYNNEG00020,https://synthetic.local/watch?v=SYNNEG00020,වී වගාව ගැන official update - පොහොර සහනාධාරය,වී වගාව සම්බන්ධ පොහොර සහනාධාරය සහ කෘෂිකර්ම නිලධාරීන්ගේ උපදෙස් ගැන සිංහල පැහැදිලි කිරීමක්.,"මේ update එකේ ප්‍රධාන කරුණ තේ වගාව සම්බන්ධයෙන් ලැබුණු තොරතුරුයි. අවසානයේ viewers ලාට නිල update බලලා තීරණ ගන්න කියනවා. නව රෝග පාලන ක්‍රම ගැන කථිකයා පියවරෙන් පියවර පැහැදිලි කරයි. මෙය external fact check එකක් නොව title, description සහ transcript එක එකිනෙකට ගැළපෙනවාද කියලා බලන උදාහරණයක්. වැදගත්ම දෙය නම් claim එකට transcript එක තුළ ප්‍රමාණවත් support තියෙනවාද කියලා පරීක්ෂා කිරීමයි.",Agriculture,False,Inconsistent,same_topic_swap,Same-topic hard negative: metadata and transcript are from different synthetic videos.,true,SYN00201,SYN00211,0.081,0.059,0.312,synthetic-agriculture-synneg00020,new,,
SYN00183,SYN00183,https://synthetic.local/watch?v=SYN00183,ටෙලි නාට්‍යය ගැන official update - අලුත් episode,ටෙලි නාට්‍යය සම්බන්ධ අලුත් episode සහ කතාවේ ඉදිරි වෙනස්කම් ගැන සිංහල පැහැදිලි කිරීමක්.,"අද වීඩියෝවෙන් අපි කතා කරන්නේ ටෙලි නාට්‍යය ගැනයි. අවසානයේ viewers ලාට නිල update බලලා තීරණ ගන්න කියනවා. අලුත් episode ගැන කථිකයා පියවරෙන් පියවර පැහැදිලි කරයි. මෙය external fact check එකක් නොව title, description සහ transcript එක එකිනෙකට ගැළපෙනවාද කියලා බලන උදාහරණයක්. වැදගත්ම දෙය නම් claim එකට transcript එක තුළ ප්‍රමාණවත් support තියෙනවාද කියලා පරීක්ෂා කිරීමයි.",Entertainment,Not False,Consistent,consistent,"Title, description, and transcript discuss the same subject and supported detail.",false,SYN00183,SYN00183,0.158,0.127,0.353,synthetic-entertainment-syn00183,new,,
SYNNEG00281,SYNNEG00281,https://synthetic.local/watch?v=SYNNEG00281,දැන්ම බලන්න! ශිෂ්‍යත්ව exam නිසා ලංකාවම කම්පා වෙයි,ශිෂ්‍යත්ව exam සම්බන්ධ අයදුම්පත් දිනය සහ පාසල් මට්ටමේ දැනුම්දීම් ගැන සිංහල පැහැදිලි කිරීමක්.,"අද වීඩියෝවෙන් අපි කතා කරන්නේ ශිෂ්‍යත්ව exam ගැනයි. අයදුම්පත් දිනය ගැන කථිකයා පියවරෙන් පියවර පැහැදිලි කරයි. මෙහිදී source ලෙස සඳහන් කරන්නේ පාසල් මට්ටමේ දැනුම්දීම් යන්නයි. මෙය external fact check එකක් නොව title, description සහ transcript එක එකිනෙකට ගැළපෙනවාද කියලා බලන උදාහරණයක්. වැදගත්ම දෙය නම් claim එකට transcript එක තුළ ප්‍රමාණවත් support තියෙනවාද කියලා පරීක්ෂා කිරීමයි.",Education,False,Inconsistent,title_transcript_mismatch,Title makes a stronger promise than the transcript supports.,true,SYN00312,SYN00322,0.048,0.186,0.150,synthetic-education-synneg00281,new,,
SYNNEG00013,SYNNEG00013,https://synthetic.local/watch?v=SYNNEG00013,100% තහවුරුයි! රන් මිල ගැන official තීරණය එළියට,මෙම video එක 100% තහවුරු වූ breaking news එකක් කියලා overclaim කරයි.,"ගොඩක් අය අහන ප්‍රශ්නයක් වන රන් මිල ගැන මෙහි පැහැදිලි කරනවා. video එක පුරාම ප්‍රධාන අවධානය අද වෙළඳපොළ තත්ත්වය මතම තියෙනවා. අවසානයේ viewers ලාට නිල update බලලා තීරණ ගන්න කියනවා. මෙය external fact check එකක් නොව title, description සහ transcript එක එකිනෙකට ගැළපෙනවාද කියලා බලන උදාහරණයක්. වැදගත්ම දෙය නම් claim එකට transcript එක තුළ ප්‍රමාණවත් support තියෙනවාද කියලා පරීක්ෂා කිරීමයි.",Finance,False,Inconsistent,clickbait_overclaim,Metadata overclaims certainty while transcript is only a general discussion.,true,SYN00134,SYN00144,0.062,0.059,0.053,synthetic-finance-synneg00013,new,,
SYNNEG00431,SYNNEG00431,https://synthetic.local/watch?v=SYNNEG00431,ඔවුන් මේක සඟවනවා! ශිෂ්‍යත්ව exam ගැන සම්පූර්ණ ඇත්ත,ශිෂ්‍යත්ව exam සම්බන්ධ අයදුම්පත් දිනය සහ පාසල් මට්ටමේ දැනුම්දීම් ගැන සිංහල පැහැදිලි කිරීමක්.,"අද වීඩියෝවෙන් අපි කතා කරන්නේ ශිෂ්‍යත්ව exam ගැනයි. අයදුම්පත් දිනය ගැන කථිකයා පියවරෙන් පියවර පැහැදිලි කරයි. මෙහිදී source ලෙස සඳහන් කරන්නේ පාසල් මට්ටමේ දැනුම්දීම් යන්නයි. මෙය external fact check එකක් නොව title, description සහ transcript එක එකිනෙකට ගැළපෙනවාද කියලා බලන උදාහරණයක්. වැදගත්ම දෙය නම් claim එකට transcript එක තුළ ප්‍රමාණවත් support තියෙනවාද කියලා පරීක්ෂා කිරීමයි.",Education,False,Inconsistent,title_transcript_mismatch,Title makes a stronger promise than the transcript supports.,true,SYN00312,SYN00322,0.066,0.186,0.211,synthetic-education-synneg00431,new,,
SYNNEG00237,SYNNEG00237,https://synthetic.local/watch?v=SYNNEG00237,ධර්ම දේශනාව ගැන official update - සජීවී වැඩසටහන,"ධර්ම දේශනාව ගැන සියලු official ලේඛන, නම් ලැයිස්තු, දිනයන් සහ රහස් තොරතුරු transcript එකේ සම්පූර්ණයෙන් ඇති බව කියයි.","අද වීඩියෝවෙන් අපි කතා කරන්නේ ධර්ම දේශනාව ගැනයි. video එක පුරාම ප්‍රධාන අවධානය සජීවී වැඩසටහන මතම තියෙනවා. අවසානයේ viewers ලාට නිල update බලලා තීරණ ගන්න කියනවා. මෙය external fact check එකක් නොව title, description සහ transcript එක එකිනෙකට ගැළපෙනවාද කියලා බලන උදාහරණයක්. වැදගත්ම දෙය නම් claim එකට transcript එක තුළ ප්‍රමාණවත් support තියෙනවාද කියලා පරීක්ෂා කිරීමයි.",Religion,False,Inconsistent,description_transcript_mismatch,Description promises detailed evidence that the transcript does not contain.,true,SYN00378,SYN00388,0.123,0.088,0.182,synthetic-religion-synneg00237,new,,
SYNNEG00240,SYNNEG00240,https://synthetic.local/watch?v=SYNNEG00240,වී වගාව ගැන official update - පොහොර සහනාධාරය,වී වගාව සම්බන්ධ පොහොර සහනාධාරය සහ කෘෂිකර්ම නිලධාරීන්ගේ උපදෙස් ගැන සිංහල පැහැදිලි කිරීමක්.,"අද වීඩියෝවෙන් අපි කතා කරන්නේ තේ වගාව ගැනයි. අවසානයේ viewers ලාට නිල update බලලා තීරණ ගන්න කියනවා. නව රෝග පාලන ක්‍රම ගැන කථිකයා පියවරෙන් පියවර පැහැදිලි කරයි. මෙය external fact check එකක් නොව title, description සහ transcript එක එකිනෙකට ගැළපෙනවාද කියලා බලන උදාහරණයක්. වැදගත්ම දෙය නම් claim එකට transcript එක තුළ ප්‍රමාණවත් support තියෙනවාද කියලා පරීක්ෂා කිරීමයි.",Agriculture,False,Inconsistent,same_topic_swap,Same-topic hard negative: metadata and transcript are from different synthetic videos.,true,SYN00401,SYN00411,0.081,0.059,0.312,synthetic-agriculture-synneg00240,new,,
SYN00004,SYN00004,https://synthetic.local/watch?v=SYN00004,බැංකු loan ගැන official update - පොලී අනුපාත update,බැංකු loan සම්බන්ධ පොලී අනුපාත update සහ අයදුම් කිරීමේ කොන්දේසි ගැන සිංහල පැහැදිලි කිරීමක්.,"මේ update එකේ ප්‍රධාන කරුණ බැංකු loan සම්බන්ධයෙන් ලැබුණු තොරතුරුයි. පොලී අනුපාත update ගැන කථිකයා පියවරෙන් පියවර පැහැදිලි කරයි. මෙහිදී source ලෙස සඳහන් කරන්නේ අයදුම් කිරීමේ කොන්දේසි යන්නයි. මෙය external fact check එකක් නොව title, description සහ transcript එක එකිනෙකට ගැළපෙනවාද කියලා බලන උදාහරණයක්. වැදගත්ම දෙය නම් claim එකට transcript එක තුළ ප්‍රමාණවත් support තියෙනවාද කියලා පරීක්ෂා කිරීමයි.",Finance,Not False,Consistent,consistent,"Title, description, and transcript discuss the same subject and supported detail.",false,SYN00004,SYN00004,0.119,0.197,0.438,synthetic-finance-syn00004,new,,
SYNNEG00409,SYNNEG00409,https://synthetic.local/watch?v=SYNNEG00409,සුළි කුණාටු අවදානම සම්බන්ධ නව තීරණයක්ද? ජනතාව අහන ප්‍රශ්න,සුළි කුණාටු අවදානම සම්බන්ධ official forecast සහ මුහුදු ප්‍රදේශ අනතුරු ඇඟවීම ගැන සිංහල පැහැදිලි කිරීමක්.,"මේ update එකේ ප්‍රධාන කරුණ සුළි කුණාටු අවදානම සම්බන්ධයෙන් ලැබුණු තොරතුරුයි. official forecast ගැන කථිකයා පියවරෙන් පියවර පැහැදිලි කරයි. මෙහිදී source ලෙස සඳහන් කරන්නේ මුහුදු ප්‍රදේශ අනතුරු ඇඟවීම යන්නයි. මෙය external fact check එකක් නොව title, description සහ transcript එක එකිනෙකට ගැළපෙනවාද කියලා බලන උදාහරණයක්. වැදගත්ම දෙය නම් claim එකට transcript එක තුළ ප්‍රමාණවත් support තියෙනවාද කියලා පරීක්ෂා කිරීමයි.",Weather,False,Inconsistent,weak_support,Transcript mentions the topic but does not support the main promised claim.,true,SYN00100,SYN00110,0.061,0.206,0.238,synthetic-weather-synneg00409,new,,
SYN00162,SYN00162,https://synthetic.local/watch?v=SYN00162,O/L exam ගැන official update - ප්‍රතිඵල නිකුත් කිරීම,O/L exam සම්බන්ධ ප්‍රතිඵල නිකුත් කිරීම සහ විභාග දෙපාර්තමේන්තුවේ නිවේදනය ගැන සිංහල පැහැදිලි කිරීමක්.,"අද වීඩියෝවෙන් අපි කතා කරන්නේ O/L exam ගැනයි. video එක පුරාම ප්‍රධාන අවධානය ප්‍රතිඵල නිකුත් කිරීම මතම තියෙනවා. අවසානයේ viewers ලාට නිල update බලලා තීරණ ගන්න කියනවා. මෙය external fact check එකක් නොව title, description සහ transcript එක එකිනෙකට ගැළපෙනවාද කියලා බලන උදාහරණයක්. වැදගත්ම දෙය නම් claim එකට transcript එක තුළ ප්‍රමාණවත් support තියෙනවාද කියලා පරීක්ෂා කිරීමයි.",Education,Not False,Consistent,consistent,"Title, description, and transcript discuss the same subject and supported detail.",false,SYN00162,SYN00162,0.125,0.095,0.375,synthetic-education-syn00162,new,,
SYN00446,SYN00446,https://synthetic.local/watch?v=SYN00446,vaccine update ගැන official update - රෝහල් ලබාදෙන දිනය,vaccine update සම්බන්ධ රෝහල් ලබාදෙන දිනය සහ වෛද්‍යවරයාගේ උපදෙස් ගැන සිංහල පැහැදිලි කිරීමක්.,"ගොඩක් අය අහන ප්‍රශ්නයක් වන vaccine update ගැන මෙහි පැහැදිලි කරනවා. video එක පුරාම ප්‍රධාන අවධානය රෝහල් ලබාදෙන දිනය මතම තියෙනවා. අවසානයේ viewers ලාට නිල update බලලා තීරණ ගන්න කියනවා. මෙය external fact check එකක් නොව title, description සහ transcript එක එකිනෙකට ගැළපෙනවාද කියලා බලන උදාහරණයක්. වැදගත්ම දෙය නම් claim එකට transcript එක තුළ ප්‍රමාණවත් support තියෙනවාද කියලා පරීක්ෂා කිරීමයි.",Health,Not False,Consistent,consistent,"Title, description, and transcript discuss the same subject and supported detail.",false,SYN00446,SYN00446,0.136,0.138,0.438,synthetic-health-syn00446,new,,
SYNNEG00432,SYNNEG00432,https://synthetic.local/watch?v=SYNNEG00432,නව චිත්‍රපටය ගැන official update - release දිනය,"නව චිත්‍රපටය ගැන සියලු official ලේඛන, නම් ලැයිස්තු, දිනයන් සහ රහස් තොරතුරු transcript එකේ සම්පූර්ණයෙන් ඇති බව කියයි.","ගොඩක් අය අහන ප්‍රශ්නයක් වන නව චිත්‍රපටය ගැන මෙහි පැහැදිලි කරනවා. අවසානයේ viewers ලාට නිල update බලලා තීරණ ගන්න කියනවා. release දිනය ගැන කථිකයා පියවරෙන් පියවර පැහැදිලි කරයි. මෙය external fact check එකක් නොව title, description සහ transcript එක එකිනෙකට ගැළපෙනවාද කියලා බලන උදාහරණයක්. වැදගත්ම දෙය නම් claim එකට transcript එක තුළ ප්‍රමාණවත් support තියෙනවාද කියලා පරීක්ෂා කිරීමයි.",Entertainment,False,Inconsistent,description_transcript_mismatch,Description promises detailed evidence that the transcript does not contain.,true,SYN00323,SYN00333,0.155,0.116,0.217,synthetic-entertainment-synneg00432,new,,
SYNNEG00499,SYNNEG00499,https://synthetic.local/watch?v=SYNNEG00499,සුළි කුණාටු අවදානම සම්බන්ධ නව තීරණයක්ද? ජනතාව අහන ප්‍රශ්න,සුළි කුණාටු අවදානම සම්බන්ධ official forecast සහ මුහුදු ප්‍රදේශ අනතුරු ඇඟවීම ගැන සිංහල පැහැදිලි කිරීමක්.,"ගොඩක් අය අහන ප්‍රශ්නයක් වන සුළි කුණාටු අවදානම ගැන මෙහි පැහැදිලි කරනවා. official forecast ගැන කථිකයා පියවරෙන් පියවර පැහැදිලි කරයි. මෙහිදී source ලෙස සඳහන් කරන්නේ මුහුදු ප්‍රදේශ අනතුරු ඇඟවීම යන්නයි. මෙය external fact check එකක් නොව title, description සහ transcript එක එකිනෙකට ගැළපෙනවාද කියලා බලන උදාහරණයක්. වැදගත්ම දෙය නම් claim එකට transcript එක තුළ ප්‍රමාණවත් support තියෙනවාද කියලා පරීක්ෂා කිරීමයි.",Weather,False,Inconsistent,weak_support,Transcript mentions the topic but does not support the main promised claim.,true,SYN00500,SYN00010,0.078,0.210,0.238,synthetic-weather-synneg00499,new,,
SYNNEG00456,SYNNEG00456,https://synthetic.local/watch?v=SYNNEG00456,Breaking! අමාත්‍ය මණ්ඩලය ගැන කවුරුත් නොකියන භයානක රහස,අමාත්‍ය මණ්ඩලය සම්බන්ධ නව තීරණ සහ මාධ්‍ය හමුවේ විස්තර ගැන සිංහල පැහැදිලි කිරීමක්.,"මේ update එකේ ප්‍රධාන කරුණ අමාත්‍ය මණ්ඩලය සම්බන්ධයෙන් ලැබුණු තොරතුරුයි. අවසානයේ viewers ලාට නිල update බලලා තීරණ ගන්න කියනවා. නව තීරණ ගැන කථිකයා පියවරෙන් පියවර පැහැදිලි කරයි. මෙය external fact check එකක් නොව title, description සහ transcript එක එකිනෙකට ගැළපෙනවාද කියලා බලන උදාහරණයක්. වැදගත්ම දෙය නම් claim එකට transcript එක තුළ ප්‍රමාණවත් support තියෙනවාද කියලා පරීක්ෂා කිරීමයි.",Politics,False,Inconsistent,title_transcript_mismatch,Title makes a stronger promise than the transcript supports.,true,SYN00067,SYN00077,0.050,0.115,0.167,synthetic-politics-synneg00456,new,,
SYNNEG00157,SYNNEG00157,https://synthetic.local/watch?v=SYNNEG00157,ආගමික උත්සවය ගැන official update - ගමනාගමන සැලැස්ම,"ආගමික උත්සවය ගැන සියලු official ලේඛන, නම් ලැයිස්තු, දිනයන් සහ රහස් තොරතුරු transcript එකේ සම්පූර්ණයෙන් ඇති බව කියයි.","අද වීඩියෝවෙන් අපි කතා කරන්නේ ආගමික උත්සවය ගැනයි. video එක පුරාම ප්‍රධාන අවධානය ගමනාගමන සැලැස්ම මතම තියෙනවා. අවසානයේ viewers ලාට නිල update බලලා තීරණ ගන්න කියනවා. මෙය external fact check එකක් නොව title, description සහ transcript එක එකිනෙකට ගැළපෙනවාද කියලා බලන උදාහරණයක්. වැදගත්ම දෙය නම් claim එකට transcript එක තුළ ප්‍රමාණවත් support තියෙනවාද කියලා පරීක්ෂා කිරීමයි.",Religion,False,Inconsistent,description_transcript_mismatch,Description promises detailed evidence that the transcript does not contain.,true,SYN00078,SYN00088,0.123,0.088,0.182,synthetic-religion-synneg00157,new,,
SYNNEG00288,SYNNEG00288,https://synthetic.local/watch?v=SYNNEG00288,දැන්ම බලන්න! Facebook account නිසා ලංකාවම කම්පා වෙයි,මෙම video එක 100% තහවුරු වූ breaking news එකක් කියලා overclaim කරයි.,"ගොඩක් අය අහන ප්‍රශ්නයක් වන Facebook account ගැන මෙහි පැහැදිලි කරනවා. මෙහිදී source ලෙස සඳහන් කරන්නේ password ආරක්ෂාව යන්නයි. video එක පුරාම ප්‍රධාන අවධානය security warning මතම තියෙනවා. මෙය external fact check එකක් නොව title, description සහ transcript එක එකිනෙකට ගැළපෙනවාද කියලා බලන උදාහරණයක්. වැදගත්ම දෙය නම් claim එකට transcript එක තුළ ප්‍රමාණවත් support තියෙනවාද කියලා පරීක්ෂා කිරීමයි.",Technology,False,Inconsistent,clickbait_overclaim,Metadata overclaims certainty while transcript is only a general discussion.,true,SYN00389,SYN00399,0.031,0.060,0.000,synthetic-technology-synneg00288,new,,
SYNNEG00400,SYNNEG00400,https://synthetic.local/watch?v=SYNNEG00400,වී වගාව ගැන official update - පොහොර සහනාධාරය,වී වගාව සම්බන්ධ පොහොර සහනාධාරය සහ කෘෂිකර්ම නිලධාරීන්ගේ උපදෙස් ගැන සිංහල පැහැදිලි කිරීමක්.,"ගොඩක් අය අහන ප්‍රශ්නයක් වන තේ වගාව ගැන මෙහි පැහැදිලි කරනවා. අවසානයේ viewers ලාට නිල update බලලා තීරණ ගන්න කියනවා. නව රෝග පාලන ක්‍රම ගැන කථිකයා පියවරෙන් පියවර පැහැදිලි කරයි. මෙය external fact check එකක් නොව title, description සහ transcript එක එකිනෙකට ගැළපෙනවාද කියලා බලන උදාහරණයක්. වැදගත්ම දෙය නම් claim එකට transcript එක තුළ ප්‍රමාණවත් support තියෙනවාද කියලා පරීක්ෂා කිරීමයි.",Agriculture,False,Inconsistent,same_topic_swap,Same-topic hard negative: metadata and transcript are from different synthetic videos.,true,SYN00001,SYN00011,0.079,0.058,0.312,synthetic-agriculture-synneg00400,new,,
SYNNEG00269,SYNNEG00269,https://synthetic.local/watch?v=SYNNEG00269,උෂ්ණත්වය ගැන හදිසි warning එකක්ද? අද තත්ත්වය,උෂ්ණත්වය සම්බන්ධ අද දවසේ වෙනස්වීම් සහ සෞඛ්‍ය උපදෙස් ගැන සිංහල පැහැදිලි කිරීමක්.,"ගොඩක් අය අහන ප්‍රශ්නයක් වන උෂ්ණත්වය ගැන මෙහි පැහැදිලි කරනවා. අද දවසේ වෙනස්වීම් ගැන කථිකයා පියවරෙන් පියවර පැහැදිලි කරයි. මෙහිදී source ලෙස සඳහන් කරන්නේ සෞඛ්‍ය උපදෙස් යන්නයි. මෙය external fact check එකක් නොව title, description සහ transcript එක එකිනෙකට ගැළපෙනවාද කියලා බලන උදාහරණයක්. වැදගත්ම දෙය නම් claim එකට transcript එක තුළ ප්‍රමාණවත් support තියෙනවාද කියලා පරීක්ෂා කිරීමයි.",Weather,False,Inconsistent,weak_support,Transcript mentions the topic but does not support the main promised claim.,true,SYN00200,SYN00210,0.049,0.153,0.176,synthetic-weather-synneg00269,new,,
SYNNEG00437,SYNNEG00437,https://synthetic.local/watch?v=SYNNEG00437,ධර්ම දේශනාව ගැන official update - සජීවී වැඩසටහන,"ධර්ම දේශනාව ගැන සියලු official ලේඛන, නම් ලැයිස්තු, දිනයන් සහ රහස් තොරතුරු transcript එකේ සම්පූර්ණයෙන් ඇති බව කියයි.","අද වීඩියෝවෙන් අපි කතා කරන්නේ ධර්ම දේශනාව ගැනයි. video එක පුරාම ප්‍රධාන අවධානය සජීවී වැඩසටහන මතම තියෙනවා. අවසානයේ viewers ලාට නිල update බලලා තීරණ ගන්න කියනවා. මෙය external fact check එකක් නොව title, description සහ transcript එක එකිනෙකට ගැළපෙනවාද කියලා බලන උදාහරණයක්. වැදගත්ම දෙය නම් claim එකට transcript එක තුළ ප්‍රමාණවත් support තියෙනවාද කියලා පරීක්ෂා කිරීමයි.",Religion,False,Inconsistent,description_transcript_mismatch,Description promises detailed evidence that the transcript does not contain.,true,SYN00378,SYN00388,0.123,0.088,0.182,synthetic-religion-synneg00437,new,,
SYNNEG00199,SYNNEG00199,https://synthetic.local/watch?v=SYNNEG00199,සුළි කුණාටු අවදානම සම්බන්ධ නව තීරණයක්ද? ජනතාව අහන ප්‍රශ්න,සුළි කුණාටු අවදානම සම්බන්ධ official forecast සහ මුහුදු ප්‍රදේශ අනතුරු ඇඟවීම ගැන සිංහල පැහැදිලි කිරීමක්.,"ගොඩක් අය අහන ප්‍රශ්නයක් වන සුළි කුණාටු අවදානම ගැන මෙහි පැහැදිලි කරනවා. official forecast ගැන කථිකයා පියවරෙන් පියවර පැහැදිලි කරයි. මෙහිදී source ලෙස සඳහන් කරන්නේ මුහුදු ප්‍රදේශ අනතුරු ඇඟවීම යන්නයි. මෙය external fact check එකක් නොව title, description සහ transcript එක එකිනෙකට ගැළපෙනවාද කියලා බලන උදාහරණයක්. වැදගත්ම දෙය නම් claim එකට transcript එක තුළ ප්‍රමාණවත් support තියෙනවාද කියලා පරීක්ෂා කිරීමයි.",Weather,False,Inconsistent,weak_support,Transcript mentions the topic but does not support the main promised claim.,true,SYN00500,SYN00010,0.078,0.210,0.238,synthetic-weather-synneg00199,new,,
SYN00118,SYN00118,https://synthetic.local/watch?v=SYN00118,ආගමික උත්සවය ගැන official update - ගමනාගමන සැලැස්ම,ආගමික උත්සවය සම්බන්ධ ගමනාගමන සැලැස්ම සහ පොලීසියේ දැනුම්දීම ගැන සිංහල පැහැදිලි කිරීමක්.,"මේ update එකේ ප්‍රධාන කරුණ ආගමික උත්සවය සම්බන්ධයෙන් ලැබුණු තොරතුරුයි. video එක පුරාම ප්‍රධාන අවධානය ගමනාගමන සැලැස්ම මතම තියෙනවා. අවසානයේ viewers ලාට නිල update බලලා තීරණ ගන්න කියනවා. මෙය external fact check එකක් නොව title, description සහ transcript එක එකිනෙකට ගැළපෙනවාද කියලා බලන උදාහරණයක්. වැදගත්ම දෙය නම් claim එකට transcript එක තුළ ප්‍රමාණවත් support තියෙනවාද කියලා පරීක්ෂා කිරීමයි.",Religion,Not False,Consistent,consistent,"Title, description, and transcript discuss the same subject and supported detail.",false,SYN00118,SYN00118,0.125,0.081,0.333,synthetic-religion-syn00118,new,,
SYNNEG00239,SYNNEG00239,https://synthetic.local/watch?v=SYNNEG00239,උෂ්ණත්වය ගැන හදිසි warning එකක්ද? අද තත්ත්වය,උෂ්ණත්වය සම්බන්ධ අද දවසේ වෙනස්වීම් සහ සෞඛ්‍ය උපදෙස් ගැන සිංහල පැහැදිලි කිරීමක්.,"මේ update එකේ ප්‍රධාන කරුණ උෂ්ණත්වය සම්බන්ධයෙන් ලැබුණු තොරතුරුයි. අද දවසේ වෙනස්වීම් ගැන කථිකයා පියවරෙන් පියවර පැහැදිලි කරයි. මෙහිදී source ලෙස සඳහන් කරන්නේ සෞඛ්‍ය උපදෙස් යන්නයි. මෙය external fact check එකක් නොව title, description සහ transcript එක එකිනෙකට ගැළපෙනවාද කියලා බලන උදාහරණයක්. වැදගත්ම දෙය නම් claim එකට transcript එක තුළ ප්‍රමාණවත් support තියෙනවාද කියලා පරීක්ෂා කිරීමයි.",Weather,False,Inconsistent,weak_support,Transcript mentions the topic but does not support the main promised claim.,true,SYN00400,SYN00410,0.048,0.150,0.176,synthetic-weather-synneg00239,new,,
SYNNEG00331,SYNNEG00331,https://synthetic.local/watch?v=SYNNEG00331,ඔවුන් මේක සඟවනවා! ශිෂ්‍යත්ව exam ගැන සම්පූර්ණ ඇත්ත,ශිෂ්‍යත්ව exam සම්බන්ධ අයදුම්පත් දිනය සහ පාසල් මට්ටමේ දැනුම්දීම් ගැන සිංහල පැහැදිලි කිරීමක්.,"අද වීඩියෝවෙන් අපි කතා කරන්නේ ශිෂ්‍යත්ව exam ගැනයි. අයදුම්පත් දිනය ගැන කථිකයා පියවරෙන් පියවර පැහැදිලි කරයි. මෙහිදී source ලෙස සඳහන් කරන්නේ පාසල් මට්ටමේ දැනුම්දීම් යන්නයි. මෙය external fact check එකක් නොව title, description සහ transcript එක එකිනෙකට ගැළපෙනවාද කියලා බලන උදාහරණයක්. වැදගත්ම දෙය නම් claim එකට transcript එක තුළ ප්‍රමාණවත් support තියෙනවාද කියලා පරීක්ෂා කිරීමයි.",Education,False,Inconsistent,title_transcript_mismatch,Title makes a stronger promise than the transcript supports.,true,SYN00312,SYN00322,0.066,0.186,0.211,synthetic-education-synneg00331,new,,
SYN00012,SYN00012,https://synthetic.local/watch?v=SYN00012,පාසල් නිවාඩු ගැන official update - කාලසටහන් වෙනස්වීම,පාසල් නිවාඩු සම්බන්ධ කාලසටහන් වෙනස්වීම සහ අධ්‍යාපන අමාත්‍යාංශ update ගැන සිංහල පැහැදිලි කිරීමක්.,"අද වීඩියෝවෙන් අපි කතා කරන්නේ පාසල් නිවාඩු ගැනයි. කාලසටහන් වෙනස්වීම ගැන කථිකයා පියවරෙන් පියවර පැහැදිලි කරයි. මෙහිදී source ලෙස සඳහන් කරන්නේ අධ්‍යාපන අමාත්‍යාංශ update යන්නයි. මෙය external fact check එකක් නොව title, description සහ transcript එක එකිනෙකට ගැළපෙනවාද කියලා බලන උදාහරණයක්. වැදගත්ම දෙය නම් claim එකට transcript එක තුළ ප්‍රමාණවත් support තියෙනවාද කියලා පරීක්ෂා කිරීමයි.",Education,Not False,Consistent,consistent,"Title, description, and transcript discuss the same subject and supported detail.",false,SYN00012,SYN00012,0.119,0.213,0.412,synthetic-education-syn00012,new,,
SYNNEG00067,SYNNEG00067,https://synthetic.local/watch?v=SYNNEG00067,ධර්ම දේශනාව ගැන official update - සජීවී වැඩසටහන,"ධර්ම දේශනාව ගැන සියලු official ලේඛන, නම් ලැයිස්තු, දිනයන් සහ රහස් තොරතුරු transcript එකේ සම්පූර්ණයෙන් ඇති බව කියයි.","මේ update එකේ ප්‍රධාන කරුණ ධර්ම දේශනාව සම්බන්ධයෙන් ලැබුණු තොරතුරුයි. video එක පුරාම ප්‍රධාන අවධානය සජීවී වැඩසටහන මතම තියෙනවා. අවසානයේ viewers ලාට නිල update බලලා තීරණ ගන්න කියනවා. මෙය external fact check එකක් නොව title, description සහ transcript එක එකිනෙකට ගැළපෙනවාද කියලා බලන උදාහරණයක්. වැදගත්ම දෙය නම් claim එකට transcript එක තුළ ප්‍රමාණවත් support තියෙනවාද කියලා පරීක්ෂා කිරීමයි.",Religion,False,Inconsistent,description_transcript_mismatch,Description promises detailed evidence that the transcript does not contain.,true,SYN00178,SYN00188,0.125,0.106,0.182,synthetic-religion-synneg00067,new,,
SYN00258,SYN00258,https://synthetic.local/watch?v=SYN00258,ධර්ම දේශනාව ගැන official update - සජීවී වැඩසටහන,ධර්ම දේශනාව සම්බන්ධ සජීවී වැඩසටහන සහ භික්ෂූන් වහන්සේගේ පැහැදිලි කිරීම ගැන සිංහල පැහැදිලි කිරීමක්.,"අද වීඩියෝවෙන් අපි කතා කරන්නේ ධර්ම දේශනාව ගැනයි. video එක පුරාම ප්‍රධාන අවධානය සජීවී වැඩසටහන මතම තියෙනවා. අවසානයේ viewers ලාට නිල update බලලා තීරණ ගන්න කියනවා. මෙය external fact check එකක් නොව title, description සහ transcript එක එකිනෙකට ගැළපෙනවාද කියලා බලන උදාහරණයක්. වැදගත්ම දෙය නම් claim එකට transcript එක තුළ ප්‍රමාණවත් support තියෙනවාද කියලා පරීක්ෂා කිරීමයි.",Religion,Not False,Consistent,consistent,"Title, description, and transcript discuss the same subject and supported detail.",false,SYN00258,SYN00258,0.123,0.095,0.400,synthetic-religion-syn00258,new,,
SYNNEG00042,SYNNEG00042,https://synthetic.local/watch?v=SYNNEG00042,ටෙලි නාට්‍යය ගැන official update - අලුත් episode,"ටෙලි නාට්‍යය ගැන සියලු official ලේඛන, නම් ලැයිස්තු, දිනයන් සහ රහස් තොරතුරු transcript එකේ සම්පූර්ණයෙන් ඇති බව කියයි.","අද වීඩියෝවෙන් අපි කතා කරන්නේ ටෙලි නාට්‍යය ගැනයි. අවසානයේ viewers ලාට නිල update බලලා තීරණ ගන්න කියනවා. අලුත් episode ගැන කථිකයා පියවරෙන් පියවර පැහැදිලි කරයි. මෙය external fact check එකක් නොව title, description සහ transcript එක එකිනෙකට ගැළපෙනවාද කියලා බලන උදාහරණයක්. වැදගත්ම දෙය නම් claim එකට transcript එක තුළ ප්‍රමාණවත් support තියෙනවාද කියලා පරීක්ෂා කිරීමයි.",Entertainment,False,Inconsistent,description_transcript_mismatch,Description promises detailed evidence that the transcript does not contain.,true,SYN00423,SYN00433,0.158,0.118,0.217,synthetic-entertainment-synneg00042,new,,
SYN00480,SYN00480,https://synthetic.local/watch?v=SYN00480,උෂ්ණත්වය ගැන official update - අද දවසේ වෙනස්වීම්,උෂ්ණත්වය සම්බන්ධ අද දවසේ වෙනස්වීම් සහ සෞඛ්‍ය උපදෙස් ගැන සිංහල පැහැදිලි කිරීමක්.,"අද වීඩියෝවෙන් අපි කතා කරන්නේ උෂ්ණත්වය ගැනයි. අද දවසේ වෙනස්වීම් ගැන කථිකයා පියවරෙන් පියවර පැහැදිලි කරයි. මෙහිදී source ලෙස සඳහන් කරන්නේ සෞඛ්‍ය උපදෙස් යන්නයි. මෙය external fact check එකක් නොව title, description සහ transcript එක එකිනෙකට ගැළපෙනවාද කියලා බලන උදාහරණයක්. වැදගත්ම දෙය නම් claim එකට transcript එක තුළ ප්‍රමාණවත් support තියෙනවාද කියලා පරීක්ෂා කිරීමයි.",Weather,Not False,Consistent,consistent,"Title, description, and transcript discuss the same subject and supported detail.",false,SYN00480,SYN00480,0.089,0.161,0.333,synthetic-weather-syn00480,new,,
SYNNEG00464,SYNNEG00464,https://synthetic.local/watch?v=SYNNEG00464,gazette නිවේදනය ගැන හදිසි warning එකක්ද? අද තත්ත්වය,gazette නිවේදනය සම්බන්ධ නව නියමයන් සහ අදාළ දිනය සහ බලපෑම ගැන සිංහල පැහැදිලි කිරීමක්.,"මේ update එකේ ප්‍රධාන කරුණ gazette නිවේදනය සම්බන්ධයෙන් ලැබුණු තොරතුරුයි. මෙහිදී source ලෙස සඳහන් කරන්නේ අදාළ දිනය සහ බලපෑම යන්නයි. video එක පුරාම ප්‍රධාන අවධානය නව නියමයන් මතම තියෙනවා. මෙය external fact check එකක් නොව title, description සහ transcript එක එකිනෙකට ගැළපෙනවාද කියලා බලන උදාහරණයක්. වැදගත්ම දෙය නම් claim එකට transcript එක තුළ ප්‍රමාණවත් support තියෙනවාද කියලා පරීක්ෂා කිරීමයි.",Government,False,Inconsistent,weak_support,Transcript mentions the topic but does not support the main promised claim.,true,SYN00145,SYN00155,0.031,0.129,0.158,synthetic-government-synneg00464,new,,
SYN00391,SYN00391,https://synthetic.local/watch?v=SYN00391,ජල සැපයුම ගැන official update - ගොවිබිම් සඳහා කාලසටහන,ජල සැපයුම සම්බන්ධ ගොවිබිම් සඳහා කාලසටහන සහ ප්‍රදේශ අනුව ලබාදෙන ජල මුර ගැන සිංහල පැහැදිලි කිරීමක්.,"මේ update එකේ ප්‍රධාන කරුණ ජල සැපයුම සම්බන්ධයෙන් ලැබුණු තොරතුරුයි. අවසානයේ viewers ලාට නිල update බලලා තීරණ ගන්න කියනවා. ගොවිබිම් සඳහා කාලසටහන ගැන කථිකයා පියවරෙන් පියවර පැහැදිලි කරයි. මෙය external fact check එකක් නොව title, description සහ transcript එක එකිනෙකට ගැළපෙනවාද කියලා බලන උදාහරණයක්. වැදගත්ම දෙය නම් claim එකට transcript එක තුළ ප්‍රමාණවත් support තියෙනවාද කියලා පරීක්ෂා කිරීමයි.",Agriculture,Not False,Consistent,consistent,"Title, description, and transcript discuss the same subject and supported detail.",false,SYN00391,SYN00391,0.158,0.141,0.316,synthetic-agriculture-syn00391,new,,
SYN00395,SYN00395,https://synthetic.local/watch?v=SYN00395,රජයේ job ගැන official update - අයදුම්පත් කැඳවීම,රජයේ job සම්බන්ධ අයදුම්පත් කැඳවීම සහ සුදුසුකම් සහ අවසන් දිනය ගැන සිංහල පැහැදිලි කිරීමක්.,"ගොඩක් අය අහන ප්‍රශ්නයක් වන රජයේ job ගැන මෙහි පැහැදිලි කරනවා. අවසානයේ viewers ලාට නිල update බලලා තීරණ ගන්න කියනවා. අයදුම්පත් කැඳවීම ගැන කථිකයා පියවරෙන් පියවර පැහැදිලි කරයි. මෙය external fact check එකක් නොව title, description සහ transcript එක එකිනෙකට ගැළපෙනවාද කියලා බලන උදාහරණයක්. වැදගත්ම දෙය නම් claim එකට transcript එක තුළ ප්‍රමාණවත් support තියෙනවාද කියලා පරීක්ෂා කිරීමයි.",Government,Not False,Consistent,consistent,"Title, description, and transcript discuss the same subject and supported detail.",false,SYN00395,SYN00395,0.140,0.111,0.312,synthetic-government-syn00395,new,,
SYN00066,SYN00066,https://synthetic.local/watch?v=SYN00066,උණ රෝගය ගැන official update - ලක්ෂණ සහ ප්‍රතිකාර,උණ රෝගය සම්බන්ධ ලක්ෂණ සහ ප්‍රතිකාර සහ සෞඛ්‍ය අංශ අනතුරු ඇඟවීම ගැන සිංහල පැහැදිලි කිරීමක්.,"අද වීඩියෝවෙන් අපි කතා කරන්නේ උණ රෝගය ගැනයි. video එක පුරාම ප්‍රධාන අවධානය ලක්ෂණ සහ ප්‍රතිකාර මතම තියෙනවා. අවසානයේ viewers ලාට නිල update බලලා තීරණ ගන්න කියනවා. මෙය external fact check එකක් නොව title, description සහ transcript එක එකිනෙකට ගැළපෙනවාද කියලා බලන උදාහරණයක්. වැදගත්ම දෙය නම් claim එකට transcript එක තුළ ප්‍රමාණවත් support තියෙනවාද කියලා පරීක්ෂා කිරීමයි.",Health,Not False,Consistent,consistent,"Title, description, and transcript discuss the same subject and supported detail.",false,SYN00066,SYN00066,0.158,0.092,0.389,synthetic-health-syn00066,new,,
SYNNEG00111,SYNNEG00111,https://synthetic.local/watch?v=SYNNEG00111,ඔවුන් මේක සඟවනවා! ශිෂ්‍යත්ව exam ගැන සම්පූර්ණ ඇත්ත,ශිෂ්‍යත්ව exam සම්බන්ධ අයදුම්පත් දිනය සහ පාසල් මට්ටමේ දැනුම්දීම් ගැන සිංහල පැහැදිලි කිරීමක්.,"මේ update එකේ ප්‍රධාන කරුණ ශිෂ්‍යත්ව exam සම්බන්ධයෙන් ලැබුණු තොරතුරුයි. අයදුම්පත් දිනය ගැන කථිකයා පියවරෙන් පියවර පැහැදිලි කරයි. මෙහිදී source ලෙස සඳහන් කරන්නේ පාසල් මට්ටමේ දැනුම්දීම් යන්නයි. මෙය external fact check එකක් නොව title, description සහ transcript එක එකිනෙකට ගැළපෙනවාද කියලා බලන උදාහරණයක්. වැදගත්ම දෙය නම් claim එකට transcript එක තුළ ප්‍රමාණවත් support තියෙනවාද කියලා පරීක්ෂා කිරීමයි.",Education,False,Inconsistent,title_transcript_mismatch,Title makes a stronger promise than the transcript supports.,true,SYN00112,SYN00122,0.062,0.177,0.211,synthetic-education-synneg00111,new,,
SYNNEG00457,SYNNEG00457,https://synthetic.local/watch?v=SYNNEG00457,ආගමික උත්සවය ගැන official update - ගමනාගමන සැලැස්ම,"ආගමික උත්සවය ගැන සියලු official ලේඛන, නම් ලැයිස්තු, දිනයන් සහ රහස් තොරතුරු transcript එකේ සම්පූර්ණයෙන් ඇති බව කියයි.","අද වීඩියෝවෙන් අපි කතා කරන්නේ ආගමික උත්සවය ගැනයි. video එක පුරාම ප්‍රධාන අවධානය ගමනාගමන සැලැස්ම මතම තියෙනවා. අවසානයේ viewers ලාට නිල update බලලා තීරණ ගන්න කියනවා. මෙය external fact check එකක් නොව title, description සහ transcript එක එකිනෙකට ගැළපෙනවාද කියලා බලන උදාහරණයක්. වැදගත්ම දෙය නම් claim එකට transcript එක තුළ ප්‍රමාණවත් support තියෙනවාද කියලා පරීක්ෂා කිරීමයි.",Religion,False,Inconsistent,description_transcript_mismatch,Description promises detailed evidence that the transcript does not contain.,true,SYN00078,SYN00088,0.123,0.088,0.182,synthetic-religion-synneg00457,new,,
SYNNEG00197,SYNNEG00197,https://synthetic.local/watch?v=SYNNEG00197,ආගමික උත්සවය ගැන official update - ගමනාගමන සැලැස්ම,"ආගමික උත්සවය ගැන සියලු official ලේඛන, නම් ලැයිස්තු, දිනයන් සහ රහස් තොරතුරු transcript එකේ සම්පූර්ණයෙන් ඇති බව කියයි.","මේ update එකේ ප්‍රධාන කරුණ ආගමික උත්සවය සම්බන්ධයෙන් ලැබුණු තොරතුරුයි. video එක පුරාම ප්‍රධාන අවධානය ගමනාගමන සැලැස්ම මතම තියෙනවා. අවසානයේ viewers ලාට නිල update බලලා තීරණ ගන්න කියනවා. මෙය external fact check එකක් නොව title, description සහ transcript එක එකිනෙකට ගැළපෙනවාද කියලා බලන උදාහරණයක්. වැදගත්ම දෙය නම් claim එකට transcript එක තුළ ප්‍රමාණවත් support තියෙනවාද කියලා පරීක්ෂා කිරීමයි.",Religion,False,Inconsistent,description_transcript_mismatch,Description promises detailed evidence that the transcript does not contain.,true,SYN00478,SYN00488,0.125,0.106,0.182,synthetic-religion-synneg00197,new,,
SYNNEG00312,SYNNEG00312,https://synthetic.local/watch?v=SYNNEG00312,නව චිත්‍රපටය ගැන official update - release දිනය,"නව චිත්‍රපටය ගැන සියලු official ලේඛන, නම් ලැයිස්තු, දිනයන් සහ රහස් තොරතුරු transcript එකේ සම්පූර්ණයෙන් ඇති බව කියයි.","අද වීඩියෝවෙන් අපි කතා කරන්නේ නව චිත්‍රපටය ගැනයි. අවසානයේ viewers ලාට නිල update බලලා තීරණ ගන්න කියනවා. release දිනය ගැන කථිකයා පියවරෙන් පියවර පැහැදිලි කරයි. මෙය external fact check එකක් නොව title, description සහ transcript එක එකිනෙකට ගැළපෙනවාද කියලා බලන උදාහරණයක්. වැදගත්ම දෙය නම් claim එකට transcript එක තුළ ප්‍රමාණවත් support තියෙනවාද කියලා පරීක්ෂා කිරීමයි.",Entertainment,False,Inconsistent,description_transcript_mismatch,Description promises detailed evidence that the transcript does not contain.,true,SYN00123,SYN00133,0.158,0.118,0.217,synthetic-entertainment-synneg00312,new,,
SYNNEG00459,SYNNEG00459,https://synthetic.local/watch?v=SYNNEG00459,සුළි කුණාටු අවදානම ගැන ලොකු වෙනසක්? සම්පූර්ණ update මෙන්න,සුළි කුණාටු අවදානම සම්බන්ධ official forecast සහ මුහුදු ප්‍රදේශ අනතුරු ඇඟවීම ගැන සිංහල පැහැදිලි කිරීමක්.,"මේ update එකේ ප්‍රධාන කරුණ සුළි කුණාටු අවදානම සම්බන්ධයෙන් ලැබුණු තොරතුරුයි. official forecast ගැන කථිකයා පියවරෙන් පියවර පැහැදිලි කරයි. මෙහිදී source ලෙස සඳහන් කරන්නේ මුහුදු ප්‍රදේශ අනතුරු ඇඟවීම යන්නයි. මෙය external fact check එකක් නොව title, description සහ transcript එක එකිනෙකට ගැළපෙනවාද කියලා බලන උදාහරණයක්. වැදගත්ම දෙය නම් claim එකට transcript එක තුළ ප්‍රමාණවත් support තියෙනවාද කියලා පරීක්ෂා කිරීමයි.",Weather,False,Inconsistent,weak_support,Transcript mentions the topic but does not support the main promised claim.,true,SYN00100,SYN00110,0.094,0.206,0.182,synthetic-weather-synneg00459,new,,
SYNNEG00143,SYNNEG00143,https://synthetic.local/watch?v=SYNNEG00143,Breaking! විදුලි බිල් සහනය ගැන කවුරුත් නොකියන භයානක රහස,මෙම video එක 100% තහවුරු වූ breaking news එකක් කියලා overclaim කරයි.,"ගොඩක් අය අහන ප්‍රශ්නයක් වන විදුලි බිල් සහනය ගැන මෙහි පැහැදිලි කරනවා. video එක පුරාම ප්‍රධාන අවධානය ගෙවීම් ක්‍රම මතම තියෙනවා. අවසානයේ viewers ලාට නිල update බලලා තීරණ ගන්න කියනවා. මෙය external fact check එකක් නොව title, description සහ transcript එක එකිනෙකට ගැළපෙනවාද කියලා බලන උදාහරණයක්. වැදගත්ම දෙය නම් claim එකට transcript එක තුළ ප්‍රමාණවත් support තියෙනවාද කියලා පරීක්ෂා කිරීමයි.",Finance,False,Inconsistent,clickbait_overclaim,Metadata overclaims certainty while transcript is only a general discussion.,true,SYN00434,SYN00444,0.061,0.058,0.000,synthetic-finance-synneg00143,new,,
SYN00157,SYN00157,https://synthetic.local/watch?v=SYN00157,පක්ෂ රැස්වීම ගැන official update - ප්‍රතිපත්ති ප්‍රකාශය,පක්ෂ රැස්වීම සම්බන්ධ ප්‍රතිපත්ති ප්‍රකාශය සහ නායකත්වයේ අදහස් ගැන සිංහල පැහැදිලි කිරීමක්.,"මේ update එකේ ප්‍රධාන කරුණ පක්ෂ රැස්වීම සම්බන්ධයෙන් ලැබුණු තොරතුරුයි. මෙහිදී source ලෙස සඳහන් කරන්නේ නායකත්වයේ අදහස් යන්නයි. video එක පුරාම ප්‍රධාන අවධානය ප්‍රතිපත්ති ප්‍රකාශය මතම තියෙනවා. මෙය external fact check එකක් නොව title, description සහ transcript එක එකිනෙකට ගැළපෙනවාද කියලා බලන උදාහරණයක්. වැදගත්ම දෙය නම් claim එකට transcript එක තුළ ප්‍රමාණවත් support තියෙනවාද කියලා පරීක්ෂා කිරීමයි.",Politics,Not False,Consistent,consistent,"Title, description, and transcript discuss the same subject and supported detail.",false,SYN00157,SYN00157,0.121,0.131,0.375,synthetic-politics-syn00157,new,,
SYN00113,SYN00113,https://synthetic.local/watch?v=SYN00113,viral වීඩියෝව ගැන official update - සමාජ මාධ්‍ය ප්‍රතිචාර,viral වීඩියෝව සම්බන්ධ සමාජ මාධ්‍ය ප්‍රතිචාර සහ කලාකරුවන්ගේ අදහස් ගැන සිංහල පැහැදිලි කිරීමක්.,"ගොඩක් අය අහන ප්‍රශ්නයක් වන viral වීඩියෝව ගැන මෙහි පැහැදිලි කරනවා. මෙහිදී source ලෙස සඳහන් කරන්නේ කලාකරුවන්ගේ අදහස් යන්නයි. video එක පුරාම ප්‍රධාන අවධානය සමාජ මාධ්‍ය ප්‍රතිචාර මතම තියෙනවා. මෙය external fact check එකක් නොව title, description සහ transcript එක එකිනෙකට ගැළපෙනවාද කියලා බලන උදාහරණයක්. වැදගත්ම දෙය නම් claim එකට transcript එක තුළ ප්‍රමාණවත් support තියෙනවාද කියලා පරීක්ෂා කිරීමයි.",Entertainment,Not False,Consistent,consistent,"Title, description, and transcript discuss the same subject and supported detail.",false,SYN00113,SYN00113,0.113,0.177,0.412,synthetic-entertainment-syn00113,new,,
SYN00049,SYN00049,https://synthetic.local/watch?v=SYN00049,mobile app ගැන official update - privacy update,mobile app සම්බන්ධ privacy update සහ දත්ත ආරක්ෂාව ගැන පැහැදිලි කිරීම ගැන සිංහල පැහැදිලි කිරීමක්.,"මේ update එකේ ප්‍රධාන කරුණ mobile app සම්බන්ධයෙන් ලැබුණු තොරතුරුයි. මෙහිදී source ලෙස සඳහන් කරන්නේ දත්ත ආරක්ෂාව ගැන පැහැදිලි කිරීම යන්නයි. video එක පුරාම ප්‍රධාන අවධානය privacy update මතම තියෙනවා. මෙය external fact check එකක් නොව title, description සහ transcript එක එකිනෙකට ගැළපෙනවාද කියලා බලන උදාහරණයක්. වැදගත්ම දෙය නම් claim එකට transcript එක තුළ ප්‍රමාණවත් support තියෙනවාද කියලා පරීක්ෂා කිරීමයි.",Technology,Not False,Consistent,consistent,"Title, description, and transcript discuss the same subject and supported detail.",false,SYN00049,SYN00049,0.103,0.167,0.429,synthetic-technology-syn00049,new,,
SYNNEG00274,SYNNEG00274,https://synthetic.local/watch?v=SYNNEG00274,රජයේ allowance සම්බන්ධ නව තීරණයක්ද? ජනතාව අහන ප්‍රශ්න,රජයේ allowance සම්බන්ධ official අයදුම් ක්‍රමය සහ ලැබිය යුතු පවුල් කාණ්ඩ ගැන සිංහල පැහැදිලි කිරීමක්.,"ගොඩක් අය අහන ප්‍රශ්නයක් වන රජයේ allowance ගැන මෙහි පැහැදිලි කරනවා. මෙහිදී source ලෙස සඳහන් කරන්නේ ලැබිය යුතු පවුල් කාණ්ඩ යන්නයි. video එක පුරාම ප්‍රධාන අවධානය official අයදුම් ක්‍රමය මතම තියෙනවා. මෙය external fact check එකක් නොව title, description සහ transcript එක එකිනෙකට ගැළපෙනවාද කියලා බලන උදාහරණයක්. වැදගත්ම දෙය නම් claim එකට transcript එක තුළ ප්‍රමාණවත් support තියෙනවාද කියලා පරීක්ෂා කිරීමයි.",Government,False,Inconsistent,weak_support,Transcript mentions the topic but does not support the main promised claim.,true,SYN00245,SYN00255,0.060,0.200,0.136,synthetic-government-synneg00274,new,,
SYN00094,SYN00094,https://synthetic.local/watch?v=SYN00094,රන් මිල ගැන official update - අද වෙළඳපොළ තත්ත්වය,රන් මිල සම්බන්ධ අද වෙළඳපොළ තත්ත්වය සහ මිල වෙනස්වීමට හේතු ගැන සිංහල පැහැදිලි කිරීමක්.,"මේ update එකේ ප්‍රධාන කරුණ රන් මිල සම්බන්ධයෙන් ලැබුණු තොරතුරුයි. video එක පුරාම ප්‍රධාන අවධානය අද වෙළඳපොළ තත්ත්වය මතම තියෙනවා. අවසානයේ viewers ලාට නිල update බලලා තීරණ ගන්න කියනවා. මෙය external fact check එකක් නොව title, description සහ transcript එක එකිනෙකට ගැළපෙනවාද කියලා බලන උදාහරණයක්. වැදගත්ම දෙය නම් claim එකට transcript එක තුළ ප්‍රමාණවත් support තියෙනවාද කියලා පරීක්ෂා කිරීමයි.",Finance,Not False,Consistent,consistent,"Title, description, and transcript discuss the same subject and supported detail.",false,SYN00094,SYN00094,0.140,0.095,0.375,synthetic-finance-syn00094,new,,
SYNNEG00006,SYNNEG00006,https://synthetic.local/watch?v=SYNNEG00006,100% තහවුරුයි! අමාත්‍ය මණ්ඩලය ගැන official තීරණය එළියට,අමාත්‍ය මණ්ඩලය සම්බන්ධ නව තීරණ සහ මාධ්‍ය හමුවේ විස්තර ගැන සිංහල පැහැදිලි කිරීමක්.,"මේ update එකේ ප්‍රධාන කරුණ අමාත්‍ය මණ්ඩලය සම්බන්ධයෙන් ලැබුණු තොරතුරුයි. අවසානයේ viewers ලාට නිල update බලලා තීරණ ගන්න කියනවා. නව තීරණ ගැන කථිකයා පියවරෙන් පියවර පැහැදිලි කරයි. මෙය external fact check එකක් නොව title, description සහ transcript එක එකිනෙකට ගැළපෙනවාද කියලා බලන උදාහරණයක්. වැදගත්ම දෙය නම් claim එකට transcript එක තුළ ප්‍රමාණවත් support තියෙනවාද කියලා පරීක්ෂා කිරීමයි.",Politics,False,Inconsistent,title_transcript_mismatch,Title makes a stronger promise than the transcript supports.,true,SYN00067,SYN00077,0.068,0.115,0.167,synthetic-politics-synneg00006,new,,
SYNNEG00022,SYNNEG00022,https://synthetic.local/watch?v=SYNNEG00022,ටෙලි නාට්‍යය ගැන official update - අලුත් episode,"ටෙලි නාට්‍යය ගැන සියලු official ලේඛන, නම් ලැයිස්තු, දිනයන් සහ රහස් තොරතුරු transcript එකේ සම්පූර්ණයෙන් ඇති බව කියයි.","මේ update එකේ ප්‍රධාන කරුණ ටෙලි නාට්‍යය සම්බන්ධයෙන් ලැබුණු තොරතුරුයි. අවසානයේ viewers ලාට නිල update බලලා තීරණ ගන්න කියනවා. අලුත් episode ගැන කථිකයා පියවරෙන් පියවර පැහැදිලි කරයි. මෙය external fact check එකක් නොව title, description සහ transcript එක එකිනෙකට ගැළපෙනවාද කියලා බලන උදාහරණයක්. වැදගත්ම දෙය නම් claim එකට transcript එක තුළ ප්‍රමාණවත් support තියෙනවාද කියලා පරීක්ෂා කිරීමයි.",Entertainment,False,Inconsistent,description_transcript_mismatch,Description promises detailed evidence that the transcript does not contain.,true,SYN00223,SYN00233,0.158,0.134,0.217,synthetic-entertainment-synneg00022,new,,
SYN00142,SYN00142,https://synthetic.local/watch?v=SYN00142,විශ්වවිද්‍යාල ප්‍රවේශය ගැන official update - නව cut-off ලකුණු,විශ්වවිද්‍යාල ප්‍රවේශය සම්බන්ධ නව cut-off ලකුණු සහ අයදුම්කරුවන්ට උපදෙස් ගැන සිංහල පැහැදිලි කිරීමක්.,"මේ update එකේ ප්‍රධාන කරුණ විශ්වවිද්‍යාල ප්‍රවේශය සම්බන්ධයෙන් ලැබුණු තොරතුරුයි. video එක පුරාම ප්‍රධාන අවධානය නව cut-off ලකුණු මතම තියෙනවා. අවසානයේ viewers ලාට නිල update බලලා තීරණ ගන්න කියනවා. මෙය external fact check එකක් නොව title, description සහ transcript එක එකිනෙකට ගැළපෙනවාද කියලා බලන උදාහරණයක්. වැදගත්ම දෙය නම් claim එකට transcript එක තුළ ප්‍රමාණවත් support තියෙනවාද කියලා පරීක්ෂා කිරීමයි.",Education,Not False,Consistent,consistent,"Title, description, and transcript discuss the same subject and supported detail.",false,SYN00142,SYN00142,0.186,0.138,0.474,synthetic-education-syn00142,new,,
SYNNEG00382,SYNNEG00382,https://synthetic.local/watch?v=SYNNEG00382,නව චිත්‍රපටය ගැන official update - release දිනය,"නව චිත්‍රපටය ගැන සියලු official ලේඛන, නම් ලැයිස්තු, දිනයන් සහ රහස් තොරතුරු transcript එකේ සම්පූර්ණයෙන් ඇති බව කියයි.","ගොඩක් අය අහන ප්‍රශ්නයක් වන නව චිත්‍රපටය ගැන මෙහි පැහැදිලි කරනවා. අවසානයේ viewers ලාට නිල update බලලා තීරණ ගන්න කියනවා. release දිනය ගැන කථිකයා පියවරෙන් පියවර පැහැදිලි කරයි. මෙය external fact check එකක් නොව title, description සහ transcript එක එකිනෙකට ගැළපෙනවාද කියලා බලන උදාහරණයක්. වැදගත්ම දෙය නම් claim එකට transcript එක තුළ ප්‍රමාණවත් support තියෙනවාද කියලා පරීක්ෂා කිරීමයි.",Entertainment,False,Inconsistent,description_transcript_mismatch,Description promises detailed evidence that the transcript does not contain.,true,SYN00323,SYN00333,0.155,0.116,0.217,synthetic-entertainment-synneg00382,new,,
SYNNEG00426,SYNNEG00426,https://synthetic.local/watch?v=SYNNEG00426,100% තහවුරුයි! අමාත්‍ය මණ්ඩලය ගැන official තීරණය එළියට,අමාත්‍ය මණ්ඩලය සම්බන්ධ නව තීරණ සහ මාධ්‍ය හමුවේ විස්තර ගැන සිංහල පැහැදිලි කිරීමක්.,"අද වීඩියෝවෙන් අපි කතා කරන්නේ අමාත්‍ය මණ්ඩලය ගැනයි. අවසානයේ viewers ලාට නිල update බලලා තීරණ ගන්න කියනවා. නව තීරණ ගැන කථිකයා පියවරෙන් පියවර පැහැදිලි කරයි. මෙය external fact check එකක් නොව title, description සහ transcript එක එකිනෙකට ගැළපෙනවාද කියලා බලන උදාහරණයක්. වැදගත්ම දෙය නම් claim එකට transcript එක තුළ ප්‍රමාණවත් support තියෙනවාද කියලා පරීක්ෂා කිරීමයි.",Politics,False,Inconsistent,title_transcript_mismatch,Title makes a stronger promise than the transcript supports.,true,SYN00267,SYN00277,0.068,0.115,0.167,synthetic-politics-synneg00426,new,,
SYN00409,SYN00409,https://synthetic.local/watch?v=SYN00409,mobile app ගැන official update - privacy update,mobile app සම්බන්ධ privacy update සහ දත්ත ආරක්ෂාව ගැන පැහැදිලි කිරීම ගැන සිංහල පැහැදිලි කිරීමක්.,"මේ update එකේ ප්‍රධාන කරුණ mobile app සම්බන්ධයෙන් ලැබුණු තොරතුරුයි. මෙහිදී source ලෙස සඳහන් කරන්නේ දත්ත ආරක්ෂාව ගැන පැහැදිලි කිරීම යන්නයි. video එක පුරාම ප්‍රධාන අවධානය privacy update මතම තියෙනවා. මෙය external fact check එකක් නොව title, description සහ transcript එක එකිනෙකට ගැළපෙනවාද කියලා බලන උදාහරණයක්. වැදගත්ම දෙය නම් claim එකට transcript එක තුළ ප්‍රමාණවත් support තියෙනවාද කියලා පරීක්ෂා කිරීමයි.",Technology,Not False,Consistent,consistent,"Title, description, and transcript discuss the same subject and supported detail.",false,SYN00409,SYN00409,0.103,0.167,0.429,synthetic-technology-syn00409,new,,
SYNNEG00098,SYNNEG00098,https://synthetic.local/watch?v=SYNNEG00098,ඔවුන් මේක සඟවනවා! mobile app ගැන සම්පූර්ණ ඇත්ත,මෙම video එක 100% තහවුරු වූ breaking news එකක් කියලා overclaim කරයි.,"අද වීඩියෝවෙන් අපි කතා කරන්නේ mobile app ගැනයි. මෙහිදී source ලෙස සඳහන් කරන්නේ දත්ත ආරක්ෂාව ගැන පැහැදිලි කිරීම යන්නයි. video එක පුරාම ප්‍රධාන අවධානය privacy update මතම තියෙනවා. මෙය external fact check එකක් නොව title, description සහ transcript එක එකිනෙකට ගැළපෙනවාද කියලා බලන උදාහරණයක්. වැදගත්ම දෙය නම් claim එකට transcript එක තුළ ප්‍රමාණවත් support තියෙනවාද කියලා පරීක්ෂා කිරීමයි.",Technology,False,Inconsistent,clickbait_overclaim,Metadata overclaims certainty while transcript is only a general discussion.,true,SYN00489,SYN00499,0.048,0.062,0.000,synthetic-technology-synneg00098,new,,
SYN00439,SYN00439,https://synthetic.local/watch?v=SYN00439,data package ගැන official update - නව මිල,data package සම්බන්ධ නව මිල සහ telecom company update ගැන සිංහල පැහැදිලි කිරීමක්.,"මේ update එකේ ප්‍රධාන කරුණ data package සම්බන්ධයෙන් ලැබුණු තොරතුරුයි. අවසානයේ viewers ලාට නිල update බලලා තීරණ ගන්න කියනවා. නව මිල ගැන කථිකයා පියවරෙන් පියවර පැහැදිලි කරයි. මෙය external fact check එකක් නොව title, description සහ transcript එක එකිනෙකට ගැළපෙනවාද කියලා බලන උදාහරණයක්. වැදගත්ම දෙය නම් claim එකට transcript එක තුළ ප්‍රමාණවත් support තියෙනවාද කියලා පරීක්ෂා කිරීමයි.",Technology,Not False,Consistent,consistent,"Title, description, and transcript discuss the same subject and supported detail.",false,SYN00439,SYN00439,0.143,0.148,0.467,synthetic-technology-syn00439,new,,
SYNNEG00099,SYNNEG00099,https://synthetic.local/watch?v=SYNNEG00099,සුළි කුණාටු අවදානම ගැන ලොකු වෙනසක්? සම්පූර්ණ update මෙන්න,සුළි කුණාටු අවදානම සම්බන්ධ official forecast සහ මුහුදු ප්‍රදේශ අනතුරු ඇඟවීම ගැන සිංහල පැහැදිලි කිරීමක්.,"ගොඩක් අය අහන ප්‍රශ්නයක් වන සුළි කුණාටු අවදානම ගැන මෙහි පැහැදිලි කරනවා. official forecast ගැන කථිකයා පියවරෙන් පියවර පැහැදිලි කරයි. මෙහිදී source ලෙස සඳහන් කරන්නේ මුහුදු ප්‍රදේශ අනතුරු ඇඟවීම යන්නයි. මෙය external fact check එකක් නොව title, description සහ transcript එක එකිනෙකට ගැළපෙනවාද කියලා බලන උදාහරණයක්. වැදගත්ම දෙය නම් claim එකට transcript එක තුළ ප්‍රමාණවත් support තියෙනවාද කියලා පරීක්ෂා කිරීමයි.",Weather,False,Inconsistent,weak_support,Transcript mentions the topic but does not support the main promised claim.,true,SYN00500,SYN00010,0.062,0.210,0.182,synthetic-weather-synneg00099,new,,
SYNNEG00265,SYNNEG00265,https://synthetic.local/watch?v=SYNNEG00265,medicine shortage ගැන official update - රෝහල් තත්ත්වය,medicine shortage සම්බන්ධ රෝහල් තත්ත්වය සහ නිල සැපයුම් update ගැන සිංහල පැහැදිලි කිරීමක්.,"මේ update එකේ ප්‍රධාන කරුණ vaccine update සම්බන්ධයෙන් ලැබුණු තොරතුරුයි. video එක පුරාම ප්‍රධාන අවධානය රෝහල් ලබාදෙන දිනය මතම තියෙනවා. අවසානයේ viewers ලාට නිල update බලලා තීරණ ගන්න කියනවා. මෙය external fact check එකක් නොව title, description සහ transcript එක එකිනෙකට ගැළපෙනවාද කියලා බලන උදාහරණයක්. වැදගත්ම දෙය නම් claim එකට transcript එක තුළ ප්‍රමාණවත් support තියෙනවාද කියලා පරීක්ෂා කිරීමයි.",Health,False,Inconsistent,same_topic_swap,Same-topic hard negative: metadata and transcript are from different synthetic videos.,true,SYN00156,SYN00166,0.068,0.078,0.571,synthetic-health-synneg00265,new,,
SYN00270,SYN00270,https://synthetic.local/watch?v=SYN00270,ගංවතුර තත්ත්වය ගැන official update - ජල මට්ටම් update,ගංවතුර තත්ත්වය සම්බන්ධ ජල මට්ටම් update සහ ආපදා කළමනාකරණ උපදෙස් ගැන සිංහල පැහැදිලි කිරීමක්.,"අද වීඩියෝවෙන් අපි කතා කරන්නේ ගංවතුර තත්ත්වය ගැනයි. video එක පුරාම ප්‍රධාන අවධානය ජල මට්ටම් update මතම තියෙනවා. අවසානයේ viewers ලාට නිල update බලලා තීරණ ගන්න කියනවා. මෙය external fact check එකක් නොව title, description සහ transcript එක එකිනෙකට ගැළපෙනවාද කියලා බලන උදාහරණයක්. වැදගත්ම දෙය නම් claim එකට transcript එක තුළ ප්‍රමාණවත් support තියෙනවාද කියලා පරීක්ෂා කිරීමයි.",Weather,Not False,Consistent,consistent,"Title, description, and transcript discuss the same subject and supported detail.",false,SYN00270,SYN00270,0.123,0.109,0.438,synthetic-weather-syn00270,new,,
SYNNEG00052,SYNNEG00052,https://synthetic.local/watch?v=SYNNEG00052,ටෙලි නාට්‍යය ගැන official update - අලුත් episode,"ටෙලි නාට්‍යය ගැන සියලු official ලේඛන, නම් ලැයිස්තු, දිනයන් සහ රහස් තොරතුරු transcript එකේ සම්පූර්ණයෙන් ඇති බව කියයි.","ගොඩක් අය අහන ප්‍රශ්නයක් වන ටෙලි නාට්‍යය ගැන මෙහි පැහැදිලි කරනවා. අවසානයේ viewers ලාට නිල update බලලා තීරණ ගන්න කියනවා. අලුත් episode ගැන කථිකයා පියවරෙන් පියවර පැහැදිලි කරයි. මෙය external fact check එකක් නොව title, description සහ transcript එක එකිනෙකට ගැළපෙනවාද කියලා බලන උදාහරණයක්. වැදගත්ම දෙය නම් claim එකට transcript එක තුළ ප්‍රමාණවත් support තියෙනවාද කියලා පරීක්ෂා කිරීමයි.",Entertainment,False,Inconsistent,description_transcript_mismatch,Description promises detailed evidence that the transcript does not contain.,true,SYN00023,SYN00033,0.155,0.116,0.217,synthetic-entertainment-synneg00052,new,,
SYNNEG00475,SYNNEG00475,https://synthetic.local/watch?v=SYNNEG00475,දියවැඩියාව ගැන official update - ආහාර පාලන ක්‍රම,දියවැඩියාව සම්බන්ධ ආහාර පාලන ක්‍රම සහ doctor පැහැදිලි කිරීම ගැන සිංහල පැහැදිලි කිරීමක්.,"ගොඩක් අය අහන ප්‍රශ්නයක් වන උණ රෝගය ගැන මෙහි පැහැදිලි කරනවා. video එක පුරාම ප්‍රධාන අවධානය ලක්ෂණ සහ ප්‍රතිකාර මතම තියෙනවා. අවසානයේ viewers ලාට නිල update බලලා තීරණ ගන්න කියනවා. මෙය external fact check එකක් නොව title, description සහ transcript එක එකිනෙකට ගැළපෙනවාද කියලා බලන උදාහරණයක්. වැදගත්ම දෙය නම් claim එකට transcript එක තුළ ප්‍රමාණවත් support තියෙනවාද කියලා පරීක්ෂා කිරීමයි.",Health,False,Inconsistent,same_topic_swap,Same-topic hard negative: metadata and transcript are from different synthetic videos.,true,SYN00256,SYN00266,0.062,0.058,0.438,synthetic-health-synneg00475,new,,
SYNNEG00263,SYNNEG00263,https://synthetic.local/watch?v=SYNNEG00263,Breaking! රන් මිල ගැන කවුරුත් නොකියන භයානක රහස,මෙම video එක 100% තහවුරු වූ breaking news එකක් කියලා overclaim කරයි.,"ගොඩක් අය අහන ප්‍රශ්නයක් වන රන් මිල ගැන මෙහි පැහැදිලි කරනවා. video එක පුරාම ප්‍රධාන අවධානය අද වෙළඳපොළ තත්ත්වය මතම තියෙනවා. අවසානයේ viewers ලාට නිල update බලලා තීරණ ගන්න කියනවා. මෙය external fact check එකක් නොව title, description සහ transcript එක එකිනෙකට ගැළපෙනවාද කියලා බලන උදාහරණයක්. වැදගත්ම දෙය නම් claim එකට transcript එක තුළ ප්‍රමාණවත් support තියෙනවාද කියලා පරීක්ෂා කිරීමයි.",Finance,False,Inconsistent,clickbait_overclaim,Metadata overclaims certainty while transcript is only a general discussion.,true,SYN00134,SYN00144,0.046,0.059,0.000,synthetic-finance-synneg00263,new,,
SYN00253,SYN00253,https://synthetic.local/watch?v=SYN00253,ජනප්‍රිය ගායකයා ගැන official update - concert update,ජනප්‍රිය ගායකයා සම්බන්ධ concert update සහ ප්‍රවේශපත්‍ර සහ ස්ථානය ගැන සිංහල පැහැදිලි කිරීමක්.,"මේ update එකේ ප්‍රධාන කරුණ ජනප්‍රිය ගායකයා සම්බන්ධයෙන් ලැබුණු තොරතුරුයි. මෙහිදී source ලෙස සඳහන් කරන්නේ ප්‍රවේශපත්‍ර සහ ස්ථානය යන්නයි. video එක පුරාම ප්‍රධාන අවධානය concert update මතම තියෙනවා. මෙය external fact check එකක් නොව title, description සහ transcript එක එකිනෙකට ගැළපෙනවාද කියලා බලන උදාහරණයක්. වැදගත්ම දෙය නම් claim එකට transcript එක තුළ ප්‍රමාණවත් support තියෙනවාද කියලා පරීක්ෂා කිරීමයි.",Entertainment,Not False,Consistent,consistent,"Title, description, and transcript discuss the same subject and supported detail.",false,SYN00253,SYN00253,0.103,0.164,0.438,synthetic-entertainment-syn00253,new,,
SYNNEG00493,SYNNEG00493,https://synthetic.local/watch?v=SYNNEG00493,100% තහවුරුයි! විදුලි බිල් සහනය ගැන official තීරණය එළියට,මෙම video එක 100% තහවුරු වූ breaking news එකක් කියලා overclaim කරයි.,"ගොඩක් අය අහන ප්‍රශ්නයක් වන විදුලි බිල් සහනය ගැන මෙහි පැහැදිලි කරනවා. video එක පුරාම ප්‍රධාන අවධානය ගෙවීම් ක්‍රම මතම තියෙනවා. අවසානයේ viewers ලාට නිල update බලලා තීරණ ගන්න කියනවා. මෙය external fact check එකක් නොව title, description සහ transcript එක එකිනෙකට ගැළපෙනවාද කියලා බලන උදාහරණයක්. වැදගත්ම දෙය නම් claim එකට transcript එක තුළ ප්‍රමාණවත් support තියෙනවාද කියලා පරීක්ෂා කිරීමයි.",Finance,False,Inconsistent,clickbait_overclaim,Metadata overclaims certainty while transcript is only a general discussion.,true,SYN00434,SYN00444,0.077,0.058,0.050,synthetic-finance-synneg00493,new,,
SYN00272,SYN00272,https://synthetic.local/watch?v=SYN00272,ශිෂ්‍යත්ව exam ගැන official update - අයදුම්පත් දිනය,ශිෂ්‍යත්ව exam සම්බන්ධ අයදුම්පත් දිනය සහ පාසල් මට්ටමේ දැනුම්දීම් ගැන සිංහල පැහැදිලි කිරීමක්.,"ගොඩක් අය අහන ප්‍රශ්නයක් වන ශිෂ්‍යත්ව exam ගැන මෙහි පැහැදිලි කරනවා. අයදුම්පත් දිනය ගැන කථිකයා පියවරෙන් පියවර පැහැදිලි කරයි. මෙහිදී source ලෙස සඳහන් කරන්නේ පාසල් මට්ටමේ දැනුම්දීම් යන්නයි. මෙය external fact check එකක් නොව title, description සහ transcript එක එකිනෙකට ගැළපෙනවාද කියලා බලන උදාහරණයක්. වැදගත්ම දෙය නම් claim එකට transcript එක තුළ ප්‍රමාණවත් support තියෙනවාද කියලා පරීක්ෂා කිරීමයි.",Education,Not False,Consistent,consistent,"Title, description, and transcript discuss the same subject and supported detail.",false,SYN00272,SYN00272,0.098,0.180,0.353,synthetic-education-syn00272,new,,
SYN00147,SYN00147,https://synthetic.local/watch?v=SYN00147,අමාත්‍ය මණ්ඩලය ගැන official update - නව තීරණ,අමාත්‍ය මණ්ඩලය සම්බන්ධ නව තීරණ සහ මාධ්‍ය හමුවේ විස්තර ගැන සිංහල පැහැදිලි කිරීමක්.,"අද වීඩියෝවෙන් අපි කතා කරන්නේ අමාත්‍ය මණ්ඩලය ගැනයි. අවසානයේ viewers ලාට නිල update බලලා තීරණ ගන්න කියනවා. නව තීරණ ගැන කථිකයා පියවරෙන් පියවර පැහැදිලි කරයි. මෙය external fact check එකක් නොව title, description සහ transcript එක එකිනෙකට ගැළපෙනවාද කියලා බලන උදාහරණයක්. වැදගත්ම දෙය නම් claim එකට transcript එක තුළ ප්‍රමාණවත් support තියෙනවාද කියලා පරීක්ෂා කිරීමයි.",Politics,Not False,Consistent,consistent,"Title, description, and transcript discuss the same subject and supported detail.",false,SYN00147,SYN00147,0.145,0.115,0.312,synthetic-politics-syn00147,new,,
SYN00470,SYN00470,https://synthetic.local/watch?v=SYN00470,ගංවතුර තත්ත්වය ගැන official update - ජල මට්ටම් update,ගංවතුර තත්ත්වය සම්බන්ධ ජල මට්ටම් update සහ ආපදා කළමනාකරණ උපදෙස් ගැන සිංහල පැහැදිලි කිරීමක්.,"ගොඩක් අය අහන ප්‍රශ්නයක් වන ගංවතුර තත්ත්වය ගැන මෙහි පැහැදිලි කරනවා. video එක පුරාම ප්‍රධාන අවධානය ජල මට්ටම් update මතම තියෙනවා. අවසානයේ viewers ලාට නිල update බලලා තීරණ ගන්න කියනවා. මෙය external fact check එකක් නොව title, description සහ transcript එක එකිනෙකට ගැළපෙනවාද කියලා බලන උදාහරණයක්. වැදගත්ම දෙය නම් claim එකට transcript එක තුළ ප්‍රමාණවත් support තියෙනවාද කියලා පරීක්ෂා කිරීමයි.",Weather,Not False,Consistent,consistent,"Title, description, and transcript discuss the same subject and supported detail.",false,SYN00470,SYN00470,0.136,0.138,0.438,synthetic-weather-syn00470,new,,
SYNNEG00159,SYNNEG00159,https://synthetic.local/watch?v=SYNNEG00159,සුළි කුණාටු අවදානම ගැන ලොකු වෙනසක්? සම්පූර්ණ update මෙන්න,සුළි කුණාටු අවදානම සම්බන්ධ official forecast සහ මුහුදු ප්‍රදේශ අනතුරු ඇඟවීම ගැන සිංහල පැහැදිලි කිරීමක්.,"මේ update එකේ ප්‍රධාන කරුණ සුළි කුණාටු අවදානම සම්බන්ධයෙන් ලැබුණු තොරතුරුයි. official forecast ගැන කථිකයා පියවරෙන් පියවර පැහැදිලි කරයි. මෙහිදී source ලෙස සඳහන් කරන්නේ මුහුදු ප්‍රදේශ අනතුරු ඇඟවීම යන්නයි. මෙය external fact check එකක් නොව title, description සහ transcript එක එකිනෙකට ගැළපෙනවාද කියලා බලන උදාහරණයක්. වැදගත්ම දෙය නම් claim එකට transcript එක තුළ ප්‍රමාණවත් support තියෙනවාද කියලා පරීක්ෂා කිරීමයි.",Weather,False,Inconsistent,weak_support,Transcript mentions the topic but does not support the main promised claim.,true,SYN00100,SYN00110,0.094,0.206,0.182,synthetic-weather-synneg00159,new,,
SYN00406,SYN00406,https://synthetic.local/watch?v=SYN00406,vaccine update ගැන official update - රෝහල් ලබාදෙන දිනය,vaccine update සම්බන්ධ රෝහල් ලබාදෙන දිනය සහ වෛද්‍යවරයාගේ උපදෙස් ගැන සිංහල පැහැදිලි කිරීමක්.,"මේ update එකේ ප්‍රධාන කරුණ vaccine update සම්බන්ධයෙන් ලැබුණු තොරතුරුයි. video එක පුරාම ප්‍රධාන අවධානය රෝහල් ලබාදෙන දිනය මතම තියෙනවා. අවසානයේ viewers ලාට නිල update බලලා තීරණ ගන්න කියනවා. මෙය external fact check එකක් නොව title, description සහ transcript එක එකිනෙකට ගැළපෙනවාද කියලා බලන උදාහරණයක්. වැදගත්ම දෙය නම් claim එකට transcript එක තුළ ප්‍රමාණවත් support තියෙනවාද කියලා පරීක්ෂා කිරීමයි.",Health,Not False,Consistent,consistent,"Title, description, and transcript discuss the same subject and supported detail.",false,SYN00406,SYN00406,0.125,0.111,0.438,synthetic-health-syn00406,new,,
SYNNEG00012,SYNNEG00012,https://synthetic.local/watch?v=SYNNEG00012,නව චිත්‍රපටය ගැන official update - release දිනය,"නව චිත්‍රපටය ගැන සියලු official ලේඛන, නම් ලැයිස්තු, දිනයන් සහ රහස් තොරතුරු transcript එකේ සම්පූර්ණයෙන් ඇති බව කියයි.","අද වීඩියෝවෙන් අපි කතා කරන්නේ නව චිත්‍රපටය ගැනයි. අවසානයේ viewers ලාට නිල update බලලා තීරණ ගන්න කියනවා. release දිනය ගැන කථිකයා පියවරෙන් පියවර පැහැදිලි කරයි. මෙය external fact check එකක් නොව title, description සහ transcript එක එකිනෙකට ගැළපෙනවාද කියලා බලන උදාහරණයක්. වැදගත්ම දෙය නම් claim එකට transcript එක තුළ ප්‍රමාණවත් support තියෙනවාද කියලා පරීක්ෂා කිරීමයි.",Entertainment,False,Inconsistent,description_transcript_mismatch,Description promises detailed evidence that the transcript does not contain.,true,SYN00123,SYN00133,0.158,0.118,0.217,synthetic-entertainment-synneg00012,new,,
SYNNEG00172,SYNNEG00172,https://synthetic.local/watch?v=SYNNEG00172,ටෙලි නාට්‍යය ගැන official update - අලුත් episode,"ටෙලි නාට්‍යය ගැන සියලු official ලේඛන, නම් ලැයිස්තු, දිනයන් සහ රහස් තොරතුරු transcript එකේ සම්පූර්ණයෙන් ඇති බව කියයි.","මේ update එකේ ප්‍රධාන කරුණ ටෙලි නාට්‍යය සම්බන්ධයෙන් ලැබුණු තොරතුරුයි. අවසානයේ viewers ලාට නිල update බලලා තීරණ ගන්න කියනවා. අලුත් episode ගැන කථිකයා පියවරෙන් පියවර පැහැදිලි කරයි. මෙය external fact check එකක් නොව title, description සහ transcript එක එකිනෙකට ගැළපෙනවාද කියලා බලන උදාහරණයක්. වැදගත්ම දෙය නම් claim එකට transcript එක තුළ ප්‍රමාණවත් support තියෙනවාද කියලා පරීක්ෂා කිරීමයි.",Entertainment,False,Inconsistent,description_transcript_mismatch,Description promises detailed evidence that the transcript does not contain.,true,SYN00223,SYN00233,0.158,0.134,0.217,synthetic-entertainment-synneg00172,new,,
SYN00218,SYN00218,https://synthetic.local/watch?v=SYN00218,ධර්ම දේශනාව ගැන official update - සජීවී වැඩසටහන,ධර්ම දේශනාව සම්බන්ධ සජීවී වැඩසටහන සහ භික්ෂූන් වහන්සේගේ පැහැදිලි කිරීම ගැන සිංහල පැහැදිලි කිරීමක්.,"ගොඩක් අය අහන ප්‍රශ්නයක් වන ධර්ම දේශනාව ගැන මෙහි පැහැදිලි කරනවා. video එක පුරාම ප්‍රධාන අවධානය සජීවී වැඩසටහන මතම තියෙනවා. අවසානයේ viewers ලාට නිල update බලලා තීරණ ගන්න කියනවා. මෙය external fact check එකක් නොව title, description සහ transcript එක එකිනෙකට ගැළපෙනවාද කියලා බලන උදාහරණයක්. වැදගත්ම දෙය නම් claim එකට transcript එක තුළ ප්‍රමාණවත් support තියෙනවාද කියලා පරීක්ෂා කිරීමයි.",Religion,Not False,Consistent,consistent,"Title, description, and transcript discuss the same subject and supported detail.",false,SYN00218,SYN00218,0.136,0.125,0.400,synthetic-religion-syn00218,new,,
SYN00323,SYN00323,https://synthetic.local/watch?v=SYN00323,නව චිත්‍රපටය ගැන official update - release දිනය,නව චිත්‍රපටය සම්බන්ධ release දිනය සහ අධ්‍යක්ෂවරයාගේ පැහැදිලි කිරීම ගැන සිංහල පැහැදිලි කිරීමක්.,"ගොඩක් අය අහන ප්‍රශ්නයක් වන නව චිත්‍රපටය ගැන මෙහි පැහැදිලි කරනවා. අවසානයේ viewers ලාට නිල update බලලා තීරණ ගන්න කියනවා. release දිනය ගැන කථිකයා පියවරෙන් පියවර පැහැදිලි කරයි. මෙය external fact check එකක් නොව title, description සහ transcript එක එකිනෙකට ගැළපෙනවාද කියලා බලන උදාහරණයක්. වැදගත්ම දෙය නම් claim එකට transcript එක තුළ ප්‍රමාණවත් support තියෙනවාද කියලා පරීක්ෂා කිරීමයි.",Entertainment,Not False,Consistent,consistent,"Title, description, and transcript discuss the same subject and supported detail.",false,SYN00323,SYN00323,0.155,0.143,0.438,synthetic-entertainment-syn00323,new,,
SYNNEG00236,SYNNEG00236,https://synthetic.local/watch?v=SYNNEG00236,Breaking! පාර්ලිමේන්තු විවාදය ගැන කවුරුත් නොකියන භයානක රහස,පාර්ලිමේන්තු විවාදය සම්බන්ධ අද තීරණය සහ මන්ත්‍රීවරුන්ගේ අදහස් ගැන සිංහල පැහැදිලි කිරීමක්.,"මේ update එකේ ප්‍රධාන කරුණ පාර්ලිමේන්තු විවාදය සම්බන්ධයෙන් ලැබුණු තොරතුරුයි. අවසානයේ viewers ලාට නිල update බලලා තීරණ ගන්න කියනවා. අද තීරණය ගැන කථිකයා පියවරෙන් පියවර පැහැදිලි කරයි. මෙය external fact check එකක් නොව title, description සහ transcript එක එකිනෙකට ගැළපෙනවාද කියලා බලන උදාහරණයක්. වැදගත්ම දෙය නම් claim එකට transcript එක තුළ ප්‍රමාණවත් support තියෙනවාද කියලා පරීක්ෂා කිරීමයි.",Politics,False,Inconsistent,title_transcript_mismatch,Title makes a stronger promise than the transcript supports.,true,SYN00367,SYN00377,0.049,0.113,0.167,synthetic-politics-synneg00236,new,,
SYNNEG00081,SYNNEG00081,https://synthetic.local/watch?v=SYNNEG00081,දැන්ම බලන්න! ශිෂ්‍යත්ව exam නිසා ලංකාවම කම්පා වෙයි,ශිෂ්‍යත්ව exam සම්බන්ධ අයදුම්පත් දිනය සහ පාසල් මට්ටමේ දැනුම්දීම් ගැන සිංහල පැහැදිලි කිරීමක්.,"අද වීඩියෝවෙන් අපි කතා කරන්නේ ශිෂ්‍යත්ව exam ගැනයි. අයදුම්පත් දිනය ගැන කථිකයා පියවරෙන් පියවර පැහැදිලි කරයි. මෙහිදී source ලෙස සඳහන් කරන්නේ පාසල් මට්ටමේ දැනුම්දීම් යන්නයි. මෙය external fact check එකක් නොව title, description සහ transcript එක එකිනෙකට ගැළපෙනවාද කියලා බලන උදාහරණයක්. වැදගත්ම දෙය නම් claim එකට transcript එක තුළ ප්‍රමාණවත් support තියෙනවාද කියලා පරීක්ෂා කිරීමයි.",Education,False,Inconsistent,title_transcript_mismatch,Title makes a stronger promise than the transcript supports.,true,SYN00312,SYN00322,0.048,0.186,0.150,synthetic-education-synneg00081,new,,
SYN00217,SYN00217,https://synthetic.local/watch?v=SYN00217,election update ගැන official update - ඡන්ද දිනය ගැන පැහැදිලි කිරීම,election update සම්බන්ධ ඡන්ද දිනය ගැන පැහැදිලි කිරීම සහ කොමිසමේ නිවේදනය ගැන සිංහල පැහැදිලි කිරීමක්.,"මේ update එකේ ප්‍රධාන කරුණ election update සම්බන්ධයෙන් ලැබුණු තොරතුරුයි. මෙහිදී source ලෙස සඳහන් කරන්නේ කොමිසමේ නිවේදනය යන්නයි. video එක පුරාම ප්‍රධාන අවධානය ඡන්ද දිනය ගැන පැහැදිලි කිරීම මතම තියෙනවා. මෙය external fact check එකක් නොව title, description සහ transcript එක එකිනෙකට ගැළපෙනවාද කියලා බලන උදාහරණයක්. වැදගත්ම දෙය නම් claim එකට transcript එක තුළ ප්‍රමාණවත් support තියෙනවාද කියලා පරීක්ෂා කිරීමයි.",Politics,Not False,Consistent,consistent,"Title, description, and transcript discuss the same subject and supported detail.",false,SYN00217,SYN00217,0.121,0.167,0.500,synthetic-politics-syn00217,new,,
SYN00068,SYN00068,https://synthetic.local/watch?v=SYN00068,පුණ්‍ය කටයුතු ගැන official update - උත්සව සංවිධානය,පුණ්‍ය කටයුතු සම්බන්ධ උත්සව සංවිධානය සහ ප්‍රදේශවාසීන්ට උපදෙස් ගැන සිංහල පැහැදිලි කිරීමක්.,"ගොඩක් අය අහන ප්‍රශ්නයක් වන පුණ්‍ය කටයුතු ගැන මෙහි පැහැදිලි කරනවා. උත්සව සංවිධානය ගැන කථිකයා පියවරෙන් පියවර පැහැදිලි කරයි. මෙහිදී source ලෙස සඳහන් කරන්නේ ප්‍රදේශවාසීන්ට උපදෙස් යන්නයි. මෙය external fact check එකක් නොව title, description සහ transcript එක එකිනෙකට ගැළපෙනවාද කියලා බලන උදාහරණයක්. වැදගත්ම දෙය නම් claim එකට transcript එක තුළ ප්‍රමාණවත් support තියෙනවාද කියලා පරීක්ෂා කිරීමයි.",Religion,Not False,Consistent,consistent,"Title, description, and transcript discuss the same subject and supported detail.",false,SYN00068,SYN00068,0.085,0.169,0.312,synthetic-religion-syn00068,new,,
SYN00275,SYN00275,https://synthetic.local/watch?v=SYN00275,රජයේ job ගැන official update - අයදුම්පත් කැඳවීම,රජයේ job සම්බන්ධ අයදුම්පත් කැඳවීම සහ සුදුසුකම් සහ අවසන් දිනය ගැන සිංහල පැහැදිලි කිරීමක්.,"ගොඩක් අය අහන ප්‍රශ්නයක් වන රජයේ job ගැන මෙහි පැහැදිලි කරනවා. අවසානයේ viewers ලාට නිල update බලලා තීරණ ගන්න කියනවා. අයදුම්පත් කැඳවීම ගැන කථිකයා පියවරෙන් පියවර පැහැදිලි කරයි. මෙය external fact check එකක් නොව title, description සහ transcript එක එකිනෙකට ගැළපෙනවාද කියලා බලන උදාහරණයක්. වැදගත්ම දෙය නම් claim එකට transcript එක තුළ ප්‍රමාණවත් support තියෙනවාද කියලා පරීක්ෂා කිරීමයි.",Government,Not False,Consistent,consistent,"Title, description, and transcript discuss the same subject and supported detail.",false,SYN00275,SYN00275,0.140,0.111,0.312,synthetic-government-syn00275,new,,
SYN00411,SYN00411,https://synthetic.local/watch?v=SYN00411,තේ වගාව ගැන official update - නව රෝග පාලන ක්‍රම,තේ වගාව සම්බන්ධ නව රෝග පාලන ක්‍රම සහ ගොවීන්ට ලබාදෙන උපදෙස් ගැන සිංහල පැහැදිලි කිරීමක්.,"අද වීඩියෝවෙන් අපි කතා කරන්නේ තේ වගාව ගැනයි. අවසානයේ viewers ලාට නිල update බලලා තීරණ ගන්න කියනවා. නව රෝග පාලන ක්‍රම ගැන කථිකයා පියවරෙන් පියවර පැහැදිලි කරයි. මෙය external fact check එකක් නොව title, description සහ transcript එක එකිනෙකට ගැළපෙනවාද කියලා බලන උදාහරණයක්. වැදගත්ම දෙය නම් claim එකට transcript එක තුළ ප්‍රමාණවත් support තියෙනවාද කියලා පරීක්ෂා කිරීමයි.",Agriculture,Not False,Consistent,consistent,"Title, description, and transcript discuss the same subject and supported detail.",false,SYN00411,SYN00411,0.186,0.154,0.421,synthetic-agriculture-syn00411,new,,
SYN00324,SYN00324,https://synthetic.local/watch?v=SYN00324,බැංකු loan ගැන official update - පොලී අනුපාත update,බැංකු loan සම්බන්ධ පොලී අනුපාත update සහ අයදුම් කිරීමේ කොන්දේසි ගැන සිංහල පැහැදිලි කිරීමක්.,"අද වීඩියෝවෙන් අපි කතා කරන්නේ බැංකු loan ගැනයි. පොලී අනුපාත update ගැන කථිකයා පියවරෙන් පියවර පැහැදිලි කරයි. මෙහිදී source ලෙස සඳහන් කරන්නේ අයදුම් කිරීමේ කොන්දේසි යන්නයි. මෙය external fact check එකක් නොව title, description සහ transcript එක එකිනෙකට ගැළපෙනවාද කියලා බලන උදාහරණයක්. වැදගත්ම දෙය නම් claim එකට transcript එක තුළ ප්‍රමාණවත් support තියෙනවාද කියලා පරීක්ෂා කිරීමයි.",Finance,Not False,Consistent,consistent,"Title, description, and transcript discuss the same subject and supported detail.",false,SYN00324,SYN00324,0.121,0.200,0.438,synthetic-finance-syn00324,new,,
SYNNEG00325,SYNNEG00325,https://synthetic.local/watch?v=SYNNEG00325,දියවැඩියාව ගැන official update - ආහාර පාලන ක්‍රම,දියවැඩියාව සම්බන්ධ ආහාර පාලන ක්‍රම සහ doctor පැහැදිලි කිරීම ගැන සිංහල පැහැදිලි කිරීමක්.,"ගොඩක් අය අහන ප්‍රශ්නයක් වන උණ රෝගය ගැන මෙහි පැහැදිලි කරනවා. video එක පුරාම ප්‍රධාන අවධානය ලක්ෂණ සහ ප්‍රතිකාර මතම තියෙනවා. අවසානයේ viewers ලාට නිල update බලලා තීරණ ගන්න කියනවා. මෙය external fact check එකක් නොව title, description සහ transcript එක එකිනෙකට ගැළපෙනවාද කියලා බලන උදාහරණයක්. වැදගත්ම දෙය නම් claim එකට transcript එක තුළ ප්‍රමාණවත් support තියෙනවාද කියලා පරීක්ෂා කිරීමයි.",Health,False,Inconsistent,same_topic_swap,Same-topic hard negative: metadata and transcript are from different synthetic videos.,true,SYN00256,SYN00266,0.062,0.058,0.438,synthetic-health-synneg00325,new,,
SYNNEG00483,SYNNEG00483,https://synthetic.local/watch?v=SYNNEG00483,Breaking! රන් මිල ගැන කවුරුත් නොකියන භයානක රහස,මෙම video එක 100% තහවුරු වූ breaking news එකක් කියලා overclaim කරයි.,"මේ update එකේ ප්‍රධාන කරුණ රන් මිල සම්බන්ධයෙන් ලැබුණු තොරතුරුයි. video එක පුරාම ප්‍රධාන අවධානය අද වෙළඳපොළ තත්ත්වය මතම තියෙනවා. අවසානයේ viewers ලාට නිල update බලලා තීරණ ගන්න කියනවා. මෙය external fact check එකක් නොව title, description සහ transcript එක එකිනෙකට ගැළපෙනවාද කියලා බලන උදාහරණයක්. වැදගත්ම දෙය නම් claim එකට transcript එක තුළ ප්‍රමාණවත් support තියෙනවාද කියලා පරීක්ෂා කිරීමයි.",Finance,False,Inconsistent,clickbait_overclaim,Metadata overclaims certainty while transcript is only a general discussion.,true,SYN00334,SYN00344,0.032,0.062,0.000,synthetic-finance-synneg00483,new,,
SYNNEG00342,SYNNEG00342,https://synthetic.local/watch?v=SYNNEG00342,ටෙලි නාට්‍යය ගැන official update - අලුත් episode,"ටෙලි නාට්‍යය ගැන සියලු official ලේඛන, නම් ලැයිස්තු, දිනයන් සහ රහස් තොරතුරු transcript එකේ සම්පූර්ණයෙන් ඇති බව කියයි.","අද වීඩියෝවෙන් අපි කතා කරන්නේ ටෙලි නාට්‍යය ගැනයි. අවසානයේ viewers ලාට නිල update බලලා තීරණ ගන්න කියනවා. අලුත් episode ගැන කථිකයා පියවරෙන් පියවර පැහැදිලි කරයි. මෙය external fact check එකක් නොව title, description සහ transcript එක එකිනෙකට ගැළපෙනවාද කියලා බලන උදාහරණයක්. වැදගත්ම දෙය නම් claim එකට transcript එක තුළ ප්‍රමාණවත් support තියෙනවාද කියලා පරීක්ෂා කිරීමයි.",Entertainment,False,Inconsistent,description_transcript_mismatch,Description promises detailed evidence that the transcript does not contain.,true,SYN00423,SYN00433,0.158,0.118,0.217,synthetic-entertainment-synneg00342,new,,
SYN00235,SYN00235,https://synthetic.local/watch?v=SYN00235,රජයේ job ගැන official update - අයදුම්පත් කැඳවීම,රජයේ job සම්බන්ධ අයදුම්පත් කැඳවීම සහ සුදුසුකම් සහ අවසන් දිනය ගැන සිංහල පැහැදිලි කිරීමක්.,"මේ update එකේ ප්‍රධාන කරුණ රජයේ job සම්බන්ධයෙන් ලැබුණු තොරතුරුයි. අවසානයේ viewers ලාට නිල update බලලා තීරණ ගන්න කියනවා. අයදුම්පත් කැඳවීම ගැන කථිකයා පියවරෙන් පියවර පැහැදිලි කරයි. මෙය external fact check එකක් නොව title, description සහ transcript එක එකිනෙකට ගැළපෙනවාද කියලා බලන උදාහරණයක්. වැදගත්ම දෙය නම් claim එකට transcript එක තුළ ප්‍රමාණවත් support තියෙනවාද කියලා පරීක්ෂා කිරීමයි.",Government,Not False,Consistent,consistent,"Title, description, and transcript discuss the same subject and supported detail.",false,SYN00235,SYN00235,0.143,0.113,0.312,synthetic-government-syn00235,new,,
SYN00058,SYN00058,https://synthetic.local/watch?v=SYN00058,ධර්ම දේශනාව ගැන official update - සජීවී වැඩසටහන,ධර්ම දේශනාව සම්බන්ධ සජීවී වැඩසටහන සහ භික්ෂූන් වහන්සේගේ පැහැදිලි කිරීම ගැන සිංහල පැහැදිලි කිරීමක්.,"මේ update එකේ ප්‍රධාන කරුණ ධර්ම දේශනාව සම්බන්ධයෙන් ලැබුණු තොරතුරුයි. video එක පුරාම ප්‍රධාන අවධානය සජීවී වැඩසටහන මතම තියෙනවා. අවසානයේ viewers ලාට නිල update බලලා තීරණ ගන්න කියනවා. මෙය external fact check එකක් නොව title, description සහ transcript එක එකිනෙකට ගැළපෙනවාද කියලා බලන උදාහරණයක්. වැදගත්ම දෙය නම් claim එකට transcript එක තුළ ප්‍රමාණවත් support තියෙනවාද කියලා පරීක්ෂා කිරීමයි.",Religion,Not False,Consistent,consistent,"Title, description, and transcript discuss the same subject and supported detail.",false,SYN00058,SYN00058,0.125,0.097,0.400,synthetic-religion-syn00058,new,,
SYNNEG00295,SYNNEG00295,https://synthetic.local/watch?v=SYNNEG00295,දියවැඩියාව ගැන official update - ආහාර පාලන ක්‍රම,දියවැඩියාව සම්බන්ධ ආහාර පාලන ක්‍රම සහ doctor පැහැදිලි කිරීම ගැන සිංහල පැහැදිලි කිරීමක්.,"මේ update එකේ ප්‍රධාන කරුණ උණ රෝගය සම්බන්ධයෙන් ලැබුණු තොරතුරුයි. video එක පුරාම ප්‍රධාන අවධානය ලක්ෂණ සහ ප්‍රතිකාර මතම තියෙනවා. අවසානයේ viewers ලාට නිල update බලලා තීරණ ගන්න කියනවා. මෙය external fact check එකක් නොව title, description සහ transcript එක එකිනෙකට ගැළපෙනවාද කියලා බලන උදාහරණයක්. වැදගත්ම දෙය නම් claim එකට transcript එක තුළ ප්‍රමාණවත් support තියෙනවාද කියලා පරීක්ෂා කිරීමයි.",Health,False,Inconsistent,same_topic_swap,Same-topic hard negative: metadata and transcript are from different synthetic videos.,true,SYN00456,SYN00466,0.049,0.030,0.438,synthetic-health-synneg00295,new,,
SYNNEG00287,SYNNEG00287,https://synthetic.local/watch?v=SYNNEG00287,ධර්ම දේශනාව ගැන official update - සජීවී වැඩසටහන,"ධර්ම දේශනාව ගැන සියලු official ලේඛන, නම් ලැයිස්තු, දිනයන් සහ රහස් තොරතුරු transcript එකේ සම්පූර්ණයෙන් ඇති බව කියයි.","අද වීඩියෝවෙන් අපි කතා කරන්නේ ධර්ම දේශනාව ගැනයි. video එක පුරාම ප්‍රධාන අවධානය සජීවී වැඩසටහන මතම තියෙනවා. අවසානයේ viewers ලාට නිල update බලලා තීරණ ගන්න කියනවා. මෙය external fact check එකක් නොව title, description සහ transcript එක එකිනෙකට ගැළපෙනවාද කියලා බලන උදාහරණයක්. වැදගත්ම දෙය නම් claim එකට transcript එක තුළ ප්‍රමාණවත් support තියෙනවාද කියලා පරීක්ෂා කිරීමයි.",Religion,False,Inconsistent,description_transcript_mismatch,Description promises detailed evidence that the transcript does not contain.,true,SYN00378,SYN00388,0.123,0.088,0.182,synthetic-religion-synneg00287,new,,
SYNNEG00364,SYNNEG00364,https://synthetic.local/watch?v=SYNNEG00364,gazette නිවේදනය සම්බන්ධ නව තීරණයක්ද? ජනතාව අහන ප්‍රශ්න,gazette නිවේදනය සම්බන්ධ නව නියමයන් සහ අදාළ දිනය සහ බලපෑම ගැන සිංහල පැහැදිලි කිරීමක්.,"මේ update එකේ ප්‍රධාන කරුණ gazette නිවේදනය සම්බන්ධයෙන් ලැබුණු තොරතුරුයි. මෙහිදී source ලෙස සඳහන් කරන්නේ අදාළ දිනය සහ බලපෑම යන්නයි. video එක පුරාම ප්‍රධාන අවධානය නව නියමයන් මතම තියෙනවා. මෙය external fact check එකක් නොව title, description සහ transcript එක එකිනෙකට ගැළපෙනවාද කියලා බලන උදාහරණයක්. වැදගත්ම දෙය නම් claim එකට transcript එක තුළ ප්‍රමාණවත් support තියෙනවාද කියලා පරීක්ෂා කිරීමයි.",Government,False,Inconsistent,weak_support,Transcript mentions the topic but does not support the main promised claim.,true,SYN00145,SYN00155,0.065,0.129,0.222,synthetic-government-synneg00364,new,,
SYN00333,SYN00333,https://synthetic.local/watch?v=SYN00333,ජනප්‍රිය ගායකයා ගැන official update - concert update,ජනප්‍රිය ගායකයා සම්බන්ධ concert update සහ ප්‍රවේශපත්‍ර සහ ස්ථානය ගැන සිංහල පැහැදිලි කිරීමක්.,"අද වීඩියෝවෙන් අපි කතා කරන්නේ ජනප්‍රිය ගායකයා ගැනයි. මෙහිදී source ලෙස සඳහන් කරන්නේ ප්‍රවේශපත්‍ර සහ ස්ථානය යන්නයි. video එක පුරාම ප්‍රධාන අවධානය concert update මතම තියෙනවා. මෙය external fact check එකක් නොව title, description සහ transcript එක එකිනෙකට ගැළපෙනවාද කියලා බලන උදාහරණයක්. වැදගත්ම දෙය නම් claim එකට transcript එක තුළ ප්‍රමාණවත් support තියෙනවාද කියලා පරීක්ෂා කිරීමයි.",Entertainment,Not False,Consistent,consistent,"Title, description, and transcript discuss the same subject and supported detail.",false,SYN00333,SYN00333,0.103,0.164,0.438,synthetic-entertainment-syn00333,new,,
SYNNEG00202,SYNNEG00202,https://synthetic.local/watch?v=SYNNEG00202,ටෙලි නාට්‍යය ගැන official update - අලුත් episode,"ටෙලි නාට්‍යය ගැන සියලු official ලේඛන, නම් ලැයිස්තු, දිනයන් සහ රහස් තොරතුරු transcript එකේ සම්පූර්ණයෙන් ඇති බව කියයි.","ගොඩක් අය අහන ප්‍රශ්නයක් වන ටෙලි නාට්‍යය ගැන මෙහි පැහැදිලි කරනවා. අවසානයේ viewers ලාට නිල update බලලා තීරණ ගන්න කියනවා. අලුත් episode ගැන කථිකයා පියවරෙන් පියවර පැහැදිලි කරයි. මෙය external fact check එකක් නොව title, description සහ transcript එක එකිනෙකට ගැළපෙනවාද කියලා බලන උදාහරණයක්. වැදගත්ම දෙය නම් claim එකට transcript එක තුළ ප්‍රමාණවත් support තියෙනවාද කියලා පරීක්ෂා කිරීමයි.",Entertainment,False,Inconsistent,description_transcript_mismatch,Description promises detailed evidence that the transcript does not contain.,true,SYN00023,SYN00033,0.155,0.116,0.217,synthetic-entertainment-synneg00202,new,,
SYN00225,SYN00225,https://synthetic.local/watch?v=SYN00225,gazette නිවේදනය ගැන official update - නව නියමයන්,gazette නිවේදනය සම්බන්ධ නව නියමයන් සහ අදාළ දිනය සහ බලපෑම ගැන සිංහල පැහැදිලි කිරීමක්.,"අද වීඩියෝවෙන් අපි කතා කරන්නේ gazette නිවේදනය ගැනයි. මෙහිදී source ලෙස සඳහන් කරන්නේ අදාළ දිනය සහ බලපෑම යන්නයි. video එක පුරාම ප්‍රධාන අවධානය නව නියමයන් මතම තියෙනවා. මෙය external fact check එකක් නොව title, description සහ transcript එක එකිනෙකට ගැළපෙනවාද කියලා බලන උදාහරණයක්. වැදගත්ම දෙය නම් claim එකට transcript එක තුළ ප්‍රමාණවත් support තියෙනවාද කියලා පරීක්ෂා කිරීමයි.",Government,Not False,Consistent,consistent,"Title, description, and transcript discuss the same subject and supported detail.",false,SYN00225,SYN00225,0.068,0.133,0.312,synthetic-government-syn00225,new,,
SYNNEG00071,SYNNEG00071,https://synthetic.local/watch?v=SYNNEG00071,ඔවුන් මේක සඟවනවා! පාසල් නිවාඩු ගැන සම්පූර්ණ ඇත්ත,පාසල් නිවාඩු සම්බන්ධ කාලසටහන් වෙනස්වීම සහ අධ්‍යාපන අමාත්‍යාංශ update ගැන සිංහල පැහැදිලි කිරීමක්.,"ගොඩක් අය අහන ප්‍රශ්නයක් වන පාසල් නිවාඩු ගැන මෙහි පැහැදිලි කරනවා. කාලසටහන් වෙනස්වීම ගැන කථිකයා පියවරෙන් පියවර පැහැදිලි කරයි. මෙහිදී source ලෙස සඳහන් කරන්නේ අධ්‍යාපන අමාත්‍යාංශ update යන්නයි. මෙය external fact check එකක් නොව title, description සහ transcript එක එකිනෙකට ගැළපෙනවාද කියලා බලන උදාහරණයක්. වැදගත්ම දෙය නම් claim එකට transcript එක තුළ ප්‍රමාණවත් support තියෙනවාද කියලා පරීක්ෂා කිරීමයි.",Education,False,Inconsistent,title_transcript_mismatch,Title makes a stronger promise than the transcript supports.,true,SYN00212,SYN00222,0.046,0.206,0.143,synthetic-education-synneg00071,new,,
SYNNEG00205,SYNNEG00205,https://synthetic.local/watch?v=SYNNEG00205,දියවැඩියාව ගැන official update - ආහාර පාලන ක්‍රම,දියවැඩියාව සම්බන්ධ ආහාර පාලන ක්‍රම සහ doctor පැහැදිලි කිරීම ගැන සිංහල පැහැදිලි කිරීමක්.,"අද වීඩියෝවෙන් අපි කතා කරන්නේ උණ රෝගය ගැනයි. video එක පුරාම ප්‍රධාන අවධානය ලක්ෂණ සහ ප්‍රතිකාර මතම තියෙනවා. අවසානයේ viewers ලාට නිල update බලලා තීරණ ගන්න කියනවා. මෙය external fact check එකක් නොව title, description සහ transcript එක එකිනෙකට ගැළපෙනවාද කියලා බලන උදාහරණයක්. වැදගත්ම දෙය නම් claim එකට transcript එක තුළ ප්‍රමාණවත් support තියෙනවාද කියලා පරීක්ෂා කිරීමයි.",Health,False,Inconsistent,same_topic_swap,Same-topic hard negative: metadata and transcript are from different synthetic videos.,true,SYN00056,SYN00066,0.048,0.029,0.438,synthetic-health-synneg00205,new,,
SYNNEG00156,SYNNEG00156,https://synthetic.local/watch?v=SYNNEG00156,Breaking! අමාත්‍ය මණ්ඩලය ගැන කවුරුත් නොකියන භයානක රහස,අමාත්‍ය මණ්ඩලය සම්බන්ධ නව තීරණ සහ මාධ්‍ය හමුවේ විස්තර ගැන සිංහල පැහැදිලි කිරීමක්.,"මේ update එකේ ප්‍රධාන කරුණ අමාත්‍ය මණ්ඩලය සම්බන්ධයෙන් ලැබුණු තොරතුරුයි. අවසානයේ viewers ලාට නිල update බලලා තීරණ ගන්න කියනවා. නව තීරණ ගැන කථිකයා පියවරෙන් පියවර පැහැදිලි කරයි. මෙය external fact check එකක් නොව title, description සහ transcript එක එකිනෙකට ගැළපෙනවාද කියලා බලන උදාහරණයක්. වැදගත්ම දෙය නම් claim එකට transcript එක තුළ ප්‍රමාණවත් support තියෙනවාද කියලා පරීක්ෂා කිරීමයි.",Politics,False,Inconsistent,title_transcript_mismatch,Title makes a stronger promise than the transcript supports.,true,SYN00067,SYN00077,0.050,0.115,0.167,synthetic-politics-synneg00156,new,,
SYN00277,SYN00277,https://synthetic.local/watch?v=SYN00277,පක්ෂ රැස්වීම ගැන official update - ප්‍රතිපත්ති ප්‍රකාශය,පක්ෂ රැස්වීම සම්බන්ධ ප්‍රතිපත්ති ප්‍රකාශය සහ නායකත්වයේ අදහස් ගැන සිංහල පැහැදිලි කිරීමක්.,"මේ update එකේ ප්‍රධාන කරුණ පක්ෂ රැස්වීම සම්බන්ධයෙන් ලැබුණු තොරතුරුයි. මෙහිදී source ලෙස සඳහන් කරන්නේ නායකත්වයේ අදහස් යන්නයි. video එක පුරාම ප්‍රධාන අවධානය ප්‍රතිපත්ති ප්‍රකාශය මතම තියෙනවා. මෙය external fact check එකක් නොව title, description සහ transcript එක එකිනෙකට ගැළපෙනවාද කියලා බලන උදාහරණයක්. වැදගත්ම දෙය නම් claim එකට transcript එක තුළ ප්‍රමාණවත් support තියෙනවාද කියලා පරීක්ෂා කිරීමයි.",Politics,Not False,Consistent,consistent,"Title, description, and transcript discuss the same subject and supported detail.",false,SYN00277,SYN00277,0.121,0.131,0.375,synthetic-politics-syn00277,new,,
SYN00389,SYN00389,https://synthetic.local/watch?v=SYN00389,Facebook account ගැන official update - security warning,Facebook account සම්බන්ධ security warning සහ password ආරක්ෂාව ගැන සිංහල පැහැදිලි කිරීමක්.,"ගොඩක් අය අහන ප්‍රශ්නයක් වන Facebook account ගැන මෙහි පැහැදිලි කරනවා. මෙහිදී source ලෙස සඳහන් කරන්නේ password ආරක්ෂාව යන්නයි. video එක පුරාම ප්‍රධාන අවධානය security warning මතම තියෙනවා. මෙය external fact check එකක් නොව title, description සහ transcript එක එකිනෙකට ගැළපෙනවාද කියලා බලන උදාහරණයක්. වැදගත්ම දෙය නම් claim එකට transcript එක තුළ ප්‍රමාණවත් support තියෙනවාද කියලා පරීක්ෂා කිරීමයි.",Technology,Not False,Consistent,consistent,"Title, description, and transcript discuss the same subject and supported detail.",false,SYN00389,SYN00389,0.097,0.161,0.375,synthetic-technology-syn00389,new,,
SYN00474,SYN00474,https://synthetic.local/watch?v=SYN00474,විදුලි බිල් සහනය ගැන official update - ගෙවීම් ක්‍රම,විදුලි බිල් සහනය සම්බන්ධ ගෙවීම් ක්‍රම සහ පාරිභෝගිකයින්ට උපදෙස් ගැන සිංහල පැහැදිලි කිරීමක්.,"අද වීඩියෝවෙන් අපි කතා කරන්නේ විදුලි බිල් සහනය ගැනයි. video එක පුරාම ප්‍රධාන අවධානය ගෙවීම් ක්‍රම මතම තියෙනවා. අවසානයේ viewers ලාට නිල update බලලා තීරණ ගන්න කියනවා. මෙය external fact check එකක් නොව title, description සහ transcript එක එකිනෙකට ගැළපෙනවාද කියලා බලන උදාහරණයක්. වැදගත්ම දෙය නම් claim එකට transcript එක තුළ ප්‍රමාණවත් support තියෙනවාද කියලා පරීක්ෂා කිරීමයි.",Finance,Not False,Consistent,consistent,"Title, description, and transcript discuss the same subject and supported detail.",false,SYN00474,SYN00474,0.153,0.108,0.412,synthetic-finance-syn00474,new,,
SYN00168,SYN00168,https://synthetic.local/watch?v=SYN00168,පොහොය වැඩසටහන ගැන official update - පන්සල් කාලසටහන,පොහොය වැඩසටහන සම්බන්ධ පන්සල් කාලසටහන සහ දායකයින්ට දැනුම්දීම ගැන සිංහල පැහැදිලි කිරීමක්.,"අද වීඩියෝවෙන් අපි කතා කරන්නේ පොහොය වැඩසටහන ගැනයි. පන්සල් කාලසටහන ගැන කථිකයා පියවරෙන් පියවර පැහැදිලි කරයි. මෙහිදී source ලෙස සඳහන් කරන්නේ දායකයින්ට දැනුම්දීම යන්නයි. මෙය external fact check එකක් නොව title, description සහ transcript එක එකිනෙකට ගැළපෙනවාද කියලා බලන උදාහරණයක්. වැදගත්ම දෙය නම් claim එකට transcript එක තුළ ප්‍රමාණවත් support තියෙනවාද කියලා පරීක්ෂා කිරීමයි.",Religion,Not False,Consistent,consistent,"Title, description, and transcript discuss the same subject and supported detail.",false,SYN00168,SYN00168,0.088,0.158,0.333,synthetic-religion-syn00168,new,,
SYNNEG00495,SYNNEG00495,https://synthetic.local/watch?v=SYNNEG00495,දියවැඩියාව ගැන official update - ආහාර පාලන ක්‍රම,දියවැඩියාව සම්බන්ධ ආහාර පාලන ක්‍රම සහ doctor පැහැදිලි කිරීම ගැන සිංහල පැහැදිලි කිරීමක්.,"මේ update එකේ ප්‍රධාන කරුණ උණ රෝගය සම්බන්ධයෙන් ලැබුණු තොරතුරුයි. video එක පුරාම ප්‍රධාන අවධානය ලක්ෂණ සහ ප්‍රතිකාර මතම තියෙනවා. අවසානයේ viewers ලාට නිල update බලලා තීරණ ගන්න කියනවා. මෙය external fact check එකක් නොව title, description සහ transcript එක එකිනෙකට ගැළපෙනවාද කියලා බලන උදාහරණයක්. වැදගත්ම දෙය නම් claim එකට transcript එක තුළ ප්‍රමාණවත් support තියෙනවාද කියලා පරීක්ෂා කිරීමයි.",Health,False,Inconsistent,same_topic_swap,Same-topic hard negative: metadata and transcript are from different synthetic videos.,true,SYN00456,SYN00466,0.049,0.030,0.438,synthetic-health-synneg00495,new,,
SYNNEG00247,SYNNEG00247,https://synthetic.local/watch?v=SYNNEG00247,ආගමික උත්සවය ගැන official update - ගමනාගමන සැලැස්ම,"ආගමික උත්සවය ගැන සියලු official ලේඛන, නම් ලැයිස්තු, දිනයන් සහ රහස් තොරතුරු transcript එකේ සම්පූර්ණයෙන් ඇති බව කියයි.","මේ update එකේ ප්‍රධාන කරුණ ආගමික උත්සවය සම්බන්ධයෙන් ලැබුණු තොරතුරුයි. video එක පුරාම ප්‍රධාන අවධානය ගමනාගමන සැලැස්ම මතම තියෙනවා. අවසානයේ viewers ලාට නිල update බලලා තීරණ ගන්න කියනවා. මෙය external fact check එකක් නොව title, description සහ transcript එක එකිනෙකට ගැළපෙනවාද කියලා බලන උදාහරණයක්. වැදගත්ම දෙය නම් claim එකට transcript එක තුළ ප්‍රමාණවත් support තියෙනවාද කියලා පරීක්ෂා කිරීමයි.",Religion,False,Inconsistent,description_transcript_mismatch,Description promises detailed evidence that the transcript does not contain.,true,SYN00478,SYN00488,0.125,0.106,0.182,synthetic-religion-synneg00247,new,,
SYNNEG00047,SYNNEG00047,https://synthetic.local/watch?v=SYNNEG00047,ආගමික උත්සවය ගැන official update - ගමනාගමන සැලැස්ම,"ආගමික උත්සවය ගැන සියලු official ලේඛන, නම් ලැයිස්තු, දිනයන් සහ රහස් තොරතුරු transcript එකේ සම්පූර්ණයෙන් ඇති බව කියයි.","මේ update එකේ ප්‍රධාන කරුණ ආගමික උත්සවය සම්බන්ධයෙන් ලැබුණු තොරතුරුයි. video එක පුරාම ප්‍රධාන අවධානය ගමනාගමන සැලැස්ම මතම තියෙනවා. අවසානයේ viewers ලාට නිල update බලලා තීරණ ගන්න කියනවා. මෙය external fact check එකක් නොව title, description සහ transcript එක එකිනෙකට ගැළපෙනවාද කියලා බලන උදාහරණයක්. වැදගත්ම දෙය නම් claim එකට transcript එක තුළ ප්‍රමාණවත් support තියෙනවාද කියලා පරීක්ෂා කිරීමයි.",Religion,False,Inconsistent,description_transcript_mismatch,Description promises detailed evidence that the transcript does not contain.,true,SYN00478,SYN00488,0.125,0.106,0.182,synthetic-religion-synneg00047,new,,
SYN00176,SYN00176,https://synthetic.local/watch?v=SYN00176,දියවැඩියාව ගැන official update - ආහාර පාලන ක්‍රම,දියවැඩියාව සම්බන්ධ ආහාර පාලන ක්‍රම සහ doctor පැහැදිලි කිරීම ගැන සිංහල පැහැදිලි කිරීමක්.,"ගොඩක් අය අහන ප්‍රශ්නයක් වන දියවැඩියාව ගැන මෙහි පැහැදිලි කරනවා. ආහාර පාලන ක්‍රම ගැන කථිකයා පියවරෙන් පියවර පැහැදිලි කරයි. මෙහිදී source ලෙස සඳහන් කරන්නේ doctor පැහැදිලි කිරීම යන්නයි. මෙය external fact check එකක් නොව title, description සහ transcript එක එකිනෙකට ගැළපෙනවාද කියලා බලන උදාහරණයක්. වැදගත්ම දෙය නම් claim එකට transcript එක තුළ ප්‍රමාණවත් support තියෙනවාද කියලා පරීක්ෂා කිරීමයි.",Health,Not False,Consistent,consistent,"Title, description, and transcript discuss the same subject and supported detail.",false,SYN00176,SYN00176,0.117,0.180,0.438,synthetic-health-syn00176,new,,
SYNNEG00408,SYNNEG00408,https://synthetic.local/watch?v=SYNNEG00408,දැන්ම බලන්න! mobile app නිසා ලංකාවම කම්පා වෙයි,මෙම video එක 100% තහවුරු වූ breaking news එකක් කියලා overclaim කරයි.,"ගොඩක් අය අහන ප්‍රශ්නයක් වන mobile app ගැන මෙහි පැහැදිලි කරනවා. මෙහිදී source ලෙස සඳහන් කරන්නේ දත්ත ආරක්ෂාව ගැන පැහැදිලි කිරීම යන්නයි. video එක පුරාම ප්‍රධාන අවධානය privacy update මතම තියෙනවා. මෙය external fact check එකක් නොව title, description සහ transcript එක එකිනෙකට ගැළපෙනවාද කියලා බලන උදාහරණයක්. වැදගත්ම දෙය නම් claim එකට transcript එක තුළ ප්‍රමාණවත් support තියෙනවාද කියලා පරීක්ෂා කිරීමයි.",Technology,False,Inconsistent,clickbait_overclaim,Metadata overclaims certainty while transcript is only a general discussion.,true,SYN00089,SYN00099,0.031,0.060,0.000,synthetic-technology-synneg00408,new,,
SYNNEG00124,SYNNEG00124,https://synthetic.local/watch?v=SYNNEG00124,රජයේ allowance සම්බන්ධ නව තීරණයක්ද? ජනතාව අහන ප්‍රශ්න,රජයේ allowance සම්බන්ධ official අයදුම් ක්‍රමය සහ ලැබිය යුතු පවුල් කාණ්ඩ ගැන සිංහල පැහැදිලි කිරීමක්.,"ගොඩක් අය අහන ප්‍රශ්නයක් වන රජයේ allowance ගැන මෙහි පැහැදිලි කරනවා. මෙහිදී source ලෙස සඳහන් කරන්නේ ලැබිය යුතු පවුල් කාණ්ඩ යන්නයි. video එක පුරාම ප්‍රධාන අවධානය official අයදුම් ක්‍රමය මතම තියෙනවා. මෙය external fact check එකක් නොව title, description සහ transcript එක එකිනෙකට ගැළපෙනවාද කියලා බලන උදාහරණයක්. වැදගත්ම දෙය නම් claim එකට transcript එක තුළ ප්‍රමාණවත් support තියෙනවාද කියලා පරීක්ෂා කිරීමයි.",Government,False,Inconsistent,weak_support,Transcript mentions the topic but does not support the main promised claim.,true,SYN00245,SYN00255,0.060,0.200,0.136,synthetic-government-synneg00124,new,,
SYN00074,SYN00074,https://synthetic.local/watch?v=SYN00074,විදුලි බිල් සහනය ගැන official update - ගෙවීම් ක්‍රම,විදුලි බිල් සහනය සම්බන්ධ ගෙවීම් ක්‍රම සහ පාරිභෝගිකයින්ට උපදෙස් ගැන සිංහල පැහැදිලි කිරීමක්.,"ගොඩක් අය අහන ප්‍රශ්නයක් වන විදුලි බිල් සහනය ගැන මෙහි පැහැදිලි කරනවා. video එක පුරාම ප්‍රධාන අවධානය ගෙවීම් ක්‍රම මතම තියෙනවා. අවසානයේ viewers ලාට නිල update බලලා තීරණ ගන්න කියනවා. මෙය external fact check එකක් නොව title, description සහ transcript එක එකිනෙකට ගැළපෙනවාද කියලා බලන උදාහරණයක්. වැදගත්ම දෙය නම් claim එකට transcript එක තුළ ප්‍රමාණවත් support තියෙනවාද කියලා පරීක්ෂා කිරීමයි.",Finance,Not False,Consistent,consistent,"Title, description, and transcript discuss the same subject and supported detail.",false,SYN00074,SYN00074,0.164,0.136,0.412,synthetic-finance-syn00074,new,,
SYNNEG00164,SYNNEG00164,https://synthetic.local/watch?v=SYNNEG00164,gazette නිවේදනය ගැන හදිසි warning එකක්ද? අද තත්ත්වය,gazette නිවේදනය සම්බන්ධ නව නියමයන් සහ අදාළ දිනය සහ බලපෑම ගැන සිංහල පැහැදිලි කිරීමක්.,"මේ update එකේ ප්‍රධාන කරුණ gazette නිවේදනය සම්බන්ධයෙන් ලැබුණු තොරතුරුයි. මෙහිදී source ලෙස සඳහන් කරන්නේ අදාළ දිනය සහ බලපෑම යන්නයි. video එක පුරාම ප්‍රධාන අවධානය නව නියමයන් මතම තියෙනවා. මෙය external fact check එකක් නොව title, description සහ transcript එක එකිනෙකට ගැළපෙනවාද කියලා බලන උදාහරණයක්. වැදගත්ම දෙය නම් claim එකට transcript එක තුළ ප්‍රමාණවත් support තියෙනවාද කියලා පරීක්ෂා කිරීමයි.",Government,False,Inconsistent,weak_support,Transcript mentions the topic but does not support the main promised claim.,true,SYN00145,SYN00155,0.031,0.129,0.158,synthetic-government-synneg00164,new,,
SYNNEG00200,SYNNEG00200,https://synthetic.local/watch?v=SYNNEG00200,වී වගාව ගැන official update - පොහොර සහනාධාරය,වී වගාව සම්බන්ධ පොහොර සහනාධාරය සහ කෘෂිකර්ම නිලධාරීන්ගේ උපදෙස් ගැන සිංහල පැහැදිලි කිරීමක්.,"ගොඩක් අය අහන ප්‍රශ්නයක් වන තේ වගාව ගැන මෙහි පැහැදිලි කරනවා. අවසානයේ viewers ලාට නිල update බලලා තීරණ ගන්න කියනවා. නව රෝග පාලන ක්‍රම ගැන කථිකයා පියවරෙන් පියවර පැහැදිලි කරයි. මෙය external fact check එකක් නොව title, description සහ transcript එක එකිනෙකට ගැළපෙනවාද කියලා බලන උදාහරණයක්. වැදගත්ම දෙය නම් claim එකට transcript එක තුළ ප්‍රමාණවත් support තියෙනවාද කියලා පරීක්ෂා කිරීමයි.",Agriculture,False,Inconsistent,same_topic_swap,Same-topic hard negative: metadata and transcript are from different synthetic videos.,true,SYN00001,SYN00011,0.079,0.058,0.312,synthetic-agriculture-synneg00200,new,,
SYNNEG00471,SYNNEG00471,https://synthetic.local/watch?v=SYNNEG00471,ඔවුන් මේක සඟවනවා! පාසල් නිවාඩු ගැන සම්පූර්ණ ඇත්ත,පාසල් නිවාඩු සම්බන්ධ කාලසටහන් වෙනස්වීම සහ අධ්‍යාපන අමාත්‍යාංශ update ගැන සිංහල පැහැදිලි කිරීමක්.,"ගොඩක් අය අහන ප්‍රශ්නයක් වන පාසල් නිවාඩු ගැන මෙහි පැහැදිලි කරනවා. කාලසටහන් වෙනස්වීම ගැන කථිකයා පියවරෙන් පියවර පැහැදිලි කරයි. මෙහිදී source ලෙස සඳහන් කරන්නේ අධ්‍යාපන අමාත්‍යාංශ update යන්නයි. මෙය external fact check එකක් නොව title, description සහ transcript එක එකිනෙකට ගැළපෙනවාද කියලා බලන උදාහරණයක්. වැදගත්ම දෙය නම් claim එකට transcript එක තුළ ප්‍රමාණවත් support තියෙනවාද කියලා පරීක්ෂා කිරීමයි.",Education,False,Inconsistent,title_transcript_mismatch,Title makes a stronger promise than the transcript supports.,true,SYN00212,SYN00222,0.046,0.206,0.143,synthetic-education-synneg00471,new,,
SYN00274,SYN00274,https://synthetic.local/watch?v=SYN00274,විදුලි බිල් සහනය ගැන official update - ගෙවීම් ක්‍රම,විදුලි බිල් සහනය සම්බන්ධ ගෙවීම් ක්‍රම සහ පාරිභෝගිකයින්ට උපදෙස් ගැන සිංහල පැහැදිලි කිරීමක්.,"මේ update එකේ ප්‍රධාන කරුණ විදුලි බිල් සහනය සම්බන්ධයෙන් ලැබුණු තොරතුරුයි. video එක පුරාම ප්‍රධාන අවධානය ගෙවීම් ක්‍රම මතම තියෙනවා. අවසානයේ viewers ලාට නිල update බලලා තීරණ ගන්න කියනවා. මෙය external fact check එකක් නොව title, description සහ transcript එක එකිනෙකට ගැළපෙනවාද කියලා බලන උදාහරණයක්. වැදගත්ම දෙය නම් claim එකට transcript එක තුළ ප්‍රමාණවත් support තියෙනවාද කියලා පරීක්ෂා කිරීමයි.",Finance,Not False,Consistent,consistent,"Title, description, and transcript discuss the same subject and supported detail.",false,SYN00274,SYN00274,0.155,0.109,0.412,synthetic-finance-syn00274,new,,
SYNNEG00187,SYNNEG00187,https://synthetic.local/watch?v=SYNNEG00187,ධර්ම දේශනාව ගැන official update - සජීවී වැඩසටහන,"ධර්ම දේශනාව ගැන සියලු official ලේඛන, නම් ලැයිස්තු, දිනයන් සහ රහස් තොරතුරු transcript එකේ සම්පූර්ණයෙන් ඇති බව කියයි.","අද වීඩියෝවෙන් අපි කතා කරන්නේ ධර්ම දේශනාව ගැනයි. video එක පුරාම ප්‍රධාන අවධානය සජීවී වැඩසටහන මතම තියෙනවා. අවසානයේ viewers ලාට නිල update බලලා තීරණ ගන්න කියනවා. මෙය external fact check එකක් නොව title, description සහ transcript එක එකිනෙකට ගැළපෙනවාද කියලා බලන උදාහරණයක්. වැදගත්ම දෙය නම් claim එකට transcript එක තුළ ප්‍රමාණවත් support තියෙනවාද කියලා පරීක්ෂා කිරීමයි.",Religion,False,Inconsistent,description_transcript_mismatch,Description promises detailed evidence that the transcript does not contain.,true,SYN00378,SYN00388,0.123,0.088,0.182,synthetic-religion-synneg00187,new,,
SYN00215,SYN00215,https://synthetic.local/watch?v=SYN00215,passport සේවාව ගැන official update - online booking update,passport සේවාව සම්බන්ධ online booking update සහ කාර්යාල වේලාවන් ගැන සිංහල පැහැදිලි කිරීමක්.,"ගොඩක් අය අහන ප්‍රශ්නයක් වන passport සේවාව ගැන මෙහි පැහැදිලි කරනවා. අවසානයේ viewers ලාට නිල update බලලා තීරණ ගන්න කියනවා. online booking update ගැන කථිකයා පියවරෙන් පියවර පැහැදිලි කරයි. මෙය external fact check එකක් නොව title, description සහ transcript එක එකිනෙකට ගැළපෙනවාද කියලා බලන උදාහරණයක්. වැදගත්ම දෙය නම් claim එකට transcript එක තුළ ප්‍රමාණවත් support තියෙනවාද කියලා පරීක්ෂා කිරීමයි.",Government,Not False,Consistent,consistent,"Title, description, and transcript discuss the same subject and supported detail.",false,SYN00215,SYN00215,0.140,0.145,0.467,synthetic-government-syn00215,new,,
SYN00364,SYN00364,https://synthetic.local/watch?v=SYN00364,බැංකු loan ගැන official update - පොලී අනුපාත update,බැංකු loan සම්බන්ධ පොලී අනුපාත update සහ අයදුම් කිරීමේ කොන්දේසි ගැන සිංහල පැහැදිලි කිරීමක්.,"මේ update එකේ ප්‍රධාන කරුණ බැංකු loan සම්බන්ධයෙන් ලැබුණු තොරතුරුයි. පොලී අනුපාත update ගැන කථිකයා පියවරෙන් පියවර පැහැදිලි කරයි. මෙහිදී source ලෙස සඳහන් කරන්නේ අයදුම් කිරීමේ කොන්දේසි යන්නයි. මෙය external fact check එකක් නොව title, description සහ transcript එක එකිනෙකට ගැළපෙනවාද කියලා බලන උදාහරණයක්. වැදගත්ම දෙය නම් claim එකට transcript එක තුළ ප්‍රමාණවත් support තියෙනවාද කියලා පරීක්ෂා කිරීමයි.",Finance,Not False,Consistent,consistent,"Title, description, and transcript discuss the same subject and supported detail.",false,SYN00364,SYN00364,0.119,0.197,0.438,synthetic-finance-syn00364,new,,
SYN00380,SYN00380,https://synthetic.local/watch?v=SYN00380,සුළි කුණාටු අවදානම ගැන official update - official forecast,සුළි කුණාටු අවදානම සම්බන්ධ official forecast සහ මුහුදු ප්‍රදේශ අනතුරු ඇඟවීම ගැන සිංහල පැහැදිලි කිරීමක්.,"ගොඩක් අය අහන ප්‍රශ්නයක් වන සුළි කුණාටු අවදානම ගැන මෙහි පැහැදිලි කරනවා. official forecast ගැන කථිකයා පියවරෙන් පියවර පැහැදිලි කරයි. මෙහිදී source ලෙස සඳහන් කරන්නේ මුහුදු ප්‍රදේශ අනතුරු ඇඟවීම යන්නයි. මෙය external fact check එකක් නොව title, description සහ transcript එක එකිනෙකට ගැළපෙනවාද කියලා බලන උදාහරණයක්. වැදගත්ම දෙය නම් claim එකට transcript එක තුළ ප්‍රමාණවත් support තියෙනවාද කියලා පරීක්ෂා කිරීමයි.",Weather,Not False,Consistent,consistent,"Title, description, and transcript discuss the same subject and supported detail.",false,SYN00380,SYN00380,0.098,0.210,0.333,synthetic-weather-syn00380,new,,
SYN00167,SYN00167,https://synthetic.local/watch?v=SYN00167,පාර්ලිමේන්තු විවාදය ගැන official update - අද තීරණය,පාර්ලිමේන්තු විවාදය සම්බන්ධ අද තීරණය සහ මන්ත්‍රීවරුන්ගේ අදහස් ගැන සිංහල පැහැදිලි කිරීමක්.,"ගොඩක් අය අහන ප්‍රශ්නයක් වන පාර්ලිමේන්තු විවාදය ගැන මෙහි පැහැදිලි කරනවා. අවසානයේ viewers ලාට නිල update බලලා තීරණ ගන්න කියනවා. අද තීරණය ගැන කථිකයා පියවරෙන් පියවර පැහැදිලි කරයි. මෙය external fact check එකක් නොව title, description සහ transcript එක එකිනෙකට ගැළපෙනවාද කියලා බලන උදාහරණයක්. වැදගත්ම දෙය නම් claim එකට transcript එක තුළ ප්‍රමාණවත් support තියෙනවාද කියලා පරීක්ෂා කිරීමයි.",Politics,Not False,Consistent,consistent,"Title, description, and transcript discuss the same subject and supported detail.",false,SYN00167,SYN00167,0.140,0.111,0.312,synthetic-politics-syn00167,new,,
SYN00374,SYN00374,https://synthetic.local/watch?v=SYN00374,රන් මිල ගැන official update - අද වෙළඳපොළ තත්ත්වය,රන් මිල සම්බන්ධ අද වෙළඳපොළ තත්ත්වය සහ මිල වෙනස්වීමට හේතු ගැන සිංහල පැහැදිලි කිරීමක්.,"ගොඩක් අය අහන ප්‍රශ්නයක් වන රන් මිල ගැන මෙහි පැහැදිලි කරනවා. video එක පුරාම ප්‍රධාන අවධානය අද වෙළඳපොළ තත්ත්වය මතම තියෙනවා. අවසානයේ viewers ලාට නිල update බලලා තීරණ ගන්න කියනවා. මෙය external fact check එකක් නොව title, description සහ transcript එක එකිනෙකට ගැළපෙනවාද කියලා බලන උදාහරණයක්. වැදගත්ම දෙය නම් claim එකට transcript එක තුළ ප්‍රමාණවත් support තියෙනවාද කියලා පරීක්ෂා කිරීමයි.",Finance,Not False,Consistent,consistent,"Title, description, and transcript discuss the same subject and supported detail.",false,SYN00374,SYN00374,0.150,0.123,0.375,synthetic-finance-syn00374,new,,
SYNNEG00355,SYNNEG00355,https://synthetic.local/watch?v=SYNNEG00355,දියවැඩියාව ගැන official update - ආහාර පාලන ක්‍රම,දියවැඩියාව සම්බන්ධ ආහාර පාලන ක්‍රම සහ doctor පැහැදිලි කිරීම ගැන සිංහල පැහැදිලි කිරීමක්.,"අද වීඩියෝවෙන් අපි කතා කරන්නේ උණ රෝගය ගැනයි. video එක පුරාම ප්‍රධාන අවධානය ලක්ෂණ සහ ප්‍රතිකාර මතම තියෙනවා. අවසානයේ viewers ලාට නිල update බලලා තීරණ ගන්න කියනවා. මෙය external fact check එකක් නොව title, description සහ transcript එක එකිනෙකට ගැළපෙනවාද කියලා බලන උදාහරණයක්. වැදගත්ම දෙය නම් claim එකට transcript එක තුළ ප්‍රමාණවත් support තියෙනවාද කියලා පරීක්ෂා කිරීමයි.",Health,False,Inconsistent,same_topic_swap,Same-topic hard negative: metadata and transcript are from different synthetic videos.,true,SYN00056,SYN00066,0.048,0.029,0.438,synthetic-health-synneg00355,new,,
SYNNEG00151,SYNNEG00151,https://synthetic.local/watch?v=SYNNEG00151,ඔවුන් මේක සඟවනවා! පාසල් නිවාඩු ගැන සම්පූර්ණ ඇත්ත,පාසල් නිවාඩු සම්බන්ධ කාලසටහන් වෙනස්වීම සහ අධ්‍යාපන අමාත්‍යාංශ update ගැන සිංහල පැහැදිලි කිරීමක්.,"අද වීඩියෝවෙන් අපි කතා කරන්නේ පාසල් නිවාඩු ගැනයි. කාලසටහන් වෙනස්වීම ගැන කථිකයා පියවරෙන් පියවර පැහැදිලි කරයි. මෙහිදී source ලෙස සඳහන් කරන්නේ අධ්‍යාපන අමාත්‍යාංශ update යන්නයි. මෙය external fact check එකක් නොව title, description සහ transcript එක එකිනෙකට ගැළපෙනවාද කියලා බලන උදාහරණයක්. වැදගත්ම දෙය නම් claim එකට transcript එක තුළ ප්‍රමාණවත් support තියෙනවාද කියලා පරීක්ෂා කිරීමයි.",Education,False,Inconsistent,title_transcript_mismatch,Title makes a stronger promise than the transcript supports.,true,SYN00012,SYN00022,0.048,0.213,0.143,synthetic-education-synneg00151,new,,
SYN00465,SYN00465,https://synthetic.local/watch?v=SYN00465,gazette නිවේදනය ගැන official update - නව නියමයන්,gazette නිවේදනය සම්බන්ධ නව නියමයන් සහ අදාළ දිනය සහ බලපෑම ගැන සිංහල පැහැදිලි කිරීමක්.,"අද වීඩියෝවෙන් අපි කතා කරන්නේ gazette නිවේදනය ගැනයි. මෙහිදී source ලෙස සඳහන් කරන්නේ අදාළ දිනය සහ බලපෑම යන්නයි. video එක පුරාම ප්‍රධාන අවධානය නව නියමයන් මතම තියෙනවා. මෙය external fact check එකක් නොව title, description සහ transcript එක එකිනෙකට ගැළපෙනවාද කියලා බලන උදාහරණයක්. වැදගත්ම දෙය නම් claim එකට transcript එක තුළ ප්‍රමාණවත් support තියෙනවාද කියලා පරීක්ෂා කිරීමයි.",Government,Not False,Consistent,consistent,"Title, description, and transcript discuss the same subject and supported detail.",false,SYN00465,SYN00465,0.068,0.133,0.312,synthetic-government-syn00465,new,,
SYNNEG00455,SYNNEG00455,https://synthetic.local/watch?v=SYNNEG00455,දියවැඩියාව ගැන official update - ආහාර පාලන ක්‍රම,දියවැඩියාව සම්බන්ධ ආහාර පාලන ක්‍රම සහ doctor පැහැදිලි කිරීම ගැන සිංහල පැහැදිලි කිරීමක්.,"අද වීඩියෝවෙන් අපි කතා කරන්නේ උණ රෝගය ගැනයි. video එක පුරාම ප්‍රධාන අවධානය ලක්ෂණ සහ ප්‍රතිකාර මතම තියෙනවා. අවසානයේ viewers ලාට නිල update බලලා තීරණ ගන්න කියනවා. මෙය external fact check එකක් නොව title, description සහ transcript එක එකිනෙකට ගැළපෙනවාද කියලා බලන උදාහරණයක්. වැදගත්ම දෙය නම් claim එකට transcript එක තුළ ප්‍රමාණවත් support තියෙනවාද කියලා පරීක්ෂා කිරීමයි.",Health,False,Inconsistent,same_topic_swap,Same-topic hard negative: metadata and transcript are from different synthetic videos.,true,SYN00056,SYN00066,0.048,0.029,0.438,synthetic-health-synneg00455,new,,
SYNNEG00448,SYNNEG00448,https://synthetic.local/watch?v=SYNNEG00448,දැන්ම බලන්න! mobile app නිසා ලංකාවම කම්පා වෙයි,මෙම video එක 100% තහවුරු වූ breaking news එකක් කියලා overclaim කරයි.,"අද වීඩියෝවෙන් අපි කතා කරන්නේ mobile app ගැනයි. මෙහිදී source ලෙස සඳහන් කරන්නේ දත්ත ආරක්ෂාව ගැන පැහැදිලි කිරීම යන්නයි. video එක පුරාම ප්‍රධාන අවධානය privacy update මතම තියෙනවා. මෙය external fact check එකක් නොව title, description සහ transcript එක එකිනෙකට ගැළපෙනවාද කියලා බලන උදාහරණයක්. වැදගත්ම දෙය නම් claim එකට transcript එක තුළ ප්‍රමාණවත් support තියෙනවාද කියලා පරීක්ෂා කිරීමයි.",Technology,False,Inconsistent,clickbait_overclaim,Metadata overclaims certainty while transcript is only a general discussion.,true,SYN00489,SYN00499,0.032,0.062,0.000,synthetic-technology-synneg00448,new,,
SYN00104,SYN00104,https://synthetic.local/watch?v=SYN00104,crypto investment ගැන official update - අවදානම් සහ වාසි,crypto investment සම්බන්ධ අවදානම් සහ වාසි සහ මුදල් උපදේශකගේ පැහැදිලි කිරීම ගැන සිංහල පැහැදිලි කිරීමක්.,"ගොඩක් අය අහන ප්‍රශ්නයක් වන crypto investment ගැන මෙහි පැහැදිලි කරනවා. අවදානම් සහ වාසි ගැන කථිකයා පියවරෙන් පියවර පැහැදිලි කරයි. මෙහිදී source ලෙස සඳහන් කරන්නේ මුදල් උපදේශකගේ පැහැදිලි කිරීම යන්නයි. මෙය external fact check එකක් නොව title, description සහ transcript එක එකිනෙකට ගැළපෙනවාද කියලා බලන උදාහරණයක්. වැදගත්ම දෙය නම් claim එකට transcript එක තුළ ප්‍රමාණවත් support තියෙනවාද කියලා පරීක්ෂා කිරීමයි.",Finance,Not False,Consistent,consistent,"Title, description, and transcript discuss the same subject and supported detail.",false,SYN00104,SYN00104,0.133,0.180,0.500,synthetic-finance-syn00104,new,,
SYNNEG00388,SYNNEG00388,https://synthetic.local/watch?v=SYNNEG00388,දැන්ම බලන්න! Facebook account නිසා ලංකාවම කම්පා වෙයි,මෙම video එක 100% තහවුරු වූ breaking news එකක් කියලා overclaim කරයි.,"ගොඩක් අය අහන ප්‍රශ්නයක් වන Facebook account ගැන මෙහි පැහැදිලි කරනවා. මෙහිදී source ලෙස සඳහන් කරන්නේ password ආරක්ෂාව යන්නයි. video එක පුරාම ප්‍රධාන අවධානය security warning මතම තියෙනවා. මෙය external fact check එකක් නොව title, description සහ transcript එක එකිනෙකට ගැළපෙනවාද කියලා බලන උදාහරණයක්. වැදගත්ම දෙය නම් claim එකට transcript එක තුළ ප්‍රමාණවත් support තියෙනවාද කියලා පරීක්ෂා කිරීමයි.",Technology,False,Inconsistent,clickbait_overclaim,Metadata overclaims certainty while transcript is only a general discussion.,true,SYN00389,SYN00399,0.031,0.060,0.000,synthetic-technology-synneg00388,new,,
SYNNEG00479,SYNNEG00479,https://synthetic.local/watch?v=SYNNEG00479,සුළි කුණාටු අවදානම ගැන හදිසි warning එකක්ද? අද තත්ත්වය,සුළි කුණාටු අවදානම සම්බන්ධ official forecast සහ මුහුදු ප්‍රදේශ අනතුරු ඇඟවීම ගැන සිංහල පැහැදිලි කිරීමක්.,"අද වීඩියෝවෙන් අපි කතා කරන්නේ සුළි කුණාටු අවදානම ගැනයි. official forecast ගැන කථිකයා පියවරෙන් පියවර පැහැදිලි කරයි. මෙහිදී source ලෙස සඳහන් කරන්නේ මුහුදු ප්‍රදේශ අනතුරු ඇඟවීම යන්නයි. මෙය external fact check එකක් නොව title, description සහ transcript එක එකිනෙකට ගැළපෙනවාද කියලා බලන උදාහරණයක්. වැදගත්ම දෙය නම් claim එකට transcript එක තුළ ප්‍රමාණවත් support තියෙනවාද කියලා පරීක්ෂා කිරීමයි.",Weather,False,Inconsistent,weak_support,Transcript mentions the topic but does not support the main promised claim.,true,SYN00300,SYN00310,0.117,0.217,0.300,synthetic-weather-synneg00479,new,,
SYNNEG00376,SYNNEG00376,https://synthetic.local/watch?v=SYNNEG00376,Breaking! අමාත්‍ය මණ්ඩලය ගැන කවුරුත් නොකියන භයානක රහස,අමාත්‍ය මණ්ඩලය සම්බන්ධ නව තීරණ සහ මාධ්‍ය හමුවේ විස්තර ගැන සිංහල පැහැදිලි කිරීමක්.,"අද වීඩියෝවෙන් අපි කතා කරන්නේ අමාත්‍ය මණ්ඩලය ගැනයි. අවසානයේ viewers ලාට නිල update බලලා තීරණ ගන්න කියනවා. නව තීරණ ගැන කථිකයා පියවරෙන් පියවර පැහැදිලි කරයි. මෙය external fact check එකක් නොව title, description සහ transcript එක එකිනෙකට ගැළපෙනවාද කියලා බලන උදාහරණයක්. වැදගත්ම දෙය නම් claim එකට transcript එක තුළ ප්‍රමාණවත් support තියෙනවාද කියලා පරීක්ෂා කිරීමයි.",Politics,False,Inconsistent,title_transcript_mismatch,Title makes a stronger promise than the transcript supports.,true,SYN00267,SYN00277,0.050,0.115,0.167,synthetic-politics-synneg00376,new,,
SYN00082,SYN00082,https://synthetic.local/watch?v=SYN00082,O/L exam ගැන official update - ප්‍රතිඵල නිකුත් කිරීම,O/L exam සම්බන්ධ ප්‍රතිඵල නිකුත් කිරීම සහ විභාග දෙපාර්තමේන්තුවේ නිවේදනය ගැන සිංහල පැහැදිලි කිරීමක්.,"මේ update එකේ ප්‍රධාන කරුණ O/L exam සම්බන්ධයෙන් ලැබුණු තොරතුරුයි. video එක පුරාම ප්‍රධාන අවධානය ප්‍රතිඵල නිකුත් කිරීම මතම තියෙනවා. අවසානයේ viewers ලාට නිල update බලලා තීරණ ගන්න කියනවා. මෙය external fact check එකක් නොව title, description සහ transcript එක එකිනෙකට ගැළපෙනවාද කියලා බලන උදාහරණයක්. වැදගත්ම දෙය නම් claim එකට transcript එක තුළ ප්‍රමාණවත් support තියෙනවාද කියලා පරීක්ෂා කිරීමයි.",Education,Not False,Consistent,consistent,"Title, description, and transcript discuss the same subject and supported detail.",false,SYN00082,SYN00082,0.127,0.097,0.375,synthetic-education-syn00082,new,,
SYN00297,SYN00297,https://synthetic.local/watch?v=SYN00297,election update ගැන official update - ඡන්ද දිනය ගැන පැහැදිලි කිරීම,election update සම්බන්ධ ඡන්ද දිනය ගැන පැහැදිලි කිරීම සහ කොමිසමේ නිවේදනය ගැන සිංහල පැහැදිලි කිරීමක්.,"අද වීඩියෝවෙන් අපි කතා කරන්නේ election update ගැනයි. මෙහිදී source ලෙස සඳහන් කරන්නේ කොමිසමේ නිවේදනය යන්නයි. video එක පුරාම ප්‍රධාන අවධානය ඡන්ද දිනය ගැන පැහැදිලි කිරීම මතම තියෙනවා. මෙය external fact check එකක් නොව title, description සහ transcript එක එකිනෙකට ගැළපෙනවාද කියලා බලන උදාහරණයක්. වැදගත්ම දෙය නම් claim එකට transcript එක තුළ ප්‍රමාණවත් support තියෙනවාද කියලා පරීක්ෂා කිරීමයි.",Politics,Not False,Consistent,consistent,"Title, description, and transcript discuss the same subject and supported detail.",false,SYN00297,SYN00297,0.121,0.167,0.500,synthetic-politics-syn00297,new,,
SYNNEG00292,SYNNEG00292,https://synthetic.local/watch?v=SYNNEG00292,ටෙලි නාට්‍යය ගැන official update - අලුත් episode,"ටෙලි නාට්‍යය ගැන සියලු official ලේඛන, නම් ලැයිස්තු, දිනයන් සහ රහස් තොරතුරු transcript එකේ සම්පූර්ණයෙන් ඇති බව කියයි.","අද වීඩියෝවෙන් අපි කතා කරන්නේ ටෙලි නාට්‍යය ගැනයි. අවසානයේ viewers ලාට නිල update බලලා තීරණ ගන්න කියනවා. අලුත් episode ගැන කථිකයා පියවරෙන් පියවර පැහැදිලි කරයි. මෙය external fact check එකක් නොව title, description සහ transcript එක එකිනෙකට ගැළපෙනවාද කියලා බලන උදාහරණයක්. වැදගත්ම දෙය නම් claim එකට transcript එක තුළ ප්‍රමාණවත් support තියෙනවාද කියලා පරීක්ෂා කිරීමයි.",Entertainment,False,Inconsistent,description_transcript_mismatch,Description promises detailed evidence that the transcript does not contain.,true,SYN00423,SYN00433,0.158,0.118,0.217,synthetic-entertainment-synneg00292,new,,
SYN00234,SYN00234,https://synthetic.local/watch?v=SYN00234,විදුලි බිල් සහනය ගැන official update - ගෙවීම් ක්‍රම,විදුලි බිල් සහනය සම්බන්ධ ගෙවීම් ක්‍රම සහ පාරිභෝගිකයින්ට උපදෙස් ගැන සිංහල පැහැදිලි කිරීමක්.,"අද වීඩියෝවෙන් අපි කතා කරන්නේ විදුලි බිල් සහනය ගැනයි. video එක පුරාම ප්‍රධාන අවධානය ගෙවීම් ක්‍රම මතම තියෙනවා. අවසානයේ viewers ලාට නිල update බලලා තීරණ ගන්න කියනවා. මෙය external fact check එකක් නොව title, description සහ transcript එක එකිනෙකට ගැළපෙනවාද කියලා බලන උදාහරණයක්. වැදගත්ම දෙය නම් claim එකට transcript එක තුළ ප්‍රමාණවත් support තියෙනවාද කියලා පරීක්ෂා කිරීමයි.",Finance,Not False,Consistent,consistent,"Title, description, and transcript discuss the same subject and supported detail.",false,SYN00234,SYN00234,0.153,0.108,0.412,synthetic-finance-syn00234,new,,
SYNNEG00178,SYNNEG00178,https://synthetic.local/watch?v=SYNNEG00178,ඔවුන් මේක සඟවනවා! mobile app ගැන සම්පූර්ණ ඇත්ත,මෙම video එක 100% තහවුරු වූ breaking news එකක් කියලා overclaim කරයි.,"මේ update එකේ ප්‍රධාන කරුණ mobile app සම්බන්ධයෙන් ලැබුණු තොරතුරුයි. මෙහිදී source ලෙස සඳහන් කරන්නේ දත්ත ආරක්ෂාව ගැන පැහැදිලි කිරීම යන්නයි. video එක පුරාම ප්‍රධාන අවධානය privacy update මතම තියෙනවා. මෙය external fact check එකක් නොව title, description සහ transcript එක එකිනෙකට ගැළපෙනවාද කියලා බලන උදාහරණයක්. වැදගත්ම දෙය නම් claim එකට transcript එක තුළ ප්‍රමාණවත් support තියෙනවාද කියලා පරීක්ෂා කිරීමයි.",Technology,False,Inconsistent,clickbait_overclaim,Metadata overclaims certainty while transcript is only a general discussion.,true,SYN00289,SYN00299,0.048,0.062,0.000,synthetic-technology-synneg00178,new,,
SYN00047,SYN00047,https://synthetic.local/watch?v=SYN00047,පාර්ලිමේන්තු විවාදය ගැන official update - අද තීරණය,පාර්ලිමේන්තු විවාදය සම්බන්ධ අද තීරණය සහ මන්ත්‍රීවරුන්ගේ අදහස් ගැන සිංහල පැහැදිලි කිරීමක්.,"ගොඩක් අය අහන ප්‍රශ්නයක් වන පාර්ලිමේන්තු විවාදය ගැන මෙහි පැහැදිලි කරනවා. අවසානයේ viewers ලාට නිල update බලලා තීරණ ගන්න කියනවා. අද තීරණය ගැන කථිකයා පියවරෙන් පියවර පැහැදිලි කරයි. මෙය external fact check එකක් නොව title, description සහ transcript එක එකිනෙකට ගැළපෙනවාද කියලා බලන උදාහරණයක්. වැදගත්ම දෙය නම් claim එකට transcript එක තුළ ප්‍රමාණවත් support තියෙනවාද කියලා පරීක්ෂා කිරීමයි.",Politics,Not False,Consistent,consistent,"Title, description, and transcript discuss the same subject and supported detail.",false,SYN00047,SYN00047,0.140,0.111,0.312,synthetic-politics-syn00047,new,,
SYN00072,SYN00072,https://synthetic.local/watch?v=SYN00072,ශිෂ්‍යත්ව exam ගැන official update - අයදුම්පත් දිනය,ශිෂ්‍යත්ව exam සම්බන්ධ අයදුම්පත් දිනය සහ පාසල් මට්ටමේ දැනුම්දීම් ගැන සිංහල පැහැදිලි කිරීමක්.,"අද වීඩියෝවෙන් අපි කතා කරන්නේ ශිෂ්‍යත්ව exam ගැනයි. අයදුම්පත් දිනය ගැන කථිකයා පියවරෙන් පියවර පැහැදිලි කරයි. මෙහිදී source ලෙස සඳහන් කරන්නේ පාසල් මට්ටමේ දැනුම්දීම් යන්නයි. මෙය external fact check එකක් නොව title, description සහ transcript එක එකිනෙකට ගැළපෙනවාද කියලා බලන උදාහරණයක්. වැදගත්ම දෙය නම් claim එකට transcript එක තුළ ප්‍රමාණවත් support තියෙනවාද කියලා පරීක්ෂා කිරීමයි.",Education,Not False,Consistent,consistent,"Title, description, and transcript discuss the same subject and supported detail.",false,SYN00072,SYN00072,0.102,0.186,0.353,synthetic-education-syn00072,new,,
SYNNEG00222,SYNNEG00222,https://synthetic.local/watch?v=SYNNEG00222,ටෙලි නාට්‍යය ගැන official update - අලුත් episode,"ටෙලි නාට්‍යය ගැන සියලු official ලේඛන, නම් ලැයිස්තු, දිනයන් සහ රහස් තොරතුරු transcript එකේ සම්පූර්ණයෙන් ඇති බව කියයි.","මේ update එකේ ප්‍රධාන කරුණ ටෙලි නාට්‍යය සම්බන්ධයෙන් ලැබුණු තොරතුරුයි. අවසානයේ viewers ලාට නිල update බලලා තීරණ ගන්න කියනවා. අලුත් episode ගැන කථිකයා පියවරෙන් පියවර පැහැදිලි කරයි. මෙය external fact check එකක් නොව title, description සහ transcript එක එකිනෙකට ගැළපෙනවාද කියලා බලන උදාහරණයක්. වැදගත්ම දෙය නම් claim එකට transcript එක තුළ ප්‍රමාණවත් support තියෙනවාද කියලා පරීක්ෂා කිරීමයි.",Entertainment,False,Inconsistent,description_transcript_mismatch,Description promises detailed evidence that the transcript does not contain.,true,SYN00223,SYN00233,0.158,0.134,0.217,synthetic-entertainment-synneg00222,new,,
SYN00197,SYN00197,https://synthetic.local/watch?v=SYN00197,පක්ෂ රැස්වීම ගැන official update - ප්‍රතිපත්ති ප්‍රකාශය,පක්ෂ රැස්වීම සම්බන්ධ ප්‍රතිපත්ති ප්‍රකාශය සහ නායකත්වයේ අදහස් ගැන සිංහල පැහැදිලි කිරීමක්.,"ගොඩක් අය අහන ප්‍රශ්නයක් වන පක්ෂ රැස්වීම ගැන මෙහි පැහැදිලි කරනවා. මෙහිදී source ලෙස සඳහන් කරන්නේ නායකත්වයේ අදහස් යන්නයි. video එක පුරාම ප්‍රධාන අවධානය ප්‍රතිපත්ති ප්‍රකාශය මතම තියෙනවා. මෙය external fact check එකක් නොව title, description සහ transcript එක එකිනෙකට ගැළපෙනවාද කියලා බලන උදාහරණයක්. වැදගත්ම දෙය නම් claim එකට transcript එක තුළ ප්‍රමාණවත් support තියෙනවාද කියලා පරීක්ෂා කිරීමයි.",Politics,Not False,Consistent,consistent,"Title, description, and transcript discuss the same subject and supported detail.",false,SYN00197,SYN00197,0.098,0.164,0.375,synthetic-politics-syn00197,new,,
SYNNEG00092,SYNNEG00092,https://synthetic.local/watch?v=SYNNEG00092,ටෙලි නාට්‍යය ගැන official update - අලුත් episode,"ටෙලි නාට්‍යය ගැන සියලු official ලේඛන, නම් ලැයිස්තු, දිනයන් සහ රහස් තොරතුරු transcript එකේ සම්පූර්ණයෙන් ඇති බව කියයි.","අද වීඩියෝවෙන් අපි කතා කරන්නේ ටෙලි නාට්‍යය ගැනයි. අවසානයේ viewers ලාට නිල update බලලා තීරණ ගන්න කියනවා. අලුත් episode ගැන කථිකයා පියවරෙන් පියවර පැහැදිලි කරයි. මෙය external fact check එකක් නොව title, description සහ transcript එක එකිනෙකට ගැළපෙනවාද කියලා බලන උදාහරණයක්. වැදගත්ම දෙය නම් claim එකට transcript එක තුළ ප්‍රමාණවත් support තියෙනවාද කියලා පරීක්ෂා කිරීමයි.",Entertainment,False,Inconsistent,description_transcript_mismatch,Description promises detailed evidence that the transcript does not contain.,true,SYN00423,SYN00433,0.158,0.118,0.217,synthetic-entertainment-synneg00092,new,,
SYN00371,SYN00371,https://synthetic.local/watch?v=SYN00371,තේ වගාව ගැන official update - නව රෝග පාලන ක්‍රම,තේ වගාව සම්බන්ධ නව රෝග පාලන ක්‍රම සහ ගොවීන්ට ලබාදෙන උපදෙස් ගැන සිංහල පැහැදිලි කිරීමක්.,"ගොඩක් අය අහන ප්‍රශ්නයක් වන තේ වගාව ගැන මෙහි පැහැදිලි කරනවා. අවසානයේ viewers ලාට නිල update බලලා තීරණ ගන්න කියනවා. නව රෝග පාලන ක්‍රම ගැන කථිකයා පියවරෙන් පියවර පැහැදිලි කරයි. මෙය external fact check එකක් නොව title, description සහ transcript එක එකිනෙකට ගැළපෙනවාද කියලා බලන උදාහරණයක්. වැදගත්ම දෙය නම් claim එකට transcript එක තුළ ප්‍රමාණවත් support තියෙනවාද කියලා පරීක්ෂා කිරීමයි.",Agriculture,Not False,Consistent,consistent,"Title, description, and transcript discuss the same subject and supported detail.",false,SYN00371,SYN00371,0.183,0.152,0.421,synthetic-agriculture-syn00371,new,,
SYNNEG00383,SYNNEG00383,https://synthetic.local/watch?v=SYNNEG00383,Breaking! රන් මිල ගැන කවුරුත් නොකියන භයානක රහස,මෙම video එක 100% තහවුරු වූ breaking news එකක් කියලා overclaim කරයි.,"මේ update එකේ ප්‍රධාන කරුණ රන් මිල සම්බන්ධයෙන් ලැබුණු තොරතුරුයි. video එක පුරාම ප්‍රධාන අවධානය අද වෙළඳපොළ තත්ත්වය මතම තියෙනවා. අවසානයේ viewers ලාට නිල update බලලා තීරණ ගන්න කියනවා. මෙය external fact check එකක් නොව title, description සහ transcript එක එකිනෙකට ගැළපෙනවාද කියලා බලන උදාහරණයක්. වැදගත්ම දෙය නම් claim එකට transcript එක තුළ ප්‍රමාණවත් support තියෙනවාද කියලා පරීක්ෂා කිරීමයි.",Finance,False,Inconsistent,clickbait_overclaim,Metadata overclaims certainty while transcript is only a general discussion.,true,SYN00334,SYN00344,0.032,0.062,0.000,synthetic-finance-synneg00383,new,,
SYNNEG00407,SYNNEG00407,https://synthetic.local/watch?v=SYNNEG00407,ආගමික උත්සවය ගැන official update - ගමනාගමන සැලැස්ම,"ආගමික උත්සවය ගැන සියලු official ලේඛන, නම් ලැයිස්තු, දිනයන් සහ රහස් තොරතුරු transcript එකේ සම්පූර්ණයෙන් ඇති බව කියයි.","අද වීඩියෝවෙන් අපි කතා කරන්නේ ආගමික උත්සවය ගැනයි. video එක පුරාම ප්‍රධාන අවධානය ගමනාගමන සැලැස්ම මතම තියෙනවා. අවසානයේ viewers ලාට නිල update බලලා තීරණ ගන්න කියනවා. මෙය external fact check එකක් නොව title, description සහ transcript එක එකිනෙකට ගැළපෙනවාද කියලා බලන උදාහරණයක්. වැදගත්ම දෙය නම් claim එකට transcript එක තුළ ප්‍රමාණවත් support තියෙනවාද කියලා පරීක්ෂා කිරීමයි.",Religion,False,Inconsistent,description_transcript_mismatch,Description promises detailed evidence that the transcript does not contain.,true,SYN00078,SYN00088,0.123,0.088,0.182,synthetic-religion-synneg00407,new,,
SYNNEG00134,SYNNEG00134,https://synthetic.local/watch?v=SYNNEG00134,gazette නිවේදනය ගැන හදිසි warning එකක්ද? අද තත්ත්වය,gazette නිවේදනය සම්බන්ධ නව නියමයන් සහ අදාළ දිනය සහ බලපෑම ගැන සිංහල පැහැදිලි කිරීමක්.,"අද වීඩියෝවෙන් අපි කතා කරන්නේ gazette නිවේදනය ගැනයි. මෙහිදී source ලෙස සඳහන් කරන්නේ අදාළ දිනය සහ බලපෑම යන්නයි. video එක පුරාම ප්‍රධාන අවධානය නව නියමයන් මතම තියෙනවා. මෙය external fact check එකක් නොව title, description සහ transcript එක එකිනෙකට ගැළපෙනවාද කියලා බලන උදාහරණයක්. වැදගත්ම දෙය නම් claim එකට transcript එක තුළ ප්‍රමාණවත් support තියෙනවාද කියලා පරීක්ෂා කිරීමයි.",Government,False,Inconsistent,weak_support,Transcript mentions the topic but does not support the main promised claim.,true,SYN00345,SYN00355,0.049,0.133,0.158,synthetic-government-synneg00134,new,,
SYNNEG00144,SYNNEG00144,https://synthetic.local/watch?v=SYNNEG00144,රජයේ allowance ගැන ලොකු වෙනසක්? සම්පූර්ණ update මෙන්න,රජයේ allowance සම්බන්ධ official අයදුම් ක්‍රමය සහ ලැබිය යුතු පවුල් කාණ්ඩ ගැන සිංහල පැහැදිලි කිරීමක්.,"මේ update එකේ ප්‍රධාන කරුණ රජයේ allowance සම්බන්ධයෙන් ලැබුණු තොරතුරුයි. මෙහිදී source ලෙස සඳහන් කරන්නේ ලැබිය යුතු පවුල් කාණ්ඩ යන්නයි. video එක පුරාම ප්‍රධාන අවධානය official අයදුම් ක්‍රමය මතම තියෙනවා. මෙය external fact check එකක් නොව title, description සහ transcript එක එකිනෙකට ගැළපෙනවාද කියලා බලන උදාහරණයක්. වැදගත්ම දෙය නම් claim එකට transcript එක තුළ ප්‍රමාණවත් support තියෙනවාද කියලා පරීක්ෂා කිරීමයි.",Government,False,Inconsistent,weak_support,Transcript mentions the topic but does not support the main promised claim.,true,SYN00445,SYN00455,0.062,0.169,0.136,synthetic-government-synneg00144,new,,
SYNNEG00350,SYNNEG00350,https://synthetic.local/watch?v=SYNNEG00350,වී වගාව ගැන official update - පොහොර සහනාධාරය,වී වගාව සම්බන්ධ පොහොර සහනාධාරය සහ කෘෂිකර්ම නිලධාරීන්ගේ උපදෙස් ගැන සිංහල පැහැදිලි කිරීමක්.,"ගොඩක් අය අහන ප්‍රශ්නයක් වන තේ වගාව ගැන මෙහි පැහැදිලි කරනවා. අවසානයේ viewers ලාට නිල update බලලා තීරණ ගන්න කියනවා. නව රෝග පාලන ක්‍රම ගැන කථිකයා පියවරෙන් පියවර පැහැදිලි කරයි. මෙය external fact check එකක් නොව title, description සහ transcript එක එකිනෙකට ගැළපෙනවාද කියලා බලන උදාහරණයක්. වැදගත්ම දෙය නම් claim එකට transcript එක තුළ ප්‍රමාණවත් support තියෙනවාද කියලා පරීක්ෂා කිරීමයි.",Agriculture,False,Inconsistent,same_topic_swap,Same-topic hard negative: metadata and transcript are from different synthetic videos.,true,SYN00001,SYN00011,0.079,0.058,0.312,synthetic-agriculture-synneg00350,new,,
SYN00301,SYN00301,https://synthetic.local/watch?v=SYN00301,එළවළු මිල ගැන official update - වෙළඳපොළ update,එළවළු මිල සම්බන්ධ වෙළඳපොළ update සහ කොළඹ සහ දඹුල්ල මිල වෙනස්වීම් ගැන සිංහල පැහැදිලි කිරීමක්.,"මේ update එකේ ප්‍රධාන කරුණ එළවළු මිල සම්බන්ධයෙන් ලැබුණු තොරතුරුයි. මෙහිදී source ලෙස සඳහන් කරන්නේ කොළඹ සහ දඹුල්ල මිල වෙනස්වීම් යන්නයි. video එක පුරාම ප්‍රධාන අවධානය වෙළඳපොළ update මතම තියෙනවා. මෙය external fact check එකක් නොව title, description සහ transcript එක එකිනෙකට ගැළපෙනවාද කියලා බලන උදාහරණයක්. වැදගත්ම දෙය නම් claim එකට transcript එක තුළ ප්‍රමාණවත් support තියෙනවාද කියලා පරීක්ෂා කිරීමයි.",Agriculture,Not False,Consistent,consistent,"Title, description, and transcript discuss the same subject and supported detail.",false,SYN00301,SYN00301,0.086,0.148,0.400,synthetic-agriculture-syn00301,new,,
SYNNEG00066,SYNNEG00066,https://synthetic.local/watch?v=SYNNEG00066,100% තහවුරුයි! පාර්ලිමේන්තු විවාදය ගැන official තීරණය එළියට,පාර්ලිමේන්තු විවාදය සම්බන්ධ අද තීරණය සහ මන්ත්‍රීවරුන්ගේ අදහස් ගැන සිංහල පැහැදිලි කිරීමක්.,"ගොඩක් අය අහන ප්‍රශ්නයක් වන පාර්ලිමේන්තු විවාදය ගැන මෙහි පැහැදිලි කරනවා. අවසානයේ viewers ලාට නිල update බලලා තීරණ ගන්න කියනවා. අද තීරණය ගැන කථිකයා පියවරෙන් පියවර පැහැදිලි කරයි. මෙය external fact check එකක් නොව title, description සහ transcript එක එකිනෙකට ගැළපෙනවාද කියලා බලන උදාහරණයක්. වැදගත්ම දෙය නම් claim එකට transcript එක තුළ ප්‍රමාණවත් support තියෙනවාද කියලා පරීක්ෂා කිරීමයි.",Politics,False,Inconsistent,title_transcript_mismatch,Title makes a stronger promise than the transcript supports.,true,SYN00167,SYN00177,0.083,0.111,0.235,synthetic-politics-synneg00066,new,,
SYN00081,SYN00081,https://synthetic.local/watch?v=SYN00081,වී වගාව ගැන official update - පොහොර සහනාධාරය,වී වගාව සම්බන්ධ පොහොර සහනාධාරය සහ කෘෂිකර්ම නිලධාරීන්ගේ උපදෙස් ගැන සිංහල පැහැදිලි කිරීමක්.,"අද වීඩියෝවෙන් අපි කතා කරන්නේ වී වගාව ගැනයි. මෙහිදී source ලෙස සඳහන් කරන්නේ කෘෂිකර්ම නිලධාරීන්ගේ උපදෙස් යන්නයි. video එක පුරාම ප්‍රධාන අවධානය පොහොර සහනාධාරය මතම තියෙනවා. මෙය external fact check එකක් නොව title, description සහ transcript එක එකිනෙකට ගැළපෙනවාද කියලා බලන උදාහරණයක්. වැදගත්ම දෙය නම් claim එකට transcript එක තුළ ප්‍රමාණවත් support තියෙනවාද කියලා පරීක්ෂා කිරීමයි.",Agriculture,Not False,Consistent,consistent,"Title, description, and transcript discuss the same subject and supported detail.",false,SYN00081,SYN00081,0.068,0.133,0.312,synthetic-agriculture-syn00081,new,,
SYN00388,SYN00388,https://synthetic.local/watch?v=SYN00388,පුණ්‍ය කටයුතු ගැන official update - උත්සව සංවිධානය,පුණ්‍ය කටයුතු සම්බන්ධ උත්සව සංවිධානය සහ ප්‍රදේශවාසීන්ට උපදෙස් ගැන සිංහල පැහැදිලි කිරීමක්.,"මේ update එකේ ප්‍රධාන කරුණ පුණ්‍ය කටයුතු සම්බන්ධයෙන් ලැබුණු තොරතුරුයි. උත්සව සංවිධානය ගැන කථිකයා පියවරෙන් පියවර පැහැදිලි කරයි. මෙහිදී source ලෙස සඳහන් කරන්නේ ප්‍රදේශවාසීන්ට උපදෙස් යන්නයි. මෙය external fact check එකක් නොව title, description සහ transcript එක එකිනෙකට ගැළපෙනවාද කියලා බලන උදාහරණයක්. වැදගත්ම දෙය නම් claim එකට transcript එක තුළ ප්‍රමාණවත් support තියෙනවාද කියලා පරීක්ෂා කිරීමයි.",Religion,Not False,Consistent,consistent,"Title, description, and transcript discuss the same subject and supported detail.",false,SYN00388,SYN00388,0.121,0.167,0.312,synthetic-religion-syn00388,new,,
SYN00128,SYN00128,https://synthetic.local/watch?v=SYN00128,පොහොය වැඩසටහන ගැන official update - පන්සල් කාලසටහන,පොහොය වැඩසටහන සම්බන්ධ පන්සල් කාලසටහන සහ දායකයින්ට දැනුම්දීම ගැන සිංහල පැහැදිලි කිරීමක්.,"ගොඩක් අය අහන ප්‍රශ්නයක් වන පොහොය වැඩසටහන ගැන මෙහි පැහැදිලි කරනවා. පන්සල් කාලසටහන ගැන කථිකයා පියවරෙන් පියවර පැහැදිලි කරයි. මෙහිදී source ලෙස සඳහන් කරන්නේ දායකයින්ට දැනුම්දීම යන්නයි. මෙය external fact check එකක් නොව title, description සහ transcript එක එකිනෙකට ගැළපෙනවාද කියලා බලන උදාහරණයක්. වැදගත්ම දෙය නම් claim එකට transcript එක තුළ ප්‍රමාණවත් support තියෙනවාද කියලා පරීක්ෂා කිරීමයි.",Religion,Not False,Consistent,consistent,"Title, description, and transcript discuss the same subject and supported detail.",false,SYN00128,SYN00128,0.085,0.153,0.333,synthetic-religion-syn00128,new,,
SYNNEG00050,SYNNEG00050,https://synthetic.local/watch?v=SYNNEG00050,වී වගාව ගැන official update - පොහොර සහනාධාරය,වී වගාව සම්බන්ධ පොහොර සහනාධාරය සහ කෘෂිකර්ම නිලධාරීන්ගේ උපදෙස් ගැන සිංහල පැහැදිලි කිරීමක්.,"ගොඩක් අය අහන ප්‍රශ්නයක් වන තේ වගාව ගැන මෙහි පැහැදිලි කරනවා. අවසානයේ viewers ලාට නිල update බලලා තීරණ ගන්න කියනවා. නව රෝග පාලන ක්‍රම ගැන කථිකයා පියවරෙන් පියවර පැහැදිලි කරයි. මෙය external fact check එකක් නොව title, description සහ transcript එක එකිනෙකට ගැළපෙනවාද කියලා බලන උදාහරණයක්. වැදගත්ම දෙය නම් claim එකට transcript එක තුළ ප්‍රමාණවත් support තියෙනවාද කියලා පරීක්ෂා කිරීමයි.",Agriculture,False,Inconsistent,same_topic_swap,Same-topic hard negative: metadata and transcript are from different synthetic videos.,true,SYN00001,SYN00011,0.079,0.058,0.312,synthetic-agriculture-synneg00050,new,,
SYN00471,SYN00471,https://synthetic.local/watch?v=SYN00471,ජල සැපයුම ගැන official update - ගොවිබිම් සඳහා කාලසටහන,ජල සැපයුම සම්බන්ධ ගොවිබිම් සඳහා කාලසටහන සහ ප්‍රදේශ අනුව ලබාදෙන ජල මුර ගැන සිංහල පැහැදිලි කිරීමක්.,"අද වීඩියෝවෙන් අපි කතා කරන්නේ ජල සැපයුම ගැනයි. අවසානයේ viewers ලාට නිල update බලලා තීරණ ගන්න කියනවා. ගොවිබිම් සඳහා කාලසටහන ගැන කථිකයා පියවරෙන් පියවර පැහැදිලි කරයි. මෙය external fact check එකක් නොව title, description සහ transcript එක එකිනෙකට ගැළපෙනවාද කියලා බලන උදාහරණයක්. වැදගත්ම දෙය නම් claim එකට transcript එක තුළ ප්‍රමාණවත් support තියෙනවාද කියලා පරීක්ෂා කිරීමයි.",Agriculture,Not False,Consistent,consistent,"Title, description, and transcript discuss the same subject and supported detail.",false,SYN00471,SYN00471,0.158,0.141,0.316,synthetic-agriculture-syn00471,new,,
SYNNEG00248,SYNNEG00248,https://synthetic.local/watch?v=SYNNEG00248,දැන්ම බලන්න! mobile app නිසා ලංකාවම කම්පා වෙයි,මෙම video එක 100% තහවුරු වූ breaking news එකක් කියලා overclaim කරයි.,"අද වීඩියෝවෙන් අපි කතා කරන්නේ mobile app ගැනයි. මෙහිදී source ලෙස සඳහන් කරන්නේ දත්ත ආරක්ෂාව ගැන පැහැදිලි කිරීම යන්නයි. video එක පුරාම ප්‍රධාන අවධානය privacy update මතම තියෙනවා. මෙය external fact check එකක් නොව title, description සහ transcript එක එකිනෙකට ගැළපෙනවාද කියලා බලන උදාහරණයක්. වැදගත්ම දෙය නම් claim එකට transcript එක තුළ ප්‍රමාණවත් support තියෙනවාද කියලා පරීක්ෂා කිරීමයි.",Technology,False,Inconsistent,clickbait_overclaim,Metadata overclaims certainty while transcript is only a general discussion.,true,SYN00489,SYN00499,0.032,0.062,0.000,synthetic-technology-synneg00248,new,,
SYN00045,SYN00045,https://synthetic.local/watch?v=SYN00045,රජයේ allowance ගැන official update - official අයදුම් ක්‍රමය,රජයේ allowance සම්බන්ධ official අයදුම් ක්‍රමය සහ ලැබිය යුතු පවුල් කාණ්ඩ ගැන සිංහල පැහැදිලි කිරීමක්.,"අද වීඩියෝවෙන් අපි කතා කරන්නේ රජයේ allowance ගැනයි. මෙහිදී source ලෙස සඳහන් කරන්නේ ලැබිය යුතු පවුල් කාණ්ඩ යන්නයි. video එක පුරාම ප්‍රධාන අවධානය official අයදුම් ක්‍රමය මතම තියෙනවා. මෙය external fact check එකක් නොව title, description සහ transcript එක එකිනෙකට ගැළපෙනවාද කියලා බලන උදාහරණයක්. වැදගත්ම දෙය නම් claim එකට transcript එක තුළ ප්‍රමාණවත් support තියෙනවාද කියලා පරීක්ෂා කිරීමයි.",Government,Not False,Consistent,consistent,"Title, description, and transcript discuss the same subject and supported detail.",false,SYN00045,SYN00045,0.098,0.175,0.389,synthetic-government-syn00045,new,,
SYNNEG00327,SYNNEG00327,https://synthetic.local/watch?v=SYNNEG00327,ආගමික උත්සවය ගැන official update - ගමනාගමන සැලැස්ම,"ආගමික උත්සවය ගැන සියලු official ලේඛන, නම් ලැයිස්තු, දිනයන් සහ රහස් තොරතුරු transcript එකේ සම්පූර්ණයෙන් ඇති බව කියයි.","ගොඩක් අය අහන ප්‍රශ්නයක් වන ආගමික උත්සවය ගැන මෙහි පැහැදිලි කරනවා. video එක පුරාම ප්‍රධාන අවධානය ගමනාගමන සැලැස්ම මතම තියෙනවා. අවසානයේ viewers ලාට නිල update බලලා තීරණ ගන්න කියනවා. මෙය external fact check එකක් නොව title, description සහ transcript එක එකිනෙකට ගැළපෙනවාද කියලා බලන උදාහරණයක්. වැදගත්ම දෙය නම් claim එකට transcript එක තුළ ප්‍රමාණවත් support තියෙනවාද කියලා පරීක්ෂා කිරීමයි.",Religion,False,Inconsistent,description_transcript_mismatch,Description promises detailed evidence that the transcript does not contain.,true,SYN00278,SYN00288,0.136,0.100,0.182,synthetic-religion-synneg00327,new,,
SYN00271,SYN00271,https://synthetic.local/watch?v=SYN00271,ජල සැපයුම ගැන official update - ගොවිබිම් සඳහා කාලසටහන,ජල සැපයුම සම්බන්ධ ගොවිබිම් සඳහා කාලසටහන සහ ප්‍රදේශ අනුව ලබාදෙන ජල මුර ගැන සිංහල පැහැදිලි කිරීමක්.,"මේ update එකේ ප්‍රධාන කරුණ ජල සැපයුම සම්බන්ධයෙන් ලැබුණු තොරතුරුයි. අවසානයේ viewers ලාට නිල update බලලා තීරණ ගන්න කියනවා. ගොවිබිම් සඳහා කාලසටහන ගැන කථිකයා පියවරෙන් පියවර පැහැදිලි කරයි. මෙය external fact check එකක් නොව title, description සහ transcript එක එකිනෙකට ගැළපෙනවාද කියලා බලන උදාහරණයක්. වැදගත්ම දෙය නම් claim එකට transcript එක තුළ ප්‍රමාණවත් support තියෙනවාද කියලා පරීක්ෂා කිරීමයි.",Agriculture,Not False,Consistent,consistent,"Title, description, and transcript discuss the same subject and supported detail.",false,SYN00271,SYN00271,0.158,0.141,0.316,synthetic-agriculture-syn00271,new,,
SYNNEG00119,SYNNEG00119,https://synthetic.local/watch?v=SYNNEG00119,උෂ්ණත්වය ගැන හදිසි warning එකක්ද? අද තත්ත්වය,උෂ්ණත්වය සම්බන්ධ අද දවසේ වෙනස්වීම් සහ සෞඛ්‍ය උපදෙස් ගැන සිංහල පැහැදිලි කිරීමක්.,"ගොඩක් අය අහන ප්‍රශ්නයක් වන උෂ්ණත්වය ගැන මෙහි පැහැදිලි කරනවා. අද දවසේ වෙනස්වීම් ගැන කථිකයා පියවරෙන් පියවර පැහැදිලි කරයි. මෙහිදී source ලෙස සඳහන් කරන්නේ සෞඛ්‍ය උපදෙස් යන්නයි. මෙය external fact check එකක් නොව title, description සහ transcript එක එකිනෙකට ගැළපෙනවාද කියලා බලන උදාහරණයක්. වැදගත්ම දෙය නම් claim එකට transcript එක තුළ ප්‍රමාණවත් support තියෙනවාද කියලා පරීක්ෂා කිරීමයි.",Weather,False,Inconsistent,weak_support,Transcript mentions the topic but does not support the main promised claim.,true,SYN00200,SYN00210,0.049,0.153,0.176,synthetic-weather-synneg00119,new,,
SYN00353,SYN00353,https://synthetic.local/watch?v=SYN00353,viral වීඩියෝව ගැන official update - සමාජ මාධ්‍ය ප්‍රතිචාර,viral වීඩියෝව සම්බන්ධ සමාජ මාධ්‍ය ප්‍රතිචාර සහ කලාකරුවන්ගේ අදහස් ගැන සිංහල පැහැදිලි කිරීමක්.,"ගොඩක් අය අහන ප්‍රශ්නයක් වන viral වීඩියෝව ගැන මෙහි පැහැදිලි කරනවා. මෙහිදී source ලෙස සඳහන් කරන්නේ කලාකරුවන්ගේ අදහස් යන්නයි. video එක පුරාම ප්‍රධාන අවධානය සමාජ මාධ්‍ය ප්‍රතිචාර මතම තියෙනවා. මෙය external fact check එකක් නොව title, description සහ transcript එක එකිනෙකට ගැළපෙනවාද කියලා බලන උදාහරණයක්. වැදගත්ම දෙය නම් claim එකට transcript එක තුළ ප්‍රමාණවත් support තියෙනවාද කියලා පරීක්ෂා කිරීමයි.",Entertainment,Not False,Consistent,consistent,"Title, description, and transcript discuss the same subject and supported detail.",false,SYN00353,SYN00353,0.113,0.177,0.412,synthetic-entertainment-syn00353,new,,
SYNNEG00368,SYNNEG00368,https://synthetic.local/watch?v=SYNNEG00368,දැන්ම බලන්න! Facebook account නිසා ලංකාවම කම්පා වෙයි,මෙම video එක 100% තහවුරු වූ breaking news එකක් කියලා overclaim කරයි.,"අද වීඩියෝවෙන් අපි කතා කරන්නේ Facebook account ගැනයි. මෙහිදී source ලෙස සඳහන් කරන්නේ password ආරක්ෂාව යන්නයි. video එක පුරාම ප්‍රධාන අවධානය security warning මතම තියෙනවා. මෙය external fact check එකක් නොව title, description සහ transcript එක එකිනෙකට ගැළපෙනවාද කියලා බලන උදාහරණයක්. වැදගත්ම දෙය නම් claim එකට transcript එක තුළ ප්‍රමාණවත් support තියෙනවාද කියලා පරීක්ෂා කිරීමයි.",Technology,False,Inconsistent,clickbait_overclaim,Metadata overclaims certainty while transcript is only a general discussion.,true,SYN00189,SYN00199,0.033,0.063,0.000,synthetic-technology-synneg00368,new,,
SYN00368,SYN00368,https://synthetic.local/watch?v=SYN00368,පොහොය වැඩසටහන ගැන official update - පන්සල් කාලසටහන,පොහොය වැඩසටහන සම්බන්ධ පන්සල් කාලසටහන සහ දායකයින්ට දැනුම්දීම ගැන සිංහල පැහැදිලි කිරීමක්.,"ගොඩක් අය අහන ප්‍රශ්නයක් වන පොහොය වැඩසටහන ගැන මෙහි පැහැදිලි කරනවා. පන්සල් කාලසටහන ගැන කථිකයා පියවරෙන් පියවර පැහැදිලි කරයි. මෙහිදී source ලෙස සඳහන් කරන්නේ දායකයින්ට දැනුම්දීම යන්නයි. මෙය external fact check එකක් නොව title, description සහ transcript එක එකිනෙකට ගැළපෙනවාද කියලා බලන උදාහරණයක්. වැදගත්ම දෙය නම් claim එකට transcript එක තුළ ප්‍රමාණවත් support තියෙනවාද කියලා පරීක්ෂා කිරීමයි.",Religion,Not False,Consistent,consistent,"Title, description, and transcript discuss the same subject and supported detail.",false,SYN00368,SYN00368,0.085,0.153,0.333,synthetic-religion-syn00368,new,,
SYN00100,SYN00100,https://synthetic.local/watch?v=SYN00100,සුළි කුණාටු අවදානම ගැන official update - official forecast,සුළි කුණාටු අවදානම සම්බන්ධ official forecast සහ මුහුදු ප්‍රදේශ අනතුරු ඇඟවීම ගැන සිංහල පැහැදිලි කිරීමක්.,"මේ update එකේ ප්‍රධාන කරුණ සුළි කුණාටු අවදානම සම්බන්ධයෙන් ලැබුණු තොරතුරුයි. official forecast ගැන කථිකයා පියවරෙන් පියවර පැහැදිලි කරයි. මෙහිදී source ලෙස සඳහන් කරන්නේ මුහුදු ප්‍රදේශ අනතුරු ඇඟවීම යන්නයි. මෙය external fact check එකක් නොව title, description සහ transcript එක එකිනෙකට ගැළපෙනවාද කියලා බලන උදාහරණයක්. වැදගත්ම දෙය නම් claim එකට transcript එක තුළ ප්‍රමාණවත් support තියෙනවාද කියලා පරීක්ෂා කිරීමයි.",Weather,Not False,Consistent,consistent,"Title, description, and transcript discuss the same subject and supported detail.",false,SYN00100,SYN00100,0.133,0.206,0.333,synthetic-weather-syn00100,new,,
SYN00390,SYN00390,https://synthetic.local/watch?v=SYN00390,ගංවතුර තත්ත්වය ගැන official update - ජල මට්ටම් update,ගංවතුර තත්ත්වය සම්බන්ධ ජල මට්ටම් update සහ ආපදා කළමනාකරණ උපදෙස් ගැන සිංහල පැහැදිලි කිරීමක්.,"අද වීඩියෝවෙන් අපි කතා කරන්නේ ගංවතුර තත්ත්වය ගැනයි. video එක පුරාම ප්‍රධාන අවධානය ජල මට්ටම් update මතම තියෙනවා. අවසානයේ viewers ලාට නිල update බලලා තීරණ ගන්න කියනවා. මෙය external fact check එකක් නොව title, description සහ transcript එක එකිනෙකට ගැළපෙනවාද කියලා බලන උදාහරණයක්. වැදගත්ම දෙය නම් claim එකට transcript එක තුළ ප්‍රමාණවත් support තියෙනවාද කියලා පරීක්ෂා කිරීමයි.",Weather,Not False,Consistent,consistent,"Title, description, and transcript discuss the same subject and supported detail.",false,SYN00390,SYN00390,0.123,0.109,0.438,synthetic-weather-syn00390,new,,
SYN00095,SYN00095,https://synthetic.local/watch?v=SYN00095,passport සේවාව ගැන official update - online booking update,passport සේවාව සම්බන්ධ online booking update සහ කාර්යාල වේලාවන් ගැන සිංහල පැහැදිලි කිරීමක්.,"ගොඩක් අය අහන ප්‍රශ්නයක් වන passport සේවාව ගැන මෙහි පැහැදිලි කරනවා. අවසානයේ viewers ලාට නිල update බලලා තීරණ ගන්න කියනවා. online booking update ගැන කථිකයා පියවරෙන් පියවර පැහැදිලි කරයි. මෙය external fact check එකක් නොව title, description සහ transcript එක එකිනෙකට ගැළපෙනවාද කියලා බලන උදාහරණයක්. වැදගත්ම දෙය නම් claim එකට transcript එක තුළ ප්‍රමාණවත් support තියෙනවාද කියලා පරීක්ෂා කිරීමයි.",Government,Not False,Consistent,consistent,"Title, description, and transcript discuss the same subject and supported detail.",false,SYN00095,SYN00095,0.140,0.145,0.467,synthetic-government-syn00095,new,,
SYNNEG00491,SYNNEG00491,https://synthetic.local/watch?v=SYNNEG00491,ඔවුන් මේක සඟවනවා! පාසල් නිවාඩු ගැන සම්පූර්ණ ඇත්ත,පාසල් නිවාඩු සම්බන්ධ කාලසටහන් වෙනස්වීම සහ අධ්‍යාපන අමාත්‍යාංශ update ගැන සිංහල පැහැදිලි කිරීමක්.,"මේ update එකේ ප්‍රධාන කරුණ පාසල් නිවාඩු සම්බන්ධයෙන් ලැබුණු තොරතුරුයි. කාලසටහන් වෙනස්වීම ගැන කථිකයා පියවරෙන් පියවර පැහැදිලි කරයි. මෙහිදී source ලෙස සඳහන් කරන්නේ අධ්‍යාපන අමාත්‍යාංශ update යන්නයි. මෙය external fact check එකක් නොව title, description සහ transcript එක එකිනෙකට ගැළපෙනවාද කියලා බලන උදාහරණයක්. වැදගත්ම දෙය නම් claim එකට transcript එක තුළ ප්‍රමාණවත් support තියෙනවාද කියලා පරීක්ෂා කිරීමයි.",Education,False,Inconsistent,title_transcript_mismatch,Title makes a stronger promise than the transcript supports.,true,SYN00412,SYN00422,0.047,0.210,0.143,synthetic-education-synneg00491,new,,
SYN00345,SYN00345,https://synthetic.local/watch?v=SYN00345,gazette නිවේදනය ගැන official update - නව නියමයන්,gazette නිවේදනය සම්බන්ධ නව නියමයන් සහ අදාළ දිනය සහ බලපෑම ගැන සිංහල පැහැදිලි කිරීමක්.,"අද වීඩියෝවෙන් අපි කතා කරන්නේ gazette නිවේදනය ගැනයි. මෙහිදී source ලෙස සඳහන් කරන්නේ අදාළ දිනය සහ බලපෑම යන්නයි. video එක පුරාම ප්‍රධාන අවධානය නව නියමයන් මතම තියෙනවා. මෙය external fact check එකක් නොව title, description සහ transcript එක එකිනෙකට ගැළපෙනවාද කියලා බලන උදාහරණයක්. වැදගත්ම දෙය නම් claim එකට transcript එක තුළ ප්‍රමාණවත් support තියෙනවාද කියලා පරීක්ෂා කිරීමයි.",Government,Not False,Consistent,consistent,"Title, description, and transcript discuss the same subject and supported detail.",false,SYN00345,SYN00345,0.068,0.133,0.312,synthetic-government-syn00345,new,,
SYNNEG00282,SYNNEG00282,https://synthetic.local/watch?v=SYNNEG00282,නව චිත්‍රපටය ගැන official update - release දිනය,"නව චිත්‍රපටය ගැන සියලු official ලේඛන, නම් ලැයිස්තු, දිනයන් සහ රහස් තොරතුරු transcript එකේ සම්පූර්ණයෙන් ඇති බව කියයි.","ගොඩක් අය අහන ප්‍රශ්නයක් වන නව චිත්‍රපටය ගැන මෙහි පැහැදිලි කරනවා. අවසානයේ viewers ලාට නිල update බලලා තීරණ ගන්න කියනවා. release දිනය ගැන කථිකයා පියවරෙන් පියවර පැහැදිලි කරයි. මෙය external fact check එකක් නොව title, description සහ transcript එක එකිනෙකට ගැළපෙනවාද කියලා බලන උදාහරණයක්. වැදගත්ම දෙය නම් claim එකට transcript එක තුළ ප්‍රමාණවත් support තියෙනවාද කියලා පරීක්ෂා කිරීමයි.",Entertainment,False,Inconsistent,description_transcript_mismatch,Description promises detailed evidence that the transcript does not contain.,true,SYN00323,SYN00333,0.155,0.116,0.217,synthetic-entertainment-synneg00282,new,,
SYN00221,SYN00221,https://synthetic.local/watch?v=SYN00221,එළවළු මිල ගැන official update - වෙළඳපොළ update,එළවළු මිල සම්බන්ධ වෙළඳපොළ update සහ කොළඹ සහ දඹුල්ල මිල වෙනස්වීම් ගැන සිංහල පැහැදිලි කිරීමක්.,"ගොඩක් අය අහන ප්‍රශ්නයක් වන එළවළු මිල ගැන මෙහි පැහැදිලි කරනවා. මෙහිදී source ලෙස සඳහන් කරන්නේ කොළඹ සහ දඹුල්ල මිල වෙනස්වීම් යන්නයි. video එක පුරාම ප්‍රධාන අවධානය වෙළඳපොළ update මතම තියෙනවා. මෙය external fact check එකක් නොව title, description සහ transcript එක එකිනෙකට ගැළපෙනවාද කියලා බලන උදාහරණයක්. වැදගත්ම දෙය නම් claim එකට transcript එක තුළ ප්‍රමාණවත් support තියෙනවාද කියලා පරීක්ෂා කිරීමයි.",Agriculture,Not False,Consistent,consistent,"Title, description, and transcript discuss the same subject and supported detail.",false,SYN00221,SYN00221,0.098,0.175,0.400,synthetic-agriculture-syn00221,new,,
SYN00160,SYN00160,https://synthetic.local/watch?v=SYN00160,උෂ්ණත්වය ගැන official update - අද දවසේ වෙනස්වීම්,උෂ්ණත්වය සම්බන්ධ අද දවසේ වෙනස්වීම් සහ සෞඛ්‍ය උපදෙස් ගැන සිංහල පැහැදිලි කිරීමක්.,"මේ update එකේ ප්‍රධාන කරුණ උෂ්ණත්වය සම්බන්ධයෙන් ලැබුණු තොරතුරුයි. අද දවසේ වෙනස්වීම් ගැන කථිකයා පියවරෙන් පියවර පැහැදිලි කරයි. මෙහිදී source ලෙස සඳහන් කරන්නේ සෞඛ්‍ය උපදෙස් යන්නයි. මෙය external fact check එකක් නොව title, description සහ transcript එක එකිනෙකට ගැළපෙනවාද කියලා බලන උදාහරණයක්. වැදගත්ම දෙය නම් claim එකට transcript එක තුළ ප්‍රමාණවත් support තියෙනවාද කියලා පරීක්ෂා කිරීමයි.",Weather,Not False,Consistent,consistent,"Title, description, and transcript discuss the same subject and supported detail.",false,SYN00160,SYN00160,0.121,0.150,0.333,synthetic-weather-syn00160,new,,
SYNNEG00465,SYNNEG00465,https://synthetic.local/watch?v=SYNNEG00465,medicine shortage ගැන official update - රෝහල් තත්ත්වය,medicine shortage සම්බන්ධ රෝහල් තත්ත්වය සහ නිල සැපයුම් update ගැන සිංහල පැහැදිලි කිරීමක්.,"මේ update එකේ ප්‍රධාන කරුණ vaccine update සම්බන්ධයෙන් ලැබුණු තොරතුරුයි. video එක පුරාම ප්‍රධාන අවධානය රෝහල් ලබාදෙන දිනය මතම තියෙනවා. අවසානයේ viewers ලාට නිල update බලලා තීරණ ගන්න කියනවා. මෙය external fact check එකක් නොව title, description සහ transcript එක එකිනෙකට ගැළපෙනවාද කියලා බලන උදාහරණයක්. වැදගත්ම දෙය නම් claim එකට transcript එක තුළ ප්‍රමාණවත් support තියෙනවාද කියලා පරීක්ෂා කිරීමයි.",Health,False,Inconsistent,same_topic_swap,Same-topic hard negative: metadata and transcript are from different synthetic videos.,true,SYN00156,SYN00166,0.068,0.078,0.571,synthetic-health-synneg00465,new,,
SYN00349,SYN00349,https://synthetic.local/watch?v=SYN00349,Facebook account ගැන official update - security warning,Facebook account සම්බන්ධ security warning සහ password ආරක්ෂාව ගැන සිංහල පැහැදිලි කිරීමක්.,"මේ update එකේ ප්‍රධාන කරුණ Facebook account සම්බන්ධයෙන් ලැබුණු තොරතුරුයි. මෙහිදී source ලෙස සඳහන් කරන්නේ password ආරක්ෂාව යන්නයි. video එක පුරාම ප්‍රධාන අවධානය security warning මතම තියෙනවා. මෙය external fact check එකක් නොව title, description සහ transcript එක එකිනෙකට ගැළපෙනවාද කියලා බලන උදාහරණයක්. වැදගත්ම දෙය නම් claim එකට transcript එක තුළ ප්‍රමාණවත් support තියෙනවාද කියලා පරීක්ෂා කිරීමයි.",Technology,Not False,Consistent,consistent,"Title, description, and transcript discuss the same subject and supported detail.",false,SYN00349,SYN00349,0.119,0.129,0.375,synthetic-technology-syn00349,new,,
SYNNEG00484,SYNNEG00484,https://synthetic.local/watch?v=SYNNEG00484,gazette නිවේදනය සම්බන්ධ නව තීරණයක්ද? ජනතාව අහන ප්‍රශ්න,gazette නිවේදනය සම්බන්ධ නව නියමයන් සහ අදාළ දිනය සහ බලපෑම ගැන සිංහල පැහැදිලි කිරීමක්.,"අද වීඩියෝවෙන් අපි කතා කරන්නේ gazette නිවේදනය ගැනයි. මෙහිදී source ලෙස සඳහන් කරන්නේ අදාළ දිනය සහ බලපෑම යන්නයි. video එක පුරාම ප්‍රධාන අවධානය නව නියමයන් මතම තියෙනවා. මෙය external fact check එකක් නොව title, description සහ transcript එක එකිනෙකට ගැළපෙනවාද කියලා බලන උදාහරණයක්. වැදගත්ම දෙය නම් claim එකට transcript එක තුළ ප්‍රමාණවත් support තියෙනවාද කියලා පරීක්ෂා කිරීමයි.",Government,False,Inconsistent,weak_support,Transcript mentions the topic but does not support the main promised claim.,true,SYN00345,SYN00355,0.067,0.133,0.222,synthetic-government-synneg00484,new,,
SYNNEG00215,SYNNEG00215,https://synthetic.local/watch?v=SYNNEG00215,medicine shortage ගැන official update - රෝහල් තත්ත්වය,medicine shortage සම්බන්ධ රෝහල් තත්ත්වය සහ නිල සැපයුම් update ගැන සිංහල පැහැදිලි කිරීමක්.,"මේ update එකේ ප්‍රධාන කරුණ vaccine update සම්බන්ධයෙන් ලැබුණු තොරතුරුයි. video එක පුරාම ප්‍රධාන අවධානය රෝහල් ලබාදෙන දිනය මතම තියෙනවා. අවසානයේ viewers ලාට නිල update බලලා තීරණ ගන්න කියනවා. මෙය external fact check එකක් නොව title, description සහ transcript එක එකිනෙකට ගැළපෙනවාද කියලා බලන උදාහරණයක්. වැදගත්ම දෙය නම් claim එකට transcript එක තුළ ප්‍රමාණවත් support තියෙනවාද කියලා පරීක්ෂා කිරීමයි.",Health,False,Inconsistent,same_topic_swap,Same-topic hard negative: metadata and transcript are from different synthetic videos.,true,SYN00156,SYN00166,0.068,0.078,0.571,synthetic-health-synneg00215,new,,
SYN00164,SYN00164,https://synthetic.local/watch?v=SYN00164,බැංකු loan ගැන official update - පොලී අනුපාත update,බැංකු loan සම්බන්ධ පොලී අනුපාත update සහ අයදුම් කිරීමේ කොන්දේසි ගැන සිංහල පැහැදිලි කිරීමක්.,"ගොඩක් අය අහන ප්‍රශ්නයක් වන බැංකු loan ගැන මෙහි පැහැදිලි කරනවා. පොලී අනුපාත update ගැන කථිකයා පියවරෙන් පියවර පැහැදිලි කරයි. මෙහිදී source ලෙස සඳහන් කරන්නේ අයදුම් කිරීමේ කොන්දේසි යන්නයි. මෙය external fact check එකක් නොව title, description සහ transcript එක එකිනෙකට ගැළපෙනවාද කියලා බලන උදාහරණයක්. වැදගත්ම දෙය නම් claim එකට transcript එක තුළ ප්‍රමාණවත් support තියෙනවාද කියලා පරීක්ෂා කිරීමයි.",Finance,Not False,Consistent,consistent,"Title, description, and transcript discuss the same subject and supported detail.",false,SYN00164,SYN00164,0.117,0.194,0.438,synthetic-finance-syn00164,new,,
SYNNEG00326,SYNNEG00326,https://synthetic.local/watch?v=SYNNEG00326,100% තහවුරුයි! අමාත්‍ය මණ්ඩලය ගැන official තීරණය එළියට,අමාත්‍ය මණ්ඩලය සම්බන්ධ නව තීරණ සහ මාධ්‍ය හමුවේ විස්තර ගැන සිංහල පැහැදිලි කිරීමක්.,"අද වීඩියෝවෙන් අපි කතා කරන්නේ අමාත්‍ය මණ්ඩලය ගැනයි. අවසානයේ viewers ලාට නිල update බලලා තීරණ ගන්න කියනවා. නව තීරණ ගැන කථිකයා පියවරෙන් පියවර පැහැදිලි කරයි. මෙය external fact check එකක් නොව title, description සහ transcript එක එකිනෙකට ගැළපෙනවාද කියලා බලන උදාහරණයක්. වැදගත්ම දෙය නම් claim එකට transcript එක තුළ ප්‍රමාණවත් support තියෙනවාද කියලා පරීක්ෂා කිරීමයි.",Politics,False,Inconsistent,title_transcript_mismatch,Title makes a stronger promise than the transcript supports.,true,SYN00267,SYN00277,0.068,0.115,0.167,synthetic-politics-synneg00326,new,,
SYNNEG00278,SYNNEG00278,https://synthetic.local/watch?v=SYNNEG00278,ඔවුන් මේක සඟවනවා! mobile app ගැන සම්පූර්ණ ඇත්ත,මෙම video එක 100% තහවුරු වූ breaking news එකක් කියලා overclaim කරයි.,"මේ update එකේ ප්‍රධාන කරුණ mobile app සම්බන්ධයෙන් ලැබුණු තොරතුරුයි. මෙහිදී source ලෙස සඳහන් කරන්නේ දත්ත ආරක්ෂාව ගැන පැහැදිලි කිරීම යන්නයි. video එක පුරාම ප්‍රධාන අවධානය privacy update මතම තියෙනවා. මෙය external fact check එකක් නොව title, description සහ transcript එක එකිනෙකට ගැළපෙනවාද කියලා බලන උදාහරණයක්. වැදගත්ම දෙය නම් claim එකට transcript එක තුළ ප්‍රමාණවත් support තියෙනවාද කියලා පරීක්ෂා කිරීමයි.",Technology,False,Inconsistent,clickbait_overclaim,Metadata overclaims certainty while transcript is only a general discussion.,true,SYN00289,SYN00299,0.048,0.062,0.000,synthetic-technology-synneg00278,new,,
SYN00007,SYN00007,https://synthetic.local/watch?v=SYN00007,පාර්ලිමේන්තු විවාදය ගැන official update - අද තීරණය,පාර්ලිමේන්තු විවාදය සම්බන්ධ අද තීරණය සහ මන්ත්‍රීවරුන්ගේ අදහස් ගැන සිංහල පැහැදිලි කිරීමක්.,"මේ update එකේ ප්‍රධාන කරුණ පාර්ලිමේන්තු විවාදය සම්බන්ධයෙන් ලැබුණු තොරතුරුයි. අවසානයේ viewers ලාට නිල update බලලා තීරණ ගන්න කියනවා. අද තීරණය ගැන කථිකයා පියවරෙන් පියවර පැහැදිලි කරයි. මෙය external fact check එකක් නොව title, description සහ transcript එක එකිනෙකට ගැළපෙනවාද කියලා බලන උදාහරණයක්. වැදගත්ම දෙය නම් claim එකට transcript එක තුළ ප්‍රමාණවත් support තියෙනවාද කියලා පරීක්ෂා කිරීමයි.",Politics,Not False,Consistent,consistent,"Title, description, and transcript discuss the same subject and supported detail.",false,SYN00007,SYN00007,0.143,0.113,0.312,synthetic-politics-syn00007,new,,
SYNNEG00391,SYNNEG00391,https://synthetic.local/watch?v=SYNNEG00391,ඔවුන් මේක සඟවනවා! පාසල් නිවාඩු ගැන සම්පූර්ණ ඇත්ත,පාසල් නිවාඩු සම්බන්ධ කාලසටහන් වෙනස්වීම සහ අධ්‍යාපන අමාත්‍යාංශ update ගැන සිංහල පැහැදිලි කිරීමක්.,"මේ update එකේ ප්‍රධාන කරුණ පාසල් නිවාඩු සම්බන්ධයෙන් ලැබුණු තොරතුරුයි. කාලසටහන් වෙනස්වීම ගැන කථිකයා පියවරෙන් පියවර පැහැදිලි කරයි. මෙහිදී source ලෙස සඳහන් කරන්නේ අධ්‍යාපන අමාත්‍යාංශ update යන්නයි. මෙය external fact check එකක් නොව title, description සහ transcript එක එකිනෙකට ගැළපෙනවාද කියලා බලන උදාහරණයක්. වැදගත්ම දෙය නම් claim එකට transcript එක තුළ ප්‍රමාණවත් support තියෙනවාද කියලා පරීක්ෂා කිරීමයි.",Education,False,Inconsistent,title_transcript_mismatch,Title makes a stronger promise than the transcript supports.,true,SYN00412,SYN00422,0.047,0.210,0.143,synthetic-education-synneg00391,new,,
SYNNEG00329,SYNNEG00329,https://synthetic.local/watch?v=SYNNEG00329,සුළි කුණාටු අවදානම ගැන හදිසි warning එකක්ද? අද තත්ත්වය,සුළි කුණාටු අවදානම සම්බන්ධ official forecast සහ මුහුදු ප්‍රදේශ අනතුරු ඇඟවීම ගැන සිංහල පැහැදිලි කිරීමක්.,"අද වීඩියෝවෙන් අපි කතා කරන්නේ සුළි කුණාටු අවදානම ගැනයි. official forecast ගැන කථිකයා පියවරෙන් පියවර පැහැදිලි කරයි. මෙහිදී source ලෙස සඳහන් කරන්නේ මුහුදු ප්‍රදේශ අනතුරු ඇඟවීම යන්නයි. මෙය external fact check එකක් නොව title, description සහ transcript එක එකිනෙකට ගැළපෙනවාද කියලා බලන උදාහරණයක්. වැදගත්ම දෙය නම් claim එකට transcript එක තුළ ප්‍රමාණවත් support තියෙනවාද කියලා පරීක්ෂා කිරීමයි.",Weather,False,Inconsistent,weak_support,Transcript mentions the topic but does not support the main promised claim.,true,SYN00300,SYN00310,0.117,0.217,0.300,synthetic-weather-synneg00329,new,,
SYN00285,SYN00285,https://synthetic.local/watch?v=SYN00285,රජයේ allowance ගැන official update - official අයදුම් ක්‍රමය,රජයේ allowance සම්බන්ධ official අයදුම් ක්‍රමය සහ ලැබිය යුතු පවුල් කාණ්ඩ ගැන සිංහල පැහැදිලි කිරීමක්.,"අද වීඩියෝවෙන් අපි කතා කරන්නේ රජයේ allowance ගැනයි. මෙහිදී source ලෙස සඳහන් කරන්නේ ලැබිය යුතු පවුල් කාණ්ඩ යන්නයි. video එක පුරාම ප්‍රධාන අවධානය official අයදුම් ක්‍රමය මතම තියෙනවා. මෙය external fact check එකක් නොව title, description සහ transcript එක එකිනෙකට ගැළපෙනවාද කියලා බලන උදාහරණයක්. වැදගත්ම දෙය නම් claim එකට transcript එක තුළ ප්‍රමාණවත් support තියෙනවාද කියලා පරීක්ෂා කිරීමයි.",Government,Not False,Consistent,consistent,"Title, description, and transcript discuss the same subject and supported detail.",false,SYN00285,SYN00285,0.098,0.175,0.389,synthetic-government-syn00285,new,,
SYNNEG00104,SYNNEG00104,https://synthetic.local/watch?v=SYNNEG00104,රජයේ allowance ගැන හදිසි warning එකක්ද? අද තත්ත්වය,රජයේ allowance සම්බන්ධ official අයදුම් ක්‍රමය සහ ලැබිය යුතු පවුල් කාණ්ඩ ගැන සිංහල පැහැදිලි කිරීමක්.,"අද වීඩියෝවෙන් අපි කතා කරන්නේ රජයේ allowance ගැනයි. මෙහිදී source ලෙස සඳහන් කරන්නේ ලැබිය යුතු පවුල් කාණ්ඩ යන්නයි. video එක පුරාම ප්‍රධාන අවධානය official අයදුම් ක්‍රමය මතම තියෙනවා. මෙය external fact check එකක් නොව title, description සහ transcript එක එකිනෙකට ගැළපෙනවාද කියලා බලන උදාහරණයක්. වැදගත්ම දෙය නම් claim එකට transcript එක තුළ ප්‍රමාණවත් support තියෙනවාද කියලා පරීක්ෂා කිරීමයි.",Government,False,Inconsistent,weak_support,Transcript mentions the topic but does not support the main promised claim.,true,SYN00045,SYN00055,0.047,0.175,0.136,synthetic-government-synneg00104,new,,
SYN00460,SYN00460,https://synthetic.local/watch?v=SYN00460,සුළි කුණාටු අවදානම ගැන official update - official forecast,සුළි කුණාටු අවදානම සම්බන්ධ official forecast සහ මුහුදු ප්‍රදේශ අනතුරු ඇඟවීම ගැන සිංහල පැහැදිලි කිරීමක්.,"මේ update එකේ ප්‍රධාන කරුණ සුළි කුණාටු අවදානම සම්බන්ධයෙන් ලැබුණු තොරතුරුයි. official forecast ගැන කථිකයා පියවරෙන් පියවර පැහැදිලි කරයි. මෙහිදී source ලෙස සඳහන් කරන්නේ මුහුදු ප්‍රදේශ අනතුරු ඇඟවීම යන්නයි. මෙය external fact check එකක් නොව title, description සහ transcript එක එකිනෙකට ගැළපෙනවාද කියලා බලන උදාහරණයක්. වැදගත්ම දෙය නම් claim එකට transcript එක තුළ ප්‍රමාණවත් support තියෙනවාද කියලා පරීක්ෂා කිරීමයි.",Weather,Not False,Consistent,consistent,"Title, description, and transcript discuss the same subject and supported detail.",false,SYN00460,SYN00460,0.133,0.206,0.333,synthetic-weather-syn00460,new,,
SYN00226,SYN00226,https://synthetic.local/watch?v=SYN00226,උණ රෝගය ගැන official update - ලක්ෂණ සහ ප්‍රතිකාර,උණ රෝගය සම්බන්ධ ලක්ෂණ සහ ප්‍රතිකාර සහ සෞඛ්‍ය අංශ අනතුරු ඇඟවීම ගැන සිංහල පැහැදිලි කිරීමක්.,"මේ update එකේ ප්‍රධාන කරුණ උණ රෝගය සම්බන්ධයෙන් ලැබුණු තොරතුරුයි. video එක පුරාම ප්‍රධාන අවධානය ලක්ෂණ සහ ප්‍රතිකාර මතම තියෙනවා. අවසානයේ viewers ලාට නිල update බලලා තීරණ ගන්න කියනවා. මෙය external fact check එකක් නොව title, description සහ transcript එක එකිනෙකට ගැළපෙනවාද කියලා බලන උදාහරණයක්. වැදගත්ම දෙය නම් claim එකට transcript එක තුළ ප්‍රමාණවත් support තියෙනවාද කියලා පරීක්ෂා කිරීමයි.",Health,Not False,Consistent,consistent,"Title, description, and transcript discuss the same subject and supported detail.",false,SYN00226,SYN00226,0.161,0.094,0.389,synthetic-health-syn00226,new,,
SYN00430,SYN00430,https://synthetic.local/watch?v=SYN00430,ගංවතුර තත්ත්වය ගැන official update - ජල මට්ටම් update,ගංවතුර තත්ත්වය සම්බන්ධ ජල මට්ටම් update සහ ආපදා කළමනාකරණ උපදෙස් ගැන සිංහල පැහැදිලි කිරීමක්.,"මේ update එකේ ප්‍රධාන කරුණ ගංවතුර තත්ත්වය සම්බන්ධයෙන් ලැබුණු තොරතුරුයි. video එක පුරාම ප්‍රධාන අවධානය ජල මට්ටම් update මතම තියෙනවා. අවසානයේ viewers ලාට නිල update බලලා තීරණ ගන්න කියනවා. මෙය external fact check එකක් නොව title, description සහ transcript එක එකිනෙකට ගැළපෙනවාද කියලා බලන උදාහරණයක්. වැදගත්ම දෙය නම් claim එකට transcript එක තුළ ප්‍රමාණවත් support තියෙනවාද කියලා පරීක්ෂා කිරීමයි.",Weather,Not False,Consistent,consistent,"Title, description, and transcript discuss the same subject and supported detail.",false,SYN00430,SYN00430,0.125,0.111,0.438,synthetic-weather-syn00430,new,,
SYNNEG00487,SYNNEG00487,https://synthetic.local/watch?v=SYNNEG00487,ධර්ම දේශනාව ගැන official update - සජීවී වැඩසටහන,"ධර්ම දේශනාව ගැන සියලු official ලේඛන, නම් ලැයිස්තු, දිනයන් සහ රහස් තොරතුරු transcript එකේ සම්පූර්ණයෙන් ඇති බව කියයි.","අද වීඩියෝවෙන් අපි කතා කරන්නේ ධර්ම දේශනාව ගැනයි. video එක පුරාම ප්‍රධාන අවධානය සජීවී වැඩසටහන මතම තියෙනවා. අවසානයේ viewers ලාට නිල update බලලා තීරණ ගන්න කියනවා. මෙය external fact check එකක් නොව title, description සහ transcript එක එකිනෙකට ගැළපෙනවාද කියලා බලන උදාහරණයක්. වැදගත්ම දෙය නම් claim එකට transcript එක තුළ ප්‍රමාණවත් support තියෙනවාද කියලා පරීක්ෂා කිරීමයි.",Religion,False,Inconsistent,description_transcript_mismatch,Description promises detailed evidence that the transcript does not contain.,true,SYN00378,SYN00388,0.123,0.088,0.182,synthetic-religion-synneg00487,new,,
SYNNEG00219,SYNNEG00219,https://synthetic.local/watch?v=SYNNEG00219,උෂ්ණත්වය ගැන ලොකු වෙනසක්? සම්පූර්ණ update මෙන්න,උෂ්ණත්වය සම්බන්ධ අද දවසේ වෙනස්වීම් සහ සෞඛ්‍ය උපදෙස් ගැන සිංහල පැහැදිලි කිරීමක්.,"ගොඩක් අය අහන ප්‍රශ්නයක් වන උෂ්ණත්වය ගැන මෙහි පැහැදිලි කරනවා. අද දවසේ වෙනස්වීම් ගැන කථිකයා පියවරෙන් පියවර පැහැදිලි කරයි. මෙහිදී source ලෙස සඳහන් කරන්නේ සෞඛ්‍ය උපදෙස් යන්නයි. මෙය external fact check එකක් නොව title, description සහ transcript එක එකිනෙකට ගැළපෙනවාද කියලා බලන උදාහරණයක්. වැදගත්ම දෙය නම් claim එකට transcript එක තුළ ප්‍රමාණවත් support තියෙනවාද කියලා පරීක්ෂා කිරීමයි.",Weather,False,Inconsistent,weak_support,Transcript mentions the topic but does not support the main promised claim.,true,SYN00200,SYN00210,0.032,0.153,0.111,synthetic-weather-synneg00219,new,,
SYNNEG00166,SYNNEG00166,https://synthetic.local/watch?v=SYNNEG00166,100% තහවුරුයි! පාර්ලිමේන්තු විවාදය ගැන official තීරණය එළියට,පාර්ලිමේන්තු විවාදය සම්බන්ධ අද තීරණය සහ මන්ත්‍රීවරුන්ගේ අදහස් ගැන සිංහල පැහැදිලි කිරීමක්.,"ගොඩක් අය අහන ප්‍රශ්නයක් වන පාර්ලිමේන්තු විවාදය ගැන මෙහි පැහැදිලි කරනවා. අවසානයේ viewers ලාට නිල update බලලා තීරණ ගන්න කියනවා. අද තීරණය ගැන කථිකයා පියවරෙන් පියවර පැහැදිලි කරයි. මෙය external fact check එකක් නොව title, description සහ transcript එක එකිනෙකට ගැළපෙනවාද කියලා බලන උදාහරණයක්. වැදගත්ම දෙය නම් claim එකට transcript එක තුළ ප්‍රමාණවත් support තියෙනවාද කියලා පරීක්ෂා කිරීමයි.",Politics,False,Inconsistent,title_transcript_mismatch,Title makes a stronger promise than the transcript supports.,true,SYN00167,SYN00177,0.083,0.111,0.235,synthetic-politics-synneg00166,new,,
SYNNEG00234,SYNNEG00234,https://synthetic.local/watch?v=SYNNEG00234,gazette නිවේදනය ගැන ලොකු වෙනසක්? සම්පූර්ණ update මෙන්න,gazette නිවේදනය සම්බන්ධ නව නියමයන් සහ අදාළ දිනය සහ බලපෑම ගැන සිංහල පැහැදිලි කිරීමක්.,"අද වීඩියෝවෙන් අපි කතා කරන්නේ gazette නිවේදනය ගැනයි. මෙහිදී source ලෙස සඳහන් කරන්නේ අදාළ දිනය සහ බලපෑම යන්නයි. video එක පුරාම ප්‍රධාන අවධානය නව නියමයන් මතම තියෙනවා. මෙය external fact check එකක් නොව title, description සහ transcript එක එකිනෙකට ගැළපෙනවාද කියලා බලන උදාහරණයක්. වැදගත්ම දෙය නම් claim එකට transcript එක තුළ ප්‍රමාණවත් support තියෙනවාද කියලා පරීක්ෂා කිරීමයි.",Government,False,Inconsistent,weak_support,Transcript mentions the topic but does not support the main promised claim.,true,SYN00345,SYN00355,0.032,0.133,0.158,synthetic-government-synneg00234,new,,
SYN00204,SYN00204,https://synthetic.local/watch?v=SYN00204,බැංකු loan ගැන official update - පොලී අනුපාත update,බැංකු loan සම්බන්ධ පොලී අනුපාත update සහ අයදුම් කිරීමේ කොන්දේසි ගැන සිංහල පැහැදිලි කිරීමක්.,"අද වීඩියෝවෙන් අපි කතා කරන්නේ බැංකු loan ගැනයි. පොලී අනුපාත update ගැන කථිකයා පියවරෙන් පියවර පැහැදිලි කරයි. මෙහිදී source ලෙස සඳහන් කරන්නේ අයදුම් කිරීමේ කොන්දේසි යන්නයි. මෙය external fact check එකක් නොව title, description සහ transcript එක එකිනෙකට ගැළපෙනවාද කියලා බලන උදාහරණයක්. වැදගත්ම දෙය නම් claim එකට transcript එක තුළ ප්‍රමාණවත් support තියෙනවාද කියලා පරීක්ෂා කිරීමයි.",Finance,Not False,Consistent,consistent,"Title, description, and transcript discuss the same subject and supported detail.",false,SYN00204,SYN00204,0.121,0.200,0.438,synthetic-finance-syn00204,new,,
SYNNEG00075,SYNNEG00075,https://synthetic.local/watch?v=SYNNEG00075,දියවැඩියාව ගැන official update - ආහාර පාලන ක්‍රම,දියවැඩියාව සම්බන්ධ ආහාර පාලන ක්‍රම සහ doctor පැහැදිලි කිරීම ගැන සිංහල පැහැදිලි කිරීමක්.,"ගොඩක් අය අහන ප්‍රශ්නයක් වන උණ රෝගය ගැන මෙහි පැහැදිලි කරනවා. video එක පුරාම ප්‍රධාන අවධානය ලක්ෂණ සහ ප්‍රතිකාර මතම තියෙනවා. අවසානයේ viewers ලාට නිල update බලලා තීරණ ගන්න කියනවා. මෙය external fact check එකක් නොව title, description සහ transcript එක එකිනෙකට ගැළපෙනවාද කියලා බලන උදාහරණයක්. වැදගත්ම දෙය නම් claim එකට transcript එක තුළ ප්‍රමාණවත් support තියෙනවාද කියලා පරීක්ෂා කිරීමයි.",Health,False,Inconsistent,same_topic_swap,Same-topic hard negative: metadata and transcript are from different synthetic videos.,true,SYN00256,SYN00266,0.062,0.058,0.438,synthetic-health-synneg00075,new,,
SYN00028,SYN00028,https://synthetic.local/watch?v=SYN00028,පුණ්‍ය කටයුතු ගැන official update - උත්සව සංවිධානය,පුණ්‍ය කටයුතු සම්බන්ධ උත්සව සංවිධානය සහ ප්‍රදේශවාසීන්ට උපදෙස් ගැන සිංහල පැහැදිලි කිරීමක්.,"මේ update එකේ ප්‍රධාන කරුණ පුණ්‍ය කටයුතු සම්බන්ධයෙන් ලැබුණු තොරතුරුයි. උත්සව සංවිධානය ගැන කථිකයා පියවරෙන් පියවර පැහැදිලි කරයි. මෙහිදී source ලෙස සඳහන් කරන්නේ ප්‍රදේශවාසීන්ට උපදෙස් යන්නයි. මෙය external fact check එකක් නොව title, description සහ transcript එක එකිනෙකට ගැළපෙනවාද කියලා බලන උදාහරණයක්. වැදගත්ම දෙය නම් claim එකට transcript එක තුළ ප්‍රමාණවත් support තියෙනවාද කියලා පරීක්ෂා කිරීමයි.",Religion,Not False,Consistent,consistent,"Title, description, and transcript discuss the same subject and supported detail.",false,SYN00028,SYN00028,0.121,0.167,0.312,synthetic-religion-syn00028,new,,
SYNNEG00117,SYNNEG00117,https://synthetic.local/watch?v=SYNNEG00117,ධර්ම දේශනාව ගැන official update - සජීවී වැඩසටහන,"ධර්ම දේශනාව ගැන සියලු official ලේඛන, නම් ලැයිස්තු, දිනයන් සහ රහස් තොරතුරු transcript එකේ සම්පූර්ණයෙන් ඇති බව කියයි.","මේ update එකේ ප්‍රධාන කරුණ ධර්ම දේශනාව සම්බන්ධයෙන් ලැබුණු තොරතුරුයි. video එක පුරාම ප්‍රධාන අවධානය සජීවී වැඩසටහන මතම තියෙනවා. අවසානයේ viewers ලාට නිල update බලලා තීරණ ගන්න කියනවා. මෙය external fact check එකක් නොව title, description සහ transcript එක එකිනෙකට ගැළපෙනවාද කියලා බලන උදාහරණයක්. වැදගත්ම දෙය නම් claim එකට transcript එක තුළ ප්‍රමාණවත් support තියෙනවාද කියලා පරීක්ෂා කිරීමයි.",Religion,False,Inconsistent,description_transcript_mismatch,Description promises detailed evidence that the transcript does not contain.,true,SYN00178,SYN00188,0.125,0.106,0.182,synthetic-religion-synneg00117,new,,
SYNNEG00018,SYNNEG00018,https://synthetic.local/watch?v=SYNNEG00018,ඔවුන් මේක සඟවනවා! Facebook account ගැන සම්පූර්ණ ඇත්ත,මෙම video එක 100% තහවුරු වූ breaking news එකක් කියලා overclaim කරයි.,"අද වීඩියෝවෙන් අපි කතා කරන්නේ Facebook account ගැනයි. මෙහිදී source ලෙස සඳහන් කරන්නේ password ආරක්ෂාව යන්නයි. video එක පුරාම ප්‍රධාන අවධානය security warning මතම තියෙනවා. මෙය external fact check එකක් නොව title, description සහ transcript එක එකිනෙකට ගැළපෙනවාද කියලා බලන උදාහරණයක්. වැදගත්ම දෙය නම් claim එකට transcript එක තුළ ප්‍රමාණවත් support තියෙනවාද කියලා පරීක්ෂා කිරීමයි.",Technology,False,Inconsistent,clickbait_overclaim,Metadata overclaims certainty while transcript is only a general discussion.,true,SYN00189,SYN00199,0.033,0.063,0.000,synthetic-technology-synneg00018,new,,
SYN00239,SYN00239,https://synthetic.local/watch?v=SYN00239,data package ගැන official update - නව මිල,data package සම්බන්ධ නව මිල සහ telecom company update ගැන සිංහල පැහැදිලි කිරීමක්.,"ගොඩක් අය අහන ප්‍රශ්නයක් වන data package ගැන මෙහි පැහැදිලි කරනවා. අවසානයේ viewers ලාට නිල update බලලා තීරණ ගන්න කියනවා. නව මිල ගැන කථිකයා පියවරෙන් පියවර පැහැදිලි කරයි. මෙය external fact check එකක් නොව title, description සහ transcript එක එකිනෙකට ගැළපෙනවාද කියලා බලන උදාහරණයක්. වැදගත්ම දෙය නම් claim එකට transcript එක තුළ ප්‍රමාණවත් support තියෙනවාද කියලා පරීක්ෂා කිරීමයි.",Technology,Not False,Consistent,consistent,"Title, description, and transcript discuss the same subject and supported detail.",false,SYN00239,SYN00239,0.140,0.145,0.467,synthetic-technology-syn00239,new,,
SYN00224,SYN00224,https://synthetic.local/watch?v=SYN00224,crypto investment ගැන official update - අවදානම් සහ වාසි,crypto investment සම්බන්ධ අවදානම් සහ වාසි සහ මුදල් උපදේශකගේ පැහැදිලි කිරීම ගැන සිංහල පැහැදිලි කිරීමක්.,"ගොඩක් අය අහන ප්‍රශ්නයක් වන crypto investment ගැන මෙහි පැහැදිලි කරනවා. අවදානම් සහ වාසි ගැන කථිකයා පියවරෙන් පියවර පැහැදිලි කරයි. මෙහිදී source ලෙස සඳහන් කරන්නේ මුදල් උපදේශකගේ පැහැදිලි කිරීම යන්නයි. මෙය external fact check එකක් නොව title, description සහ transcript එක එකිනෙකට ගැළපෙනවාද කියලා බලන උදාහරණයක්. වැදගත්ම දෙය නම් claim එකට transcript එක තුළ ප්‍රමාණවත් support තියෙනවාද කියලා පරීක්ෂා කිරීමයි.",Finance,Not False,Consistent,consistent,"Title, description, and transcript discuss the same subject and supported detail.",false,SYN00224,SYN00224,0.133,0.180,0.500,synthetic-finance-syn00224,new,,
SYN00096,SYN00096,https://synthetic.local/watch?v=SYN00096,දියවැඩියාව ගැන official update - ආහාර පාලන ක්‍රම,දියවැඩියාව සම්බන්ධ ආහාර පාලන ක්‍රම සහ doctor පැහැදිලි කිරීම ගැන සිංහල පැහැදිලි කිරීමක්.,"අද වීඩියෝවෙන් අපි කතා කරන්නේ දියවැඩියාව ගැනයි. ආහාර පාලන ක්‍රම ගැන කථිකයා පියවරෙන් පියවර පැහැදිලි කරයි. මෙහිදී source ලෙස සඳහන් කරන්නේ doctor පැහැදිලි කිරීම යන්නයි. මෙය external fact check එකක් නොව title, description සහ transcript එක එකිනෙකට ගැළපෙනවාද කියලා බලන උදාහරණයක්. වැදගත්ම දෙය නම් claim එකට transcript එක තුළ ප්‍රමාණවත් support තියෙනවාද කියලා පරීක්ෂා කිරීමයි.",Health,Not False,Consistent,consistent,"Title, description, and transcript discuss the same subject and supported detail.",false,SYN00096,SYN00096,0.121,0.186,0.438,synthetic-health-syn00096,new,,
SYN00031,SYN00031,https://synthetic.local/watch?v=SYN00031,ජල සැපයුම ගැන official update - ගොවිබිම් සඳහා කාලසටහන,ජල සැපයුම සම්බන්ධ ගොවිබිම් සඳහා කාලසටහන සහ ප්‍රදේශ අනුව ලබාදෙන ජල මුර ගැන සිංහල පැහැදිලි කිරීමක්.,"මේ update එකේ ප්‍රධාන කරුණ ජල සැපයුම සම්බන්ධයෙන් ලැබුණු තොරතුරුයි. අවසානයේ viewers ලාට නිල update බලලා තීරණ ගන්න කියනවා. ගොවිබිම් සඳහා කාලසටහන ගැන කථිකයා පියවරෙන් පියවර පැහැදිලි කරයි. මෙය external fact check එකක් නොව title, description සහ transcript එක එකිනෙකට ගැළපෙනවාද කියලා බලන උදාහරණයක්. වැදගත්ම දෙය නම් claim එකට transcript එක තුළ ප්‍රමාණවත් support තියෙනවාද කියලා පරීක්ෂා කිරීමයි.",Agriculture,Not False,Consistent,consistent,"Title, description, and transcript discuss the same subject and supported detail.",false,SYN00031,SYN00031,0.158,0.141,0.316,synthetic-agriculture-syn00031,new,,
SYN00033,SYN00033,https://synthetic.local/watch?v=SYN00033,viral වීඩියෝව ගැන official update - සමාජ මාධ්‍ය ප්‍රතිචාර,viral වීඩියෝව සම්බන්ධ සමාජ මාධ්‍ය ප්‍රතිචාර සහ කලාකරුවන්ගේ අදහස් ගැන සිංහල පැහැදිලි කිරීමක්.,"අද වීඩියෝවෙන් අපි කතා කරන්නේ viral වීඩියෝව ගැනයි. මෙහිදී source ලෙස සඳහන් කරන්නේ කලාකරුවන්ගේ අදහස් යන්නයි. video එක පුරාම ප්‍රධාන අවධානය සමාජ මාධ්‍ය ප්‍රතිචාර මතම තියෙනවා. මෙය external fact check එකක් නොව title, description සහ transcript එක එකිනෙකට ගැළපෙනවාද කියලා බලන උදාහරණයක්. වැදගත්ම දෙය නම් claim එකට transcript එක තුළ ප්‍රමාණවත් support තියෙනවාද කියලා පරීක්ෂා කිරීමයි.",Entertainment,Not False,Consistent,consistent,"Title, description, and transcript discuss the same subject and supported detail.",false,SYN00033,SYN00033,0.102,0.150,0.412,synthetic-entertainment-syn00033,new,,
SYN00433,SYN00433,https://synthetic.local/watch?v=SYN00433,viral වීඩියෝව ගැන official update - සමාජ මාධ්‍ය ප්‍රතිචාර,viral වීඩියෝව සම්බන්ධ සමාජ මාධ්‍ය ප්‍රතිචාර සහ කලාකරුවන්ගේ අදහස් ගැන සිංහල පැහැදිලි කිරීමක්.,"මේ update එකේ ප්‍රධාන කරුණ viral වීඩියෝව සම්බන්ධයෙන් ලැබුණු තොරතුරුයි. මෙහිදී source ලෙස සඳහන් කරන්නේ කලාකරුවන්ගේ අදහස් යන්නයි. video එක පුරාම ප්‍රධාන අවධානය සමාජ මාධ්‍ය ප්‍රතිචාර මතම තියෙනවා. මෙය external fact check එකක් නොව title, description සහ transcript එක එකිනෙකට ගැළපෙනවාද කියලා බලන උදාහරණයක්. වැදගත්ම දෙය නම් claim එකට transcript එක තුළ ප්‍රමාණවත් support තියෙනවාද කියලා පරීක්ෂා කිරීමයි.",Entertainment,Not False,Consistent,consistent,"Title, description, and transcript discuss the same subject and supported detail.",false,SYN00433,SYN00433,0.136,0.145,0.412,synthetic-entertainment-syn00433,new,,
SYNNEG00105,SYNNEG00105,https://synthetic.local/watch?v=SYNNEG00105,දියවැඩියාව ගැන official update - ආහාර පාලන ක්‍රම,දියවැඩියාව සම්බන්ධ ආහාර පාලන ක්‍රම සහ doctor පැහැදිලි කිරීම ගැන සිංහල පැහැදිලි කිරීමක්.,"අද වීඩියෝවෙන් අපි කතා කරන්නේ උණ රෝගය ගැනයි. video එක පුරාම ප්‍රධාන අවධානය ලක්ෂණ සහ ප්‍රතිකාර මතම තියෙනවා. අවසානයේ viewers ලාට නිල update බලලා තීරණ ගන්න කියනවා. මෙය external fact check එකක් නොව title, description සහ transcript එක එකිනෙකට ගැළපෙනවාද කියලා බලන උදාහරණයක්. වැදගත්ම දෙය නම් claim එකට transcript එක තුළ ප්‍රමාණවත් support තියෙනවාද කියලා පරීක්ෂා කිරීමයි.",Health,False,Inconsistent,same_topic_swap,Same-topic hard negative: metadata and transcript are from different synthetic videos.,true,SYN00056,SYN00066,0.048,0.029,0.438,synthetic-health-synneg00105,new,,
SYN00090,SYN00090,https://synthetic.local/watch?v=SYN00090,වැසි තත්ත්වය ගැන official update - කාලගුණ warning,වැසි තත්ත්වය සම්බන්ධ කාලගුණ warning සහ දිස්ත්‍රික්ක අනුව අනාවැකි ගැන සිංහල පැහැදිලි කිරීමක්.,"අද වීඩියෝවෙන් අපි කතා කරන්නේ වැසි තත්ත්වය ගැනයි. video එක පුරාම ප්‍රධාන අවධානය කාලගුණ warning මතම තියෙනවා. අවසානයේ viewers ලාට නිල update බලලා තීරණ ගන්න කියනවා. මෙය external fact check එකක් නොව title, description සහ transcript එක එකිනෙකට ගැළපෙනවාද කියලා බලන උදාහරණයක්. වැදගත්ම දෙය නම් claim එකට transcript එක තුළ ප්‍රමාණවත් support තියෙනවාද කියලා පරීක්ෂා කිරීමයි.",Weather,Not False,Consistent,consistent,"Title, description, and transcript discuss the same subject and supported detail.",false,SYN00090,SYN00090,0.138,0.091,0.333,synthetic-weather-syn00090,new,,
SYNNEG00059,SYNNEG00059,https://synthetic.local/watch?v=SYNNEG00059,සුළි කුණාටු අවදානම ගැන හදිසි warning එකක්ද? අද තත්ත්වය,සුළි කුණාටු අවදානම සම්බන්ධ official forecast සහ මුහුදු ප්‍රදේශ අනතුරු ඇඟවීම ගැන සිංහල පැහැදිලි කිරීමක්.,"මේ update එකේ ප්‍රධාන කරුණ සුළි කුණාටු අවදානම සම්බන්ධයෙන් ලැබුණු තොරතුරුයි. official forecast ගැන කථිකයා පියවරෙන් පියවර පැහැදිලි කරයි. මෙහිදී source ලෙස සඳහන් කරන්නේ මුහුදු ප්‍රදේශ අනතුරු ඇඟවීම යන්නයි. මෙය external fact check එකක් නොව title, description සහ transcript එක එකිනෙකට ගැළපෙනවාද කියලා බලන උදාහරණයක්. වැදගත්ම දෙය නම් claim එකට transcript එක තුළ ප්‍රමාණවත් support තියෙනවාද කියලා පරීක්ෂා කිරීමයි.",Weather,False,Inconsistent,weak_support,Transcript mentions the topic but does not support the main promised claim.,true,SYN00100,SYN00110,0.094,0.206,0.300,synthetic-weather-synneg00059,new,,
SYNNEG00414,SYNNEG00414,https://synthetic.local/watch?v=SYNNEG00414,gazette නිවේදනය ගැන ලොකු වෙනසක්? සම්පූර්ණ update මෙන්න,gazette නිවේදනය සම්බන්ධ නව නියමයන් සහ අදාළ දිනය සහ බලපෑම ගැන සිංහල පැහැදිලි කිරීමක්.,"මේ update එකේ ප්‍රධාන කරුණ gazette නිවේදනය සම්බන්ධයෙන් ලැබුණු තොරතුරුයි. මෙහිදී source ලෙස සඳහන් කරන්නේ අදාළ දිනය සහ බලපෑම යන්නයි. video එක පුරාම ප්‍රධාන අවධානය නව නියමයන් මතම තියෙනවා. මෙය external fact check එකක් නොව title, description සහ transcript එක එකිනෙකට ගැළපෙනවාද කියලා බලන උදාහරණයක්. වැදගත්ම දෙය නම් claim එකට transcript එක තුළ ප්‍රමාණවත් support තියෙනවාද කියලා පරීක්ෂා කිරීමයි.",Government,False,Inconsistent,weak_support,Transcript mentions the topic but does not support the main promised claim.,true,SYN00145,SYN00155,0.065,0.129,0.158,synthetic-government-synneg00414,new,,
SYNNEG00259,SYNNEG00259,https://synthetic.local/watch?v=SYNNEG00259,සුළි කුණාටු අවදානම සම්බන්ධ නව තීරණයක්ද? ජනතාව අහන ප්‍රශ්න,සුළි කුණාටු අවදානම සම්බන්ධ official forecast සහ මුහුදු ප්‍රදේශ අනතුරු ඇඟවීම ගැන සිංහල පැහැදිලි කිරීමක්.,"මේ update එකේ ප්‍රධාන කරුණ සුළි කුණාටු අවදානම සම්බන්ධයෙන් ලැබුණු තොරතුරුයි. official forecast ගැන කථිකයා පියවරෙන් පියවර පැහැදිලි කරයි. මෙහිදී source ලෙස සඳහන් කරන්නේ මුහුදු ප්‍රදේශ අනතුරු ඇඟවීම යන්නයි. මෙය external fact check එකක් නොව title, description සහ transcript එක එකිනෙකට ගැළපෙනවාද කියලා බලන උදාහරණයක්. වැදගත්ම දෙය නම් claim එකට transcript එක තුළ ප්‍රමාණවත් support තියෙනවාද කියලා පරීක්ෂා කිරීමයි.",Weather,False,Inconsistent,weak_support,Transcript mentions the topic but does not support the main promised claim.,true,SYN00100,SYN00110,0.061,0.206,0.238,synthetic-weather-synneg00259,new,,
SYNNEG00193,SYNNEG00193,https://synthetic.local/watch?v=SYNNEG00193,100% තහවුරුයි! විදුලි බිල් සහනය ගැන official තීරණය එළියට,මෙම video එක 100% තහවුරු වූ breaking news එකක් කියලා overclaim කරයි.,"ගොඩක් අය අහන ප්‍රශ්නයක් වන විදුලි බිල් සහනය ගැන මෙහි පැහැදිලි කරනවා. video එක පුරාම ප්‍රධාන අවධානය ගෙවීම් ක්‍රම මතම තියෙනවා. අවසානයේ viewers ලාට නිල update බලලා තීරණ ගන්න කියනවා. මෙය external fact check එකක් නොව title, description සහ transcript එක එකිනෙකට ගැළපෙනවාද කියලා බලන උදාහරණයක්. වැදගත්ම දෙය නම් claim එකට transcript එක තුළ ප්‍රමාණවත් support තියෙනවාද කියලා පරීක්ෂා කිරීමයි.",Finance,False,Inconsistent,clickbait_overclaim,Metadata overclaims certainty while transcript is only a general discussion.,true,SYN00434,SYN00444,0.077,0.058,0.050,synthetic-finance-synneg00193,new,,
SYN00105,SYN00105,https://synthetic.local/watch?v=SYN00105,gazette නිවේදනය ගැන official update - නව නියමයන්,gazette නිවේදනය සම්බන්ධ නව නියමයන් සහ අදාළ දිනය සහ බලපෑම ගැන සිංහල පැහැදිලි කිරීමක්.,"අද වීඩියෝවෙන් අපි කතා කරන්නේ gazette නිවේදනය ගැනයි. මෙහිදී source ලෙස සඳහන් කරන්නේ අදාළ දිනය සහ බලපෑම යන්නයි. video එක පුරාම ප්‍රධාන අවධානය නව නියමයන් මතම තියෙනවා. මෙය external fact check එකක් නොව title, description සහ transcript එක එකිනෙකට ගැළපෙනවාද කියලා බලන උදාහරණයක්. වැදගත්ම දෙය නම් claim එකට transcript එක තුළ ප්‍රමාණවත් support තියෙනවාද කියලා පරීක්ෂා කිරීමයි.",Government,Not False,Consistent,consistent,"Title, description, and transcript discuss the same subject and supported detail.",false,SYN00105,SYN00105,0.068,0.133,0.312,synthetic-government-syn00105,new,,
SYNNEG00255,SYNNEG00255,https://synthetic.local/watch?v=SYNNEG00255,දියවැඩියාව ගැන official update - ආහාර පාලන ක්‍රම,දියවැඩියාව සම්බන්ධ ආහාර පාලන ක්‍රම සහ doctor පැහැදිලි කිරීම ගැන සිංහල පැහැදිලි කිරීමක්.,"අද වීඩියෝවෙන් අපි කතා කරන්නේ උණ රෝගය ගැනයි. video එක පුරාම ප්‍රධාන අවධානය ලක්ෂණ සහ ප්‍රතිකාර මතම තියෙනවා. අවසානයේ viewers ලාට නිල update බලලා තීරණ ගන්න කියනවා. මෙය external fact check එකක් නොව title, description සහ transcript එක එකිනෙකට ගැළපෙනවාද කියලා බලන උදාහරණයක්. වැදගත්ම දෙය නම් claim එකට transcript එක තුළ ප්‍රමාණවත් support තියෙනවාද කියලා පරීක්ෂා කිරීමයි.",Health,False,Inconsistent,same_topic_swap,Same-topic hard negative: metadata and transcript are from different synthetic videos.,true,SYN00056,SYN00066,0.048,0.029,0.438,synthetic-health-synneg00255,new,,
SYN00143,SYN00143,https://synthetic.local/watch?v=SYN00143,ටෙලි නාට්‍යය ගැන official update - අලුත් episode,ටෙලි නාට්‍යය සම්බන්ධ අලුත් episode සහ කතාවේ ඉදිරි වෙනස්කම් ගැන සිංහල පැහැදිලි කිරීමක්.,"ගොඩක් අය අහන ප්‍රශ්නයක් වන ටෙලි නාට්‍යය ගැන මෙහි පැහැදිලි කරනවා. අවසානයේ viewers ලාට නිල update බලලා තීරණ ගන්න කියනවා. අලුත් episode ගැන කථිකයා පියවරෙන් පියවර පැහැදිලි කරයි. මෙය external fact check එකක් නොව title, description සහ transcript එක එකිනෙකට ගැළපෙනවාද කියලා බලන උදාහරණයක්. වැදගත්ම දෙය නම් claim එකට transcript එක තුළ ප්‍රමාණවත් support තියෙනවාද කියලා පරීක්ෂා කිරීමයි.",Entertainment,Not False,Consistent,consistent,"Title, description, and transcript discuss the same subject and supported detail.",false,SYN00143,SYN00143,0.155,0.125,0.353,synthetic-entertainment-syn00143,new,,
SYN00229,SYN00229,https://synthetic.local/watch?v=SYN00229,Facebook account ගැන official update - security warning,Facebook account සම්බන්ධ security warning සහ password ආරක්ෂාව ගැන සිංහල පැහැදිලි කිරීමක්.,"මේ update එකේ ප්‍රධාන කරුණ Facebook account සම්බන්ධයෙන් ලැබුණු තොරතුරුයි. මෙහිදී source ලෙස සඳහන් කරන්නේ password ආරක්ෂාව යන්නයි. video එක පුරාම ප්‍රධාන අවධානය security warning මතම තියෙනවා. මෙය external fact check එකක් නොව title, description සහ transcript එක එකිනෙකට ගැළපෙනවාද කියලා බලන උදාහරණයක්. වැදගත්ම දෙය නම් claim එකට transcript එක තුළ ප්‍රමාණවත් support තියෙනවාද කියලා පරීක්ෂා කිරීමයි.",Technology,Not False,Consistent,consistent,"Title, description, and transcript discuss the same subject and supported detail.",false,SYN00229,SYN00229,0.119,0.129,0.375,synthetic-technology-syn00229,new,,
SYN00251,SYN00251,https://synthetic.local/watch?v=SYN00251,තේ වගාව ගැන official update - නව රෝග පාලන ක්‍රම,තේ වගාව සම්බන්ධ නව රෝග පාලන ක්‍රම සහ ගොවීන්ට ලබාදෙන උපදෙස් ගැන සිංහල පැහැදිලි කිරීමක්.,"ගොඩක් අය අහන ප්‍රශ්නයක් වන තේ වගාව ගැන මෙහි පැහැදිලි කරනවා. අවසානයේ viewers ලාට නිල update බලලා තීරණ ගන්න කියනවා. නව රෝග පාලන ක්‍රම ගැන කථිකයා පියවරෙන් පියවර පැහැදිලි කරයි. මෙය external fact check එකක් නොව title, description සහ transcript එක එකිනෙකට ගැළපෙනවාද කියලා බලන උදාහරණයක්. වැදගත්ම දෙය නම් claim එකට transcript එක තුළ ප්‍රමාණවත් support තියෙනවාද කියලා පරීක්ෂා කිරීමයි.",Agriculture,Not False,Consistent,consistent,"Title, description, and transcript discuss the same subject and supported detail.",false,SYN00251,SYN00251,0.183,0.152,0.421,synthetic-agriculture-syn00251,new,,
SYN00282,SYN00282,https://synthetic.local/watch?v=SYN00282,O/L exam ගැන official update - ප්‍රතිඵල නිකුත් කිරීම,O/L exam සම්බන්ධ ප්‍රතිඵල නිකුත් කිරීම සහ විභාග දෙපාර්තමේන්තුවේ නිවේදනය ගැන සිංහල පැහැදිලි කිරීමක්.,"අද වීඩියෝවෙන් අපි කතා කරන්නේ O/L exam ගැනයි. video එක පුරාම ප්‍රධාන අවධානය ප්‍රතිඵල නිකුත් කිරීම මතම තියෙනවා. අවසානයේ viewers ලාට නිල update බලලා තීරණ ගන්න කියනවා. මෙය external fact check එකක් නොව title, description සහ transcript එක එකිනෙකට ගැළපෙනවාද කියලා බලන උදාහරණයක්. වැදගත්ම දෙය නම් claim එකට transcript එක තුළ ප්‍රමාණවත් support තියෙනවාද කියලා පරීක්ෂා කිරීමයි.",Education,Not False,Consistent,consistent,"Title, description, and transcript discuss the same subject and supported detail.",false,SYN00282,SYN00282,0.125,0.095,0.375,synthetic-education-syn00282,new,,
SYNNEG00260,SYNNEG00260,https://synthetic.local/watch?v=SYNNEG00260,එළවළු මිල ගැන official update - වෙළඳපොළ update,එළවළු මිල සම්බන්ධ වෙළඳපොළ update සහ කොළඹ සහ දඹුල්ල මිල වෙනස්වීම් ගැන සිංහල පැහැදිලි කිරීමක්.,"අද වීඩියෝවෙන් අපි කතා කරන්නේ ජල සැපයුම ගැනයි. අවසානයේ viewers ලාට නිල update බලලා තීරණ ගන්න කියනවා. ගොවිබිම් සඳහා කාලසටහන ගැන කථිකයා පියවරෙන් පියවර පැහැදිලි කරයි. මෙය external fact check එකක් නොව title, description සහ transcript එක එකිනෙකට ගැළපෙනවාද කියලා බලන උදාහරණයක්. වැදගත්ම දෙය නම් claim එකට transcript එක තුළ ප්‍රමාණවත් support තියෙනවාද කියලා පරීක්ෂා කිරීමයි.",Agriculture,False,Inconsistent,same_topic_swap,Same-topic hard negative: metadata and transcript are from different synthetic videos.,true,SYN00101,SYN00111,0.067,0.076,0.400,synthetic-agriculture-synneg00260,new,,
SYN00026,SYN00026,https://synthetic.local/watch?v=SYN00026,උණ රෝගය ගැන official update - ලක්ෂණ සහ ප්‍රතිකාර,උණ රෝගය සම්බන්ධ ලක්ෂණ සහ ප්‍රතිකාර සහ සෞඛ්‍ය අංශ අනතුරු ඇඟවීම ගැන සිංහල පැහැදිලි කිරීමක්.,"ගොඩක් අය අහන ප්‍රශ්නයක් වන උණ රෝගය ගැන මෙහි පැහැදිලි කරනවා. video එක පුරාම ප්‍රධාන අවධානය ලක්ෂණ සහ ප්‍රතිකාර මතම තියෙනවා. අවසානයේ viewers ලාට නිල update බලලා තීරණ ගන්න කියනවා. මෙය external fact check එකක් නොව title, description සහ transcript එක එකිනෙකට ගැළපෙනවාද කියලා බලන උදාහරණයක්. වැදගත්ම දෙය නම් claim එකට transcript එක තුළ ප්‍රමාණවත් support තියෙනවාද කියලා පරීක්ෂා කිරීමයි.",Health,Not False,Consistent,consistent,"Title, description, and transcript discuss the same subject and supported detail.",false,SYN00026,SYN00026,0.169,0.121,0.389,synthetic-health-syn00026,new,,
SYN00115,SYN00115,https://synthetic.local/watch?v=SYN00115,රජයේ job ගැන official update - අයදුම්පත් කැඳවීම,රජයේ job සම්බන්ධ අයදුම්පත් කැඳවීම සහ සුදුසුකම් සහ අවසන් දිනය ගැන සිංහල පැහැදිලි කිරීමක්.,"මේ update එකේ ප්‍රධාන කරුණ රජයේ job සම්බන්ධයෙන් ලැබුණු තොරතුරුයි. අවසානයේ viewers ලාට නිල update බලලා තීරණ ගන්න කියනවා. අයදුම්පත් කැඳවීම ගැන කථිකයා පියවරෙන් පියවර පැහැදිලි කරයි. මෙය external fact check එකක් නොව title, description සහ transcript එක එකිනෙකට ගැළපෙනවාද කියලා බලන උදාහරණයක්. වැදගත්ම දෙය නම් claim එකට transcript එක තුළ ප්‍රමාණවත් support තියෙනවාද කියලා පරීක්ෂා කිරීමයි.",Government,Not False,Consistent,consistent,"Title, description, and transcript discuss the same subject and supported detail.",false,SYN00115,SYN00115,0.143,0.113,0.312,synthetic-government-syn00115,new,,
SYNNEG00155,SYNNEG00155,https://synthetic.local/watch?v=SYNNEG00155,දියවැඩියාව ගැන official update - ආහාර පාලන ක්‍රම,දියවැඩියාව සම්බන්ධ ආහාර පාලන ක්‍රම සහ doctor පැහැදිලි කිරීම ගැන සිංහල පැහැදිලි කිරීමක්.,"අද වීඩියෝවෙන් අපි කතා කරන්නේ උණ රෝගය ගැනයි. video එක පුරාම ප්‍රධාන අවධානය ලක්ෂණ සහ ප්‍රතිකාර මතම තියෙනවා. අවසානයේ viewers ලාට නිල update බලලා තීරණ ගන්න කියනවා. මෙය external fact check එකක් නොව title, description සහ transcript එක එකිනෙකට ගැළපෙනවාද කියලා බලන උදාහරණයක්. වැදගත්ම දෙය නම් claim එකට transcript එක තුළ ප්‍රමාණවත් support තියෙනවාද කියලා පරීක්ෂා කිරීමයි.",Health,False,Inconsistent,same_topic_swap,Same-topic hard negative: metadata and transcript are from different synthetic videos.,true,SYN00056,SYN00066,0.048,0.029,0.438,synthetic-health-synneg00155,new,,
